2026-05-11 20:54:33 | INFO     | engineer             | ======================================================================
2026-05-11 20:54:33 | INFO     | engineer             | DriftSentinel — Feature Engineer  [fit_transform on TRAIN]
2026-05-11 20:54:33 | INFO     | engineer             | ======================================================================
2026-05-11 20:54:33 | INFO     | engineer             | Input shape  : (63492, 42)
2026-05-11 20:54:33 | INFO     | engineer             | Existing FE_ columns: 0
2026-05-11 20:54:33 | INFO     | engineer             | --------------------------------------------------
2026-05-11 20:54:33 | INFO     | engineer             | Group A: Utilization Intensity
2026-05-11 20:54:33 | INFO     | engineer             |   FE_total_clinical_contacts : time + procedures + labs
2026-05-11 20:54:33 | INFO     | engineer             |   FE_labs_per_day            : num_lab_procedures / time_in_hospital
2026-05-11 20:54:33 | INFO     | engineer             |   FE_meds_per_day            : num_medications / time_in_hospital
2026-05-11 20:54:33 | INFO     | engineer             |   FE_procedure_density       : num_procedures / (num_lab_procedures + 1)
2026-05-11 20:54:33 | INFO     | engineer             |   FE_high_utilization threshold (Q75, train) = 62.00
2026-05-11 20:54:33 | INFO     | engineer             |   FE_high_utilization        : >= 62.00  n=16,716
2026-05-11 20:54:33 | INFO     | engineer             | --------------------------------------------------
2026-05-11 20:54:33 | INFO     | engineer             | Group B: Medication Complexity
2026-05-11 20:54:33 | INFO     | engineer             |   FE_n_active_ordinal_meds   : sum of 9 ordinal meds > 0
2026-05-11 20:54:33 | INFO     | engineer             |   FE_n_active_binary_meds    : sum of 7 binary meds
2026-05-11 20:54:33 | INFO     | engineer             |   FE_total_active_meds       : ordinal_active + binary_active
2026-05-11 20:54:33 | INFO     | engineer             |   FE_n_med_changes           : meds with Up or Down dose
2026-05-11 20:54:33 | INFO     | engineer             |   FE_n_med_increases         : meds with Up dose only
2026-05-11 20:54:33 | INFO     | engineer             |   FE_n_med_decreases         : meds with Down dose only
2026-05-11 20:54:33 | INFO     | engineer             |   FE_any_med_changed         : binary flag, at least one dose change
2026-05-11 20:54:33 | INFO     | engineer             |   FE_polypharmacy            : total_active_meds >= 5 (clinical threshold)
2026-05-11 20:54:33 | INFO     | engineer             |   FE_med_coverage_ratio      : total_active_meds / (num_medications + 1)
2026-05-11 20:54:33 | INFO     | engineer             | --------------------------------------------------
2026-05-11 20:54:33 | INFO     | engineer             | Group C: Diagnosis Burden
2026-05-11 20:54:33 | INFO     | engineer             |   FE_high_comorbidity threshold (Q75, train) = 9.00
2026-05-11 20:54:33 | INFO     | engineer             |   FE_high_comorbidity        : number_diagnoses >= 9
2026-05-11 20:54:33 | INFO     | engineer             |   FE_diagnoses_per_day       : number_diagnoses / time_in_hospital
2026-05-11 20:54:33 | INFO     | engineer             |   FE_diag_med_ratio          : number_diagnoses / (num_medications + 1)
2026-05-11 20:54:33 | INFO     | engineer             | --------------------------------------------------
2026-05-11 20:54:33 | INFO     | engineer             | Group D: Lab & Procedure Load
2026-05-11 20:54:33 | INFO     | engineer             |   FE_high_lab_load threshold (Q75, train) = 56.00
2026-05-11 20:54:33 | INFO     | engineer             |   FE_high_lab_load           : num_lab_procedures >= 56
2026-05-11 20:54:33 | INFO     | engineer             |   FE_no_procedures           : num_procedures == 0
2026-05-11 20:54:33 | INFO     | engineer             |   FE_lab_to_procedure_ratio  : num_lab_procedures / (num_procedures + 1)
2026-05-11 20:54:33 | INFO     | engineer             | --------------------------------------------------
2026-05-11 20:54:33 | INFO     | engineer             | Group E: Prior Utilization
2026-05-11 20:54:33 | INFO     | engineer             |   FE_total_prior_contacts    : inpatient + outpatient + emergency
2026-05-11 20:54:33 | INFO     | engineer             |   FE_has_prior_emergency     : number_emergency > 0
2026-05-11 20:54:33 | INFO     | engineer             |   FE_has_prior_inpatient     : number_inpatient > 0
2026-05-11 20:54:33 | INFO     | engineer             |   FE_high_prior_utilization threshold (Q75, train) = 1.10
2026-05-11 20:54:33 | INFO     | engineer             |   FE_high_prior_utilization  : total_prior_contacts >= 1.10
2026-05-11 20:54:33 | INFO     | engineer             |   FE_multi_channel_utilizer  : count of channels with > 0 visits
2026-05-11 20:54:33 | INFO     | engineer             | --------------------------------------------------
2026-05-11 20:54:33 | INFO     | engineer             | Group F: Diabetes Management
2026-05-11 20:54:33 | INFO     | engineer             |   FE_insulin_prescribed      : insulin > 0 (Steady/Up/Down)
2026-05-11 20:54:33 | INFO     | engineer             |   FE_insulin_changed         : insulin Up or Down
2026-05-11 20:54:33 | INFO     | engineer             |   FE_insulin_increased       : insulin Up only
2026-05-11 20:54:33 | INFO     | engineer             |   FE_metformin_prescribed    : metformin > 0
2026-05-11 20:54:33 | INFO     | engineer             |   FE_metformin_changed       : metformin Up or Down
2026-05-11 20:54:33 | INFO     | engineer             |   FE_on_diabetes_med         : diabetesMed (pass-through alias)
2026-05-11 20:54:33 | INFO     | engineer             |   FE_med_regimen_changed     : change (pass-through alias)
2026-05-11 20:54:33 | INFO     | engineer             |   FE_glycemic_risk_score     : sum of 3 glycemic indicators
2026-05-11 20:54:33 | INFO     | engineer             | --------------------------------------------------
2026-05-11 20:54:33 | INFO     | engineer             | Group G: Interaction Features
2026-05-11 20:54:33 | INFO     | engineer             |   FE_inpatient_x_polypharmacy : prior_inpatient × polypharmacy
2026-05-11 20:54:33 | INFO     | engineer             |   FE_high_util_x_med_change  : high_utilization × any_med_changed
2026-05-11 20:54:33 | INFO     | engineer             |   FE_comorbidity_x_lab_load  : high_comorbidity × high_lab_load
2026-05-11 20:54:33 | INFO     | engineer             |   FE_glycemic_x_emergency    : glycemic_risk_score × has_prior_emergency
2026-05-11 20:54:33 | INFO     | engineer             |   FE_labs_per_day_x_comorbidity : labs_per_day × high_comorbidity
2026-05-11 20:54:33 | INFO     | engineer             | --------------------------------------------------
2026-05-11 20:54:33 | INFO     | engineer             | Null audit on FE_ columns [train]
2026-05-11 20:54:33 | INFO     | engineer             |   All 38 FE_ columns are null-free — OK
2026-05-11 20:54:33 | INFO     | engineer             | --------------------------------------------------
2026-05-11 20:54:33 | INFO     | engineer             | Leakage guard: FE_ features vs target correlation
2026-05-11 20:54:33 | INFO     | engineer             |   Leakage guard passed — no |r| > 0.80 among 38 FE_ features
2026-05-11 20:54:33 | INFO     | engineer             |   fe_train_stats.json saved -> C:\Users\sharg\Desktop\github\DriftSentinel\outputs\artifacts\fe_train_stats.json
2026-05-11 20:54:33 | INFO     | engineer             |   fe_feature_names.json saved -> C:\Users\sharg\Desktop\github\DriftSentinel\outputs\artifacts\fe_feature_names.json
2026-05-11 20:54:33 | INFO     | engineer             |   feature_engineer.pkl saved -> C:\Users\sharg\Desktop\github\DriftSentinel\outputs\artifacts\feature_engineer.pkl
2026-05-11 20:54:33 | INFO     | engineer             | ======================================================================
2026-05-11 20:54:33 | INFO     | engineer             | fit_transform complete — shape: (63492, 80)
2026-05-11 20:54:33 | INFO     | engineer             | FE_ features created: 38
2026-05-11 20:54:33 | INFO     | engineer             | ======================================================================
2026-05-11 20:54:33 | INFO     | engineer             | ======================================================================
2026-05-11 20:54:33 | INFO     | engineer             | DriftSentinel — Feature Engineer  [transform on VAL]
2026-05-11 20:54:33 | INFO     | engineer             | ======================================================================
2026-05-11 20:54:33 | INFO     | engineer             | Input shape  : (20949, 42)
2026-05-11 20:54:33 | INFO     | engineer             | --------------------------------------------------
2026-05-11 20:54:33 | INFO     | engineer             | Group A: Utilization Intensity
2026-05-11 20:54:33 | INFO     | engineer             |   FE_total_clinical_contacts : time + procedures + labs
2026-05-11 20:54:33 | INFO     | engineer             |   FE_labs_per_day            : num_lab_procedures / time_in_hospital
2026-05-11 20:54:33 | INFO     | engineer             |   FE_meds_per_day            : num_medications / time_in_hospital
2026-05-11 20:54:33 | INFO     | engineer             |   FE_procedure_density       : num_procedures / (num_lab_procedures + 1)
2026-05-11 20:54:33 | INFO     | engineer             |   FE_high_utilization        : >= 62.00  n=6,392
2026-05-11 20:54:33 | INFO     | engineer             | --------------------------------------------------
2026-05-11 20:54:33 | INFO     | engineer             | Group B: Medication Complexity
2026-05-11 20:54:33 | INFO     | engineer             |   FE_n_active_ordinal_meds   : sum of 9 ordinal meds > 0
2026-05-11 20:54:33 | INFO     | engineer             |   FE_n_active_binary_meds    : sum of 7 binary meds
2026-05-11 20:54:33 | INFO     | engineer             |   FE_total_active_meds       : ordinal_active + binary_active
2026-05-11 20:54:33 | INFO     | engineer             |   FE_n_med_changes           : meds with Up or Down dose
2026-05-11 20:54:33 | INFO     | engineer             |   FE_n_med_increases         : meds with Up dose only
2026-05-11 20:54:33 | INFO     | engineer             |   FE_n_med_decreases         : meds with Down dose only
2026-05-11 20:54:33 | INFO     | engineer             |   FE_any_med_changed         : binary flag, at least one dose change
2026-05-11 20:54:33 | INFO     | engineer             |   FE_polypharmacy            : total_active_meds >= 5 (clinical threshold)
2026-05-11 20:54:33 | INFO     | engineer             |   FE_med_coverage_ratio      : total_active_meds / (num_medications + 1)
2026-05-11 20:54:33 | INFO     | engineer             | --------------------------------------------------
2026-05-11 20:54:33 | INFO     | engineer             | Group C: Diagnosis Burden
2026-05-11 20:54:33 | INFO     | engineer             |   FE_high_comorbidity        : number_diagnoses >= 9
2026-05-11 20:54:33 | INFO     | engineer             |   FE_diagnoses_per_day       : number_diagnoses / time_in_hospital
2026-05-11 20:54:33 | INFO     | engineer             |   FE_diag_med_ratio          : number_diagnoses / (num_medications + 1)
2026-05-11 20:54:33 | INFO     | engineer             | --------------------------------------------------
2026-05-11 20:54:33 | INFO     | engineer             | Group D: Lab & Procedure Load
2026-05-11 20:54:33 | INFO     | engineer             |   FE_high_lab_load           : num_lab_procedures >= 56
2026-05-11 20:54:33 | INFO     | engineer             |   FE_no_procedures           : num_procedures == 0
2026-05-11 20:54:33 | INFO     | engineer             |   FE_lab_to_procedure_ratio  : num_lab_procedures / (num_procedures + 1)
2026-05-11 20:54:33 | INFO     | engineer             | --------------------------------------------------
2026-05-11 20:54:33 | INFO     | engineer             | Group E: Prior Utilization
2026-05-11 20:54:33 | INFO     | engineer             |   FE_total_prior_contacts    : inpatient + outpatient + emergency
2026-05-11 20:54:33 | INFO     | engineer             |   FE_has_prior_emergency     : number_emergency > 0
2026-05-11 20:54:33 | INFO     | engineer             |   FE_has_prior_inpatient     : number_inpatient > 0
2026-05-11 20:54:33 | INFO     | engineer             |   FE_high_prior_utilization  : total_prior_contacts >= 1.10
2026-05-11 20:54:33 | INFO     | engineer             |   FE_multi_channel_utilizer  : count of channels with > 0 visits
2026-05-11 20:54:33 | INFO     | engineer             | --------------------------------------------------
2026-05-11 20:54:33 | INFO     | engineer             | Group F: Diabetes Management
2026-05-11 20:54:33 | INFO     | engineer             |   FE_insulin_prescribed      : insulin > 0 (Steady/Up/Down)
2026-05-11 20:54:33 | INFO     | engineer             |   FE_insulin_changed         : insulin Up or Down
2026-05-11 20:54:33 | INFO     | engineer             |   FE_insulin_increased       : insulin Up only
2026-05-11 20:54:33 | INFO     | engineer             |   FE_metformin_prescribed    : metformin > 0
2026-05-11 20:54:33 | INFO     | engineer             |   FE_metformin_changed       : metformin Up or Down
2026-05-11 20:54:33 | INFO     | engineer             |   FE_on_diabetes_med         : diabetesMed (pass-through alias)
2026-05-11 20:54:33 | INFO     | engineer             |   FE_med_regimen_changed     : change (pass-through alias)
2026-05-11 20:54:33 | INFO     | engineer             |   FE_glycemic_risk_score     : sum of 3 glycemic indicators
2026-05-11 20:54:33 | INFO     | engineer             | --------------------------------------------------
2026-05-11 20:54:33 | INFO     | engineer             | Group G: Interaction Features
2026-05-11 20:54:33 | INFO     | engineer             |   FE_inpatient_x_polypharmacy : prior_inpatient × polypharmacy
2026-05-11 20:54:33 | INFO     | engineer             |   FE_high_util_x_med_change  : high_utilization × any_med_changed
2026-05-11 20:54:33 | INFO     | engineer             |   FE_comorbidity_x_lab_load  : high_comorbidity × high_lab_load
2026-05-11 20:54:33 | INFO     | engineer             |   FE_glycemic_x_emergency    : glycemic_risk_score × has_prior_emergency
2026-05-11 20:54:33 | INFO     | engineer             |   FE_labs_per_day_x_comorbidity : labs_per_day × high_comorbidity
2026-05-11 20:54:33 | INFO     | engineer             | --------------------------------------------------
2026-05-11 20:54:33 | INFO     | engineer             | Null audit on FE_ columns [val]
2026-05-11 20:54:33 | INFO     | engineer             |   All 38 FE_ columns are null-free — OK
2026-05-11 20:54:33 | INFO     | engineer             | ======================================================================
2026-05-11 20:54:33 | INFO     | engineer             | transform complete [val] — shape: (20949, 80)
2026-05-11 20:54:33 | INFO     | engineer             | ======================================================================
2026-05-11 20:54:33 | INFO     | engineer             | ======================================================================
2026-05-11 20:54:33 | INFO     | engineer             | DriftSentinel — Feature Engineer  [transform on TEST]
2026-05-11 20:54:33 | INFO     | engineer             | ======================================================================
2026-05-11 20:54:33 | INFO     | engineer             | Input shape  : (17325, 42)
2026-05-11 20:54:33 | INFO     | engineer             | --------------------------------------------------
2026-05-11 20:54:33 | INFO     | engineer             | Group A: Utilization Intensity
2026-05-11 20:54:33 | INFO     | engineer             |   FE_total_clinical_contacts : time + procedures + labs
2026-05-11 20:54:33 | INFO     | engineer             |   FE_labs_per_day            : num_lab_procedures / time_in_hospital
2026-05-11 20:54:33 | INFO     | engineer             |   FE_meds_per_day            : num_medications / time_in_hospital
2026-05-11 20:54:33 | INFO     | engineer             |   FE_procedure_density       : num_procedures / (num_lab_procedures + 1)
2026-05-11 20:54:33 | INFO     | engineer             |   FE_high_utilization        : >= 62.00  n=5,001
2026-05-11 20:54:33 | INFO     | engineer             | --------------------------------------------------
2026-05-11 20:54:33 | INFO     | engineer             | Group B: Medication Complexity
2026-05-11 20:54:33 | INFO     | engineer             |   FE_n_active_ordinal_meds   : sum of 9 ordinal meds > 0
2026-05-11 20:54:33 | INFO     | engineer             |   FE_n_active_binary_meds    : sum of 7 binary meds
2026-05-11 20:54:33 | INFO     | engineer             |   FE_total_active_meds       : ordinal_active + binary_active
2026-05-11 20:54:33 | INFO     | engineer             |   FE_n_med_changes           : meds with Up or Down dose
2026-05-11 20:54:33 | INFO     | engineer             |   FE_n_med_increases         : meds with Up dose only
2026-05-11 20:54:33 | INFO     | engineer             |   FE_n_med_decreases         : meds with Down dose only
2026-05-11 20:54:33 | INFO     | engineer             |   FE_any_med_changed         : binary flag, at least one dose change
2026-05-11 20:54:33 | INFO     | engineer             |   FE_polypharmacy            : total_active_meds >= 5 (clinical threshold)
2026-05-11 20:54:33 | INFO     | engineer             |   FE_med_coverage_ratio      : total_active_meds / (num_medications + 1)
2026-05-11 20:54:33 | INFO     | engineer             | --------------------------------------------------
2026-05-11 20:54:33 | INFO     | engineer             | Group C: Diagnosis Burden
2026-05-11 20:54:33 | INFO     | engineer             |   FE_high_comorbidity        : number_diagnoses >= 9
2026-05-11 20:54:33 | INFO     | engineer             |   FE_diagnoses_per_day       : number_diagnoses / time_in_hospital
2026-05-11 20:54:33 | INFO     | engineer             |   FE_diag_med_ratio          : number_diagnoses / (num_medications + 1)
2026-05-11 20:54:33 | INFO     | engineer             | --------------------------------------------------
2026-05-11 20:54:33 | INFO     | engineer             | Group D: Lab & Procedure Load
2026-05-11 20:54:33 | INFO     | engineer             |   FE_high_lab_load           : num_lab_procedures >= 56
2026-05-11 20:54:33 | INFO     | engineer             |   FE_no_procedures           : num_procedures == 0
2026-05-11 20:54:33 | INFO     | engineer             |   FE_lab_to_procedure_ratio  : num_lab_procedures / (num_procedures + 1)
2026-05-11 20:54:33 | INFO     | engineer             | --------------------------------------------------
2026-05-11 20:54:33 | INFO     | engineer             | Group E: Prior Utilization
2026-05-11 20:54:33 | INFO     | engineer             |   FE_total_prior_contacts    : inpatient + outpatient + emergency
2026-05-11 20:54:33 | INFO     | engineer             |   FE_has_prior_emergency     : number_emergency > 0
2026-05-11 20:54:33 | INFO     | engineer             |   FE_has_prior_inpatient     : number_inpatient > 0
2026-05-11 20:54:33 | INFO     | engineer             |   FE_high_prior_utilization  : total_prior_contacts >= 1.10
2026-05-11 20:54:33 | INFO     | engineer             |   FE_multi_channel_utilizer  : count of channels with > 0 visits
2026-05-11 20:54:33 | INFO     | engineer             | --------------------------------------------------
2026-05-11 20:54:33 | INFO     | engineer             | Group F: Diabetes Management
2026-05-11 20:54:33 | INFO     | engineer             |   FE_insulin_prescribed      : insulin > 0 (Steady/Up/Down)
2026-05-11 20:54:33 | INFO     | engineer             |   FE_insulin_changed         : insulin Up or Down
2026-05-11 20:54:33 | INFO     | engineer             |   FE_insulin_increased       : insulin Up only
2026-05-11 20:54:33 | INFO     | engineer             |   FE_metformin_prescribed    : metformin > 0
2026-05-11 20:54:33 | INFO     | engineer             |   FE_metformin_changed       : metformin Up or Down
2026-05-11 20:54:33 | INFO     | engineer             |   FE_on_diabetes_med         : diabetesMed (pass-through alias)
2026-05-11 20:54:33 | INFO     | engineer             |   FE_med_regimen_changed     : change (pass-through alias)
2026-05-11 20:54:33 | INFO     | engineer             |   FE_glycemic_risk_score     : sum of 3 glycemic indicators
2026-05-11 20:54:33 | INFO     | engineer             | --------------------------------------------------
2026-05-11 20:54:33 | INFO     | engineer             | Group G: Interaction Features
2026-05-11 20:54:33 | INFO     | engineer             |   FE_inpatient_x_polypharmacy : prior_inpatient × polypharmacy
2026-05-11 20:54:33 | INFO     | engineer             |   FE_high_util_x_med_change  : high_utilization × any_med_changed
2026-05-11 20:54:33 | INFO     | engineer             |   FE_comorbidity_x_lab_load  : high_comorbidity × high_lab_load
2026-05-11 20:54:33 | INFO     | engineer             |   FE_glycemic_x_emergency    : glycemic_risk_score × has_prior_emergency
2026-05-11 20:54:33 | INFO     | engineer             |   FE_labs_per_day_x_comorbidity : labs_per_day × high_comorbidity
2026-05-11 20:54:33 | INFO     | engineer             | --------------------------------------------------
2026-05-11 20:54:33 | INFO     | engineer             | Null audit on FE_ columns [test]
2026-05-11 20:54:33 | INFO     | engineer             |   All 38 FE_ columns are null-free — OK
2026-05-11 20:54:33 | INFO     | engineer             | ======================================================================
2026-05-11 20:54:33 | INFO     | engineer             | transform complete [test] — shape: (17325, 80)
2026-05-11 20:54:33 | INFO     | engineer             | ======================================================================
2026-08-04 10:37:28 | INFO     | engineer             | ===== RUN 20260804-103724-348522 | pid=31316 | started 2026-08-04 10:37:28 =====
2026-08-04 10:37:28 | INFO     | engineer             | ======================================================================
2026-08-04 10:37:28 | INFO     | engineer             | DriftSentinel — Feature Engineer  [fit_transform on TRAIN]
2026-08-04 10:37:28 | INFO     | engineer             | ======================================================================
2026-08-04 10:37:28 | INFO     | engineer             | Input shape  : (63492, 42)
2026-08-04 10:37:28 | INFO     | engineer             | Existing FE_ columns: 0
2026-08-04 10:37:28 | INFO     | engineer             | --------------------------------------------------
2026-08-04 10:37:28 | INFO     | engineer             | Group A: Utilization Intensity
2026-08-04 10:37:28 | INFO     | engineer             |   FE_total_clinical_contacts : time + procedures + labs
2026-08-04 10:37:28 | INFO     | engineer             |   FE_labs_per_day            : num_lab_procedures / time_in_hospital
2026-08-04 10:37:28 | INFO     | engineer             |   FE_meds_per_day            : num_medications / time_in_hospital
2026-08-04 10:37:28 | INFO     | engineer             |   FE_procedure_density       : num_procedures / (num_lab_procedures + 1)
2026-08-04 10:37:28 | INFO     | engineer             |   FE_high_utilization threshold (Q75, train) = 62.00
2026-08-04 10:37:28 | INFO     | engineer             |   FE_high_utilization        : >= 62.00  n=16,716
2026-08-04 10:37:28 | INFO     | engineer             | --------------------------------------------------
2026-08-04 10:37:28 | INFO     | engineer             | Group B: Medication Complexity
2026-08-04 10:37:28 | INFO     | engineer             |   FE_n_active_ordinal_meds   : sum of 9 ordinal meds > 0
2026-08-04 10:37:28 | INFO     | engineer             |   FE_n_active_binary_meds    : sum of 7 binary meds
2026-08-04 10:37:28 | INFO     | engineer             |   FE_total_active_meds       : ordinal_active + binary_active
2026-08-04 10:37:28 | INFO     | engineer             |   FE_n_med_changes           : meds with Up or Down dose
2026-08-04 10:37:28 | INFO     | engineer             |   FE_n_med_increases         : meds with Up dose only
2026-08-04 10:37:28 | INFO     | engineer             |   FE_n_med_decreases         : meds with Down dose only
2026-08-04 10:37:28 | INFO     | engineer             |   FE_any_med_changed         : binary flag, at least one dose change
2026-08-04 10:37:28 | INFO     | engineer             |   FE_polypharmacy            : total_active_meds >= 5 (clinical threshold)
2026-08-04 10:37:28 | INFO     | engineer             |   FE_med_coverage_ratio      : total_active_meds / (num_medications + 1)
2026-08-04 10:37:28 | INFO     | engineer             | --------------------------------------------------
2026-08-04 10:37:28 | INFO     | engineer             | Group C: Diagnosis Burden
2026-08-04 10:37:28 | INFO     | engineer             |   FE_high_comorbidity threshold (Q75, train) = 9.00
2026-08-04 10:37:28 | INFO     | engineer             |   FE_high_comorbidity        : number_diagnoses >= 9
2026-08-04 10:37:28 | INFO     | engineer             |   FE_diagnoses_per_day       : number_diagnoses / time_in_hospital
2026-08-04 10:37:28 | INFO     | engineer             |   FE_diag_med_ratio          : number_diagnoses / (num_medications + 1)
2026-08-04 10:37:28 | INFO     | engineer             | --------------------------------------------------
2026-08-04 10:37:28 | INFO     | engineer             | Group D: Lab & Procedure Load
2026-08-04 10:37:28 | INFO     | engineer             |   FE_high_lab_load threshold (Q75, train) = 56.00
2026-08-04 10:37:28 | INFO     | engineer             |   FE_high_lab_load           : num_lab_procedures >= 56
2026-08-04 10:37:28 | INFO     | engineer             |   FE_no_procedures           : num_procedures == 0
2026-08-04 10:37:28 | INFO     | engineer             |   FE_lab_to_procedure_ratio  : num_lab_procedures / (num_procedures + 1)
2026-08-04 10:37:28 | INFO     | engineer             | --------------------------------------------------
2026-08-04 10:37:28 | INFO     | engineer             | Group E: Prior Utilization
2026-08-04 10:37:28 | INFO     | engineer             |   FE_total_prior_contacts    : inpatient + outpatient + emergency
2026-08-04 10:37:28 | INFO     | engineer             |   FE_has_prior_emergency     : number_emergency > 0
2026-08-04 10:37:28 | INFO     | engineer             |   FE_has_prior_inpatient     : number_inpatient > 0
2026-08-04 10:37:28 | INFO     | engineer             |   FE_high_prior_utilization threshold (Q75, train) = 1.10
2026-08-04 10:37:28 | INFO     | engineer             |   FE_high_prior_utilization  : total_prior_contacts >= 1.10
2026-08-04 10:37:28 | INFO     | engineer             |   FE_multi_channel_utilizer  : count of channels with > 0 visits
2026-08-04 10:37:28 | INFO     | engineer             | --------------------------------------------------
2026-08-04 10:37:28 | INFO     | engineer             | Group F: Diabetes Management
2026-08-04 10:37:28 | INFO     | engineer             |   FE_insulin_prescribed      : insulin > 0 (Steady/Up/Down)
2026-08-04 10:37:28 | INFO     | engineer             |   FE_insulin_changed         : insulin Up or Down
2026-08-04 10:37:28 | INFO     | engineer             |   FE_insulin_increased       : insulin Up only
2026-08-04 10:37:28 | INFO     | engineer             |   FE_metformin_prescribed    : metformin > 0
2026-08-04 10:37:28 | INFO     | engineer             |   FE_metformin_changed       : metformin Up or Down
2026-08-04 10:37:28 | INFO     | engineer             |   FE_on_diabetes_med         : diabetesMed (pass-through alias)
2026-08-04 10:37:28 | INFO     | engineer             |   FE_med_regimen_changed     : change (pass-through alias)
2026-08-04 10:37:28 | INFO     | engineer             |   FE_glycemic_risk_score     : sum of 3 glycemic indicators
2026-08-04 10:37:28 | INFO     | engineer             | --------------------------------------------------
2026-08-04 10:37:28 | INFO     | engineer             | Group G: Interaction Features
2026-08-04 10:37:28 | INFO     | engineer             |   FE_inpatient_x_polypharmacy : prior_inpatient × polypharmacy
2026-08-04 10:37:28 | INFO     | engineer             |   FE_high_util_x_med_change  : high_utilization × any_med_changed
2026-08-04 10:37:28 | INFO     | engineer             |   FE_comorbidity_x_lab_load  : high_comorbidity × high_lab_load
2026-08-04 10:37:28 | INFO     | engineer             |   FE_glycemic_x_emergency    : glycemic_risk_score × has_prior_emergency
2026-08-04 10:37:28 | INFO     | engineer             |   FE_labs_per_day_x_comorbidity : labs_per_day × high_comorbidity
2026-08-04 10:37:28 | INFO     | engineer             | --------------------------------------------------
2026-08-04 10:37:28 | INFO     | engineer             | Null audit on FE_ columns [train]
2026-08-04 10:37:28 | INFO     | engineer             |   All 38 FE_ columns are null-free — OK
2026-08-04 10:37:28 | INFO     | engineer             | --------------------------------------------------
2026-08-04 10:37:28 | INFO     | engineer             | Leakage guard: FE_ features vs target correlation
2026-08-04 10:37:28 | INFO     | engineer             |   Leakage guard passed — no |r| > 0.80 among 38 FE_ features
2026-08-04 10:37:28 | INFO     | engineer             |   fe_train_stats.json saved -> C:\Users\sharg\Desktop\github\DriftSentinel\outputs\artifacts\fe_train_stats.json
2026-08-04 10:37:28 | INFO     | engineer             |   fe_feature_names.json saved -> C:\Users\sharg\Desktop\github\DriftSentinel\outputs\artifacts\fe_feature_names.json
2026-08-04 10:37:28 | INFO     | engineer             |   feature_engineer.pkl saved -> C:\Users\sharg\Desktop\github\DriftSentinel\outputs\artifacts\feature_engineer.pkl
2026-08-04 10:37:28 | INFO     | engineer             | ======================================================================
2026-08-04 10:37:28 | INFO     | engineer             | fit_transform complete — shape: (63492, 80)
2026-08-04 10:37:28 | INFO     | engineer             | FE_ features created: 38
2026-08-04 10:37:28 | INFO     | engineer             | ======================================================================
2026-08-04 10:37:28 | INFO     | engineer             | ======================================================================
2026-08-04 10:37:28 | INFO     | engineer             | DriftSentinel — Feature Engineer  [transform on VAL]
2026-08-04 10:37:28 | INFO     | engineer             | ======================================================================
2026-08-04 10:37:28 | INFO     | engineer             | Input shape  : (20949, 42)
2026-08-04 10:37:28 | INFO     | engineer             | --------------------------------------------------
2026-08-04 10:37:28 | INFO     | engineer             | Group A: Utilization Intensity
2026-08-04 10:37:28 | INFO     | engineer             |   FE_total_clinical_contacts : time + procedures + labs
2026-08-04 10:37:28 | INFO     | engineer             |   FE_labs_per_day            : num_lab_procedures / time_in_hospital
2026-08-04 10:37:28 | INFO     | engineer             |   FE_meds_per_day            : num_medications / time_in_hospital
2026-08-04 10:37:28 | INFO     | engineer             |   FE_procedure_density       : num_procedures / (num_lab_procedures + 1)
2026-08-04 10:37:28 | INFO     | engineer             |   FE_high_utilization        : >= 62.00  n=6,392
2026-08-04 10:37:28 | INFO     | engineer             | --------------------------------------------------
2026-08-04 10:37:28 | INFO     | engineer             | Group B: Medication Complexity
2026-08-04 10:37:28 | INFO     | engineer             |   FE_n_active_ordinal_meds   : sum of 9 ordinal meds > 0
2026-08-04 10:37:28 | INFO     | engineer             |   FE_n_active_binary_meds    : sum of 7 binary meds
2026-08-04 10:37:28 | INFO     | engineer             |   FE_total_active_meds       : ordinal_active + binary_active
2026-08-04 10:37:28 | INFO     | engineer             |   FE_n_med_changes           : meds with Up or Down dose
2026-08-04 10:37:28 | INFO     | engineer             |   FE_n_med_increases         : meds with Up dose only
2026-08-04 10:37:28 | INFO     | engineer             |   FE_n_med_decreases         : meds with Down dose only
2026-08-04 10:37:28 | INFO     | engineer             |   FE_any_med_changed         : binary flag, at least one dose change
2026-08-04 10:37:28 | INFO     | engineer             |   FE_polypharmacy            : total_active_meds >= 5 (clinical threshold)
2026-08-04 10:37:28 | INFO     | engineer             |   FE_med_coverage_ratio      : total_active_meds / (num_medications + 1)
2026-08-04 10:37:28 | INFO     | engineer             | --------------------------------------------------
2026-08-04 10:37:28 | INFO     | engineer             | Group C: Diagnosis Burden
2026-08-04 10:37:28 | INFO     | engineer             |   FE_high_comorbidity        : number_diagnoses >= 9
2026-08-04 10:37:28 | INFO     | engineer             |   FE_diagnoses_per_day       : number_diagnoses / time_in_hospital
2026-08-04 10:37:28 | INFO     | engineer             |   FE_diag_med_ratio          : number_diagnoses / (num_medications + 1)
2026-08-04 10:37:28 | INFO     | engineer             | --------------------------------------------------
2026-08-04 10:37:28 | INFO     | engineer             | Group D: Lab & Procedure Load
2026-08-04 10:37:28 | INFO     | engineer             |   FE_high_lab_load           : num_lab_procedures >= 56
2026-08-04 10:37:28 | INFO     | engineer             |   FE_no_procedures           : num_procedures == 0
2026-08-04 10:37:28 | INFO     | engineer             |   FE_lab_to_procedure_ratio  : num_lab_procedures / (num_procedures + 1)
2026-08-04 10:37:28 | INFO     | engineer             | --------------------------------------------------
2026-08-04 10:37:28 | INFO     | engineer             | Group E: Prior Utilization
2026-08-04 10:37:28 | INFO     | engineer             |   FE_total_prior_contacts    : inpatient + outpatient + emergency
2026-08-04 10:37:28 | INFO     | engineer             |   FE_has_prior_emergency     : number_emergency > 0
2026-08-04 10:37:28 | INFO     | engineer             |   FE_has_prior_inpatient     : number_inpatient > 0
2026-08-04 10:37:28 | INFO     | engineer             |   FE_high_prior_utilization  : total_prior_contacts >= 1.10
2026-08-04 10:37:28 | INFO     | engineer             |   FE_multi_channel_utilizer  : count of channels with > 0 visits
2026-08-04 10:37:28 | INFO     | engineer             | --------------------------------------------------
2026-08-04 10:37:28 | INFO     | engineer             | Group F: Diabetes Management
2026-08-04 10:37:28 | INFO     | engineer             |   FE_insulin_prescribed      : insulin > 0 (Steady/Up/Down)
2026-08-04 10:37:28 | INFO     | engineer             |   FE_insulin_changed         : insulin Up or Down
2026-08-04 10:37:28 | INFO     | engineer             |   FE_insulin_increased       : insulin Up only
2026-08-04 10:37:28 | INFO     | engineer             |   FE_metformin_prescribed    : metformin > 0
2026-08-04 10:37:28 | INFO     | engineer             |   FE_metformin_changed       : metformin Up or Down
2026-08-04 10:37:28 | INFO     | engineer             |   FE_on_diabetes_med         : diabetesMed (pass-through alias)
2026-08-04 10:37:28 | INFO     | engineer             |   FE_med_regimen_changed     : change (pass-through alias)
2026-08-04 10:37:28 | INFO     | engineer             |   FE_glycemic_risk_score     : sum of 3 glycemic indicators
2026-08-04 10:37:28 | INFO     | engineer             | --------------------------------------------------
2026-08-04 10:37:28 | INFO     | engineer             | Group G: Interaction Features
2026-08-04 10:37:28 | INFO     | engineer             |   FE_inpatient_x_polypharmacy : prior_inpatient × polypharmacy
2026-08-04 10:37:28 | INFO     | engineer             |   FE_high_util_x_med_change  : high_utilization × any_med_changed
2026-08-04 10:37:28 | INFO     | engineer             |   FE_comorbidity_x_lab_load  : high_comorbidity × high_lab_load
2026-08-04 10:37:28 | INFO     | engineer             |   FE_glycemic_x_emergency    : glycemic_risk_score × has_prior_emergency
2026-08-04 10:37:28 | INFO     | engineer             |   FE_labs_per_day_x_comorbidity : labs_per_day × high_comorbidity
2026-08-04 10:37:28 | INFO     | engineer             | --------------------------------------------------
2026-08-04 10:37:28 | INFO     | engineer             | Null audit on FE_ columns [val]
2026-08-04 10:37:28 | INFO     | engineer             |   All 38 FE_ columns are null-free — OK
2026-08-04 10:37:28 | INFO     | engineer             | ======================================================================
2026-08-04 10:37:28 | INFO     | engineer             | transform complete [val] — shape: (20949, 80)
2026-08-04 10:37:28 | INFO     | engineer             | ======================================================================
2026-08-04 10:37:28 | INFO     | engineer             | ======================================================================
2026-08-04 10:37:28 | INFO     | engineer             | DriftSentinel — Feature Engineer  [transform on TEST]
2026-08-04 10:37:28 | INFO     | engineer             | ======================================================================
2026-08-04 10:37:28 | INFO     | engineer             | Input shape  : (17325, 42)
2026-08-04 10:37:28 | INFO     | engineer             | --------------------------------------------------
2026-08-04 10:37:28 | INFO     | engineer             | Group A: Utilization Intensity
2026-08-04 10:37:28 | INFO     | engineer             |   FE_total_clinical_contacts : time + procedures + labs
2026-08-04 10:37:28 | INFO     | engineer             |   FE_labs_per_day            : num_lab_procedures / time_in_hospital
2026-08-04 10:37:28 | INFO     | engineer             |   FE_meds_per_day            : num_medications / time_in_hospital
2026-08-04 10:37:28 | INFO     | engineer             |   FE_procedure_density       : num_procedures / (num_lab_procedures + 1)
2026-08-04 10:37:28 | INFO     | engineer             |   FE_high_utilization        : >= 62.00  n=5,001
2026-08-04 10:37:28 | INFO     | engineer             | --------------------------------------------------
2026-08-04 10:37:28 | INFO     | engineer             | Group B: Medication Complexity
2026-08-04 10:37:28 | INFO     | engineer             |   FE_n_active_ordinal_meds   : sum of 9 ordinal meds > 0
2026-08-04 10:37:28 | INFO     | engineer             |   FE_n_active_binary_meds    : sum of 7 binary meds
2026-08-04 10:37:28 | INFO     | engineer             |   FE_total_active_meds       : ordinal_active + binary_active
2026-08-04 10:37:28 | INFO     | engineer             |   FE_n_med_changes           : meds with Up or Down dose
2026-08-04 10:37:28 | INFO     | engineer             |   FE_n_med_increases         : meds with Up dose only
2026-08-04 10:37:28 | INFO     | engineer             |   FE_n_med_decreases         : meds with Down dose only
2026-08-04 10:37:28 | INFO     | engineer             |   FE_any_med_changed         : binary flag, at least one dose change
2026-08-04 10:37:28 | INFO     | engineer             |   FE_polypharmacy            : total_active_meds >= 5 (clinical threshold)
2026-08-04 10:37:28 | INFO     | engineer             |   FE_med_coverage_ratio      : total_active_meds / (num_medications + 1)
2026-08-04 10:37:28 | INFO     | engineer             | --------------------------------------------------
2026-08-04 10:37:28 | INFO     | engineer             | Group C: Diagnosis Burden
2026-08-04 10:37:28 | INFO     | engineer             |   FE_high_comorbidity        : number_diagnoses >= 9
2026-08-04 10:37:28 | INFO     | engineer             |   FE_diagnoses_per_day       : number_diagnoses / time_in_hospital
2026-08-04 10:37:28 | INFO     | engineer             |   FE_diag_med_ratio          : number_diagnoses / (num_medications + 1)
2026-08-04 10:37:28 | INFO     | engineer             | --------------------------------------------------
2026-08-04 10:37:28 | INFO     | engineer             | Group D: Lab & Procedure Load
2026-08-04 10:37:28 | INFO     | engineer             |   FE_high_lab_load           : num_lab_procedures >= 56
2026-08-04 10:37:28 | INFO     | engineer             |   FE_no_procedures           : num_procedures == 0
2026-08-04 10:37:28 | INFO     | engineer             |   FE_lab_to_procedure_ratio  : num_lab_procedures / (num_procedures + 1)
2026-08-04 10:37:28 | INFO     | engineer             | --------------------------------------------------
2026-08-04 10:37:28 | INFO     | engineer             | Group E: Prior Utilization
2026-08-04 10:37:28 | INFO     | engineer             |   FE_total_prior_contacts    : inpatient + outpatient + emergency
2026-08-04 10:37:28 | INFO     | engineer             |   FE_has_prior_emergency     : number_emergency > 0
2026-08-04 10:37:28 | INFO     | engineer             |   FE_has_prior_inpatient     : number_inpatient > 0
2026-08-04 10:37:28 | INFO     | engineer             |   FE_high_prior_utilization  : total_prior_contacts >= 1.10
2026-08-04 10:37:28 | INFO     | engineer             |   FE_multi_channel_utilizer  : count of channels with > 0 visits
2026-08-04 10:37:28 | INFO     | engineer             | --------------------------------------------------
2026-08-04 10:37:28 | INFO     | engineer             | Group F: Diabetes Management
2026-08-04 10:37:28 | INFO     | engineer             |   FE_insulin_prescribed      : insulin > 0 (Steady/Up/Down)
2026-08-04 10:37:28 | INFO     | engineer             |   FE_insulin_changed         : insulin Up or Down
2026-08-04 10:37:28 | INFO     | engineer             |   FE_insulin_increased       : insulin Up only
2026-08-04 10:37:28 | INFO     | engineer             |   FE_metformin_prescribed    : metformin > 0
2026-08-04 10:37:28 | INFO     | engineer             |   FE_metformin_changed       : metformin Up or Down
2026-08-04 10:37:28 | INFO     | engineer             |   FE_on_diabetes_med         : diabetesMed (pass-through alias)
2026-08-04 10:37:28 | INFO     | engineer             |   FE_med_regimen_changed     : change (pass-through alias)
2026-08-04 10:37:28 | INFO     | engineer             |   FE_glycemic_risk_score     : sum of 3 glycemic indicators
2026-08-04 10:37:28 | INFO     | engineer             | --------------------------------------------------
2026-08-04 10:37:28 | INFO     | engineer             | Group G: Interaction Features
2026-08-04 10:37:28 | INFO     | engineer             |   FE_inpatient_x_polypharmacy : prior_inpatient × polypharmacy
2026-08-04 10:37:28 | INFO     | engineer             |   FE_high_util_x_med_change  : high_utilization × any_med_changed
2026-08-04 10:37:28 | INFO     | engineer             |   FE_comorbidity_x_lab_load  : high_comorbidity × high_lab_load
2026-08-04 10:37:28 | INFO     | engineer             |   FE_glycemic_x_emergency    : glycemic_risk_score × has_prior_emergency
2026-08-04 10:37:28 | INFO     | engineer             |   FE_labs_per_day_x_comorbidity : labs_per_day × high_comorbidity
2026-08-04 10:37:28 | INFO     | engineer             | --------------------------------------------------
2026-08-04 10:37:28 | INFO     | engineer             | Null audit on FE_ columns [test]
2026-08-04 10:37:28 | INFO     | engineer             |   All 38 FE_ columns are null-free — OK
2026-08-04 10:37:28 | INFO     | engineer             | ======================================================================
2026-08-04 10:37:28 | INFO     | engineer             | transform complete [test] — shape: (17325, 80)
2026-08-04 10:37:28 | INFO     | engineer             | ======================================================================
2026-08-04 10:48:33 | INFO     | engineer             | ===== RUN 20260804-104829-f5297c | pid=20016 | started 2026-08-04 10:48:33 =====
2026-08-04 10:48:33 | INFO     | engineer             | ======================================================================
2026-08-04 10:48:33 | INFO     | engineer             | DriftSentinel — Feature Engineer  [fit_transform on TRAIN]
2026-08-04 10:48:33 | INFO     | engineer             | ======================================================================
2026-08-04 10:48:33 | INFO     | engineer             | Input shape  : (63492, 42)
2026-08-04 10:48:33 | INFO     | engineer             | Existing FE_ columns: 0
2026-08-04 10:48:33 | INFO     | engineer             | --------------------------------------------------
2026-08-04 10:48:33 | INFO     | engineer             | Group A: Utilization Intensity
2026-08-04 10:48:33 | INFO     | engineer             |   FE_total_clinical_contacts : time + procedures + labs
2026-08-04 10:48:33 | INFO     | engineer             |   FE_labs_per_day            : num_lab_procedures / time_in_hospital
2026-08-04 10:48:33 | INFO     | engineer             |   FE_meds_per_day            : num_medications / time_in_hospital
2026-08-04 10:48:33 | INFO     | engineer             |   FE_procedure_density       : num_procedures / (num_lab_procedures + 1)
2026-08-04 10:48:33 | INFO     | engineer             |   FE_high_utilization threshold (Q75, train) = 62.00
2026-08-04 10:48:33 | INFO     | engineer             |   FE_high_utilization        : >= 62.00  n=16,716
2026-08-04 10:48:33 | INFO     | engineer             | --------------------------------------------------
2026-08-04 10:48:33 | INFO     | engineer             | Group B: Medication Complexity
2026-08-04 10:48:33 | INFO     | engineer             |   FE_n_active_ordinal_meds   : sum of 9 ordinal meds > 0
2026-08-04 10:48:33 | INFO     | engineer             |   FE_n_active_binary_meds    : sum of 7 binary meds
2026-08-04 10:48:33 | INFO     | engineer             |   FE_total_active_meds       : ordinal_active + binary_active
2026-08-04 10:48:33 | INFO     | engineer             |   FE_n_med_changes           : meds with Up or Down dose
2026-08-04 10:48:33 | INFO     | engineer             |   FE_n_med_increases         : meds with Up dose only
2026-08-04 10:48:33 | INFO     | engineer             |   FE_n_med_decreases         : meds with Down dose only
2026-08-04 10:48:33 | INFO     | engineer             |   FE_any_med_changed         : binary flag, at least one dose change
2026-08-04 10:48:33 | INFO     | engineer             |   FE_polypharmacy            : total_active_meds >= 5 (clinical threshold)
2026-08-04 10:48:33 | INFO     | engineer             |   FE_med_coverage_ratio      : total_active_meds / (num_medications + 1)
2026-08-04 10:48:33 | INFO     | engineer             | --------------------------------------------------
2026-08-04 10:48:33 | INFO     | engineer             | Group C: Diagnosis Burden
2026-08-04 10:48:33 | INFO     | engineer             |   FE_high_comorbidity threshold (Q75, train) = 9.00
2026-08-04 10:48:33 | INFO     | engineer             |   FE_high_comorbidity        : number_diagnoses >= 9
2026-08-04 10:48:33 | INFO     | engineer             |   FE_diagnoses_per_day       : number_diagnoses / time_in_hospital
2026-08-04 10:48:33 | INFO     | engineer             |   FE_diag_med_ratio          : number_diagnoses / (num_medications + 1)
2026-08-04 10:48:33 | INFO     | engineer             | --------------------------------------------------
2026-08-04 10:48:33 | INFO     | engineer             | Group D: Lab & Procedure Load
2026-08-04 10:48:33 | INFO     | engineer             |   FE_high_lab_load threshold (Q75, train) = 56.00
2026-08-04 10:48:33 | INFO     | engineer             |   FE_high_lab_load           : num_lab_procedures >= 56
2026-08-04 10:48:33 | INFO     | engineer             |   FE_no_procedures           : num_procedures == 0
2026-08-04 10:48:33 | INFO     | engineer             |   FE_lab_to_procedure_ratio  : num_lab_procedures / (num_procedures + 1)
2026-08-04 10:48:33 | INFO     | engineer             | --------------------------------------------------
2026-08-04 10:48:33 | INFO     | engineer             | Group E: Prior Utilization
2026-08-04 10:48:33 | INFO     | engineer             |   FE_total_prior_contacts    : inpatient + outpatient + emergency
2026-08-04 10:48:33 | INFO     | engineer             |   FE_has_prior_emergency     : number_emergency > 0
2026-08-04 10:48:33 | INFO     | engineer             |   FE_has_prior_inpatient     : number_inpatient > 0
2026-08-04 10:48:33 | INFO     | engineer             |   FE_high_prior_utilization threshold (Q75, train) = 1.10
2026-08-04 10:48:33 | INFO     | engineer             |   FE_high_prior_utilization  : total_prior_contacts >= 1.10
2026-08-04 10:48:33 | INFO     | engineer             |   FE_multi_channel_utilizer  : count of channels with > 0 visits
2026-08-04 10:48:33 | INFO     | engineer             | --------------------------------------------------
2026-08-04 10:48:33 | INFO     | engineer             | Group F: Diabetes Management
2026-08-04 10:48:33 | INFO     | engineer             |   FE_insulin_prescribed      : insulin > 0 (Steady/Up/Down)
2026-08-04 10:48:33 | INFO     | engineer             |   FE_insulin_changed         : insulin Up or Down
2026-08-04 10:48:33 | INFO     | engineer             |   FE_insulin_increased       : insulin Up only
2026-08-04 10:48:33 | INFO     | engineer             |   FE_metformin_prescribed    : metformin > 0
2026-08-04 10:48:33 | INFO     | engineer             |   FE_metformin_changed       : metformin Up or Down
2026-08-04 10:48:33 | INFO     | engineer             |   FE_on_diabetes_med         : diabetesMed (pass-through alias)
2026-08-04 10:48:33 | INFO     | engineer             |   FE_med_regimen_changed     : change (pass-through alias)
2026-08-04 10:48:33 | INFO     | engineer             |   FE_glycemic_risk_score     : sum of 3 glycemic indicators
2026-08-04 10:48:33 | INFO     | engineer             | --------------------------------------------------
2026-08-04 10:48:33 | INFO     | engineer             | Group G: Interaction Features
2026-08-04 10:48:33 | INFO     | engineer             |   FE_inpatient_x_polypharmacy : prior_inpatient × polypharmacy
2026-08-04 10:48:33 | INFO     | engineer             |   FE_high_util_x_med_change  : high_utilization × any_med_changed
2026-08-04 10:48:33 | INFO     | engineer             |   FE_comorbidity_x_lab_load  : high_comorbidity × high_lab_load
2026-08-04 10:48:33 | INFO     | engineer             |   FE_glycemic_x_emergency    : glycemic_risk_score × has_prior_emergency
2026-08-04 10:48:33 | INFO     | engineer             |   FE_labs_per_day_x_comorbidity : labs_per_day × high_comorbidity
2026-08-04 10:48:33 | INFO     | engineer             | --------------------------------------------------
2026-08-04 10:48:33 | INFO     | engineer             | Null audit on FE_ columns [train]
2026-08-04 10:48:33 | INFO     | engineer             |   All 38 FE_ columns are null-free — OK
2026-08-04 10:48:33 | INFO     | engineer             | --------------------------------------------------
2026-08-04 10:48:33 | INFO     | engineer             | Leakage guard: FE_ features vs target correlation
2026-08-04 10:48:33 | INFO     | engineer             |   Leakage guard passed — no |r| > 0.80 among 38 FE_ features
2026-08-04 10:48:33 | INFO     | engineer             |   fe_train_stats.json saved -> C:\Users\sharg\Desktop\github\DriftSentinel\outputs\artifacts\fe_train_stats.json
2026-08-04 10:48:33 | INFO     | engineer             |   fe_feature_names.json saved -> C:\Users\sharg\Desktop\github\DriftSentinel\outputs\artifacts\fe_feature_names.json
2026-08-04 10:48:33 | INFO     | engineer             |   feature_engineer.pkl saved -> C:\Users\sharg\Desktop\github\DriftSentinel\outputs\artifacts\feature_engineer.pkl
2026-08-04 10:48:33 | INFO     | engineer             | ======================================================================
2026-08-04 10:48:33 | INFO     | engineer             | fit_transform complete — shape: (63492, 80)
2026-08-04 10:48:33 | INFO     | engineer             | FE_ features created: 38
2026-08-04 10:48:33 | INFO     | engineer             | ======================================================================
2026-08-04 10:48:33 | INFO     | engineer             | ======================================================================
2026-08-04 10:48:33 | INFO     | engineer             | DriftSentinel — Feature Engineer  [transform on VAL]
2026-08-04 10:48:33 | INFO     | engineer             | ======================================================================
2026-08-04 10:48:33 | INFO     | engineer             | Input shape  : (20949, 42)
2026-08-04 10:48:33 | INFO     | engineer             | --------------------------------------------------
2026-08-04 10:48:33 | INFO     | engineer             | Group A: Utilization Intensity
2026-08-04 10:48:33 | INFO     | engineer             |   FE_total_clinical_contacts : time + procedures + labs
2026-08-04 10:48:33 | INFO     | engineer             |   FE_labs_per_day            : num_lab_procedures / time_in_hospital
2026-08-04 10:48:33 | INFO     | engineer             |   FE_meds_per_day            : num_medications / time_in_hospital
2026-08-04 10:48:33 | INFO     | engineer             |   FE_procedure_density       : num_procedures / (num_lab_procedures + 1)
2026-08-04 10:48:33 | INFO     | engineer             |   FE_high_utilization        : >= 62.00  n=6,392
2026-08-04 10:48:33 | INFO     | engineer             | --------------------------------------------------
2026-08-04 10:48:33 | INFO     | engineer             | Group B: Medication Complexity
2026-08-04 10:48:33 | INFO     | engineer             |   FE_n_active_ordinal_meds   : sum of 9 ordinal meds > 0
2026-08-04 10:48:33 | INFO     | engineer             |   FE_n_active_binary_meds    : sum of 7 binary meds
2026-08-04 10:48:33 | INFO     | engineer             |   FE_total_active_meds       : ordinal_active + binary_active
2026-08-04 10:48:33 | INFO     | engineer             |   FE_n_med_changes           : meds with Up or Down dose
2026-08-04 10:48:33 | INFO     | engineer             |   FE_n_med_increases         : meds with Up dose only
2026-08-04 10:48:33 | INFO     | engineer             |   FE_n_med_decreases         : meds with Down dose only
2026-08-04 10:48:33 | INFO     | engineer             |   FE_any_med_changed         : binary flag, at least one dose change
2026-08-04 10:48:33 | INFO     | engineer             |   FE_polypharmacy            : total_active_meds >= 5 (clinical threshold)
2026-08-04 10:48:33 | INFO     | engineer             |   FE_med_coverage_ratio      : total_active_meds / (num_medications + 1)
2026-08-04 10:48:33 | INFO     | engineer             | --------------------------------------------------
2026-08-04 10:48:33 | INFO     | engineer             | Group C: Diagnosis Burden
2026-08-04 10:48:33 | INFO     | engineer             |   FE_high_comorbidity        : number_diagnoses >= 9
2026-08-04 10:48:33 | INFO     | engineer             |   FE_diagnoses_per_day       : number_diagnoses / time_in_hospital
2026-08-04 10:48:33 | INFO     | engineer             |   FE_diag_med_ratio          : number_diagnoses / (num_medications + 1)
2026-08-04 10:48:33 | INFO     | engineer             | --------------------------------------------------
2026-08-04 10:48:33 | INFO     | engineer             | Group D: Lab & Procedure Load
2026-08-04 10:48:33 | INFO     | engineer             |   FE_high_lab_load           : num_lab_procedures >= 56
2026-08-04 10:48:33 | INFO     | engineer             |   FE_no_procedures           : num_procedures == 0
2026-08-04 10:48:33 | INFO     | engineer             |   FE_lab_to_procedure_ratio  : num_lab_procedures / (num_procedures + 1)
2026-08-04 10:48:33 | INFO     | engineer             | --------------------------------------------------
2026-08-04 10:48:33 | INFO     | engineer             | Group E: Prior Utilization
2026-08-04 10:48:33 | INFO     | engineer             |   FE_total_prior_contacts    : inpatient + outpatient + emergency
2026-08-04 10:48:33 | INFO     | engineer             |   FE_has_prior_emergency     : number_emergency > 0
2026-08-04 10:48:33 | INFO     | engineer             |   FE_has_prior_inpatient     : number_inpatient > 0
2026-08-04 10:48:33 | INFO     | engineer             |   FE_high_prior_utilization  : total_prior_contacts >= 1.10
2026-08-04 10:48:33 | INFO     | engineer             |   FE_multi_channel_utilizer  : count of channels with > 0 visits
2026-08-04 10:48:33 | INFO     | engineer             | --------------------------------------------------
2026-08-04 10:48:33 | INFO     | engineer             | Group F: Diabetes Management
2026-08-04 10:48:33 | INFO     | engineer             |   FE_insulin_prescribed      : insulin > 0 (Steady/Up/Down)
2026-08-04 10:48:33 | INFO     | engineer             |   FE_insulin_changed         : insulin Up or Down
2026-08-04 10:48:33 | INFO     | engineer             |   FE_insulin_increased       : insulin Up only
2026-08-04 10:48:33 | INFO     | engineer             |   FE_metformin_prescribed    : metformin > 0
2026-08-04 10:48:33 | INFO     | engineer             |   FE_metformin_changed       : metformin Up or Down
2026-08-04 10:48:33 | INFO     | engineer             |   FE_on_diabetes_med         : diabetesMed (pass-through alias)
2026-08-04 10:48:33 | INFO     | engineer             |   FE_med_regimen_changed     : change (pass-through alias)
2026-08-04 10:48:33 | INFO     | engineer             |   FE_glycemic_risk_score     : sum of 3 glycemic indicators
2026-08-04 10:48:33 | INFO     | engineer             | --------------------------------------------------
2026-08-04 10:48:33 | INFO     | engineer             | Group G: Interaction Features
2026-08-04 10:48:33 | INFO     | engineer             |   FE_inpatient_x_polypharmacy : prior_inpatient × polypharmacy
2026-08-04 10:48:33 | INFO     | engineer             |   FE_high_util_x_med_change  : high_utilization × any_med_changed
2026-08-04 10:48:33 | INFO     | engineer             |   FE_comorbidity_x_lab_load  : high_comorbidity × high_lab_load
2026-08-04 10:48:33 | INFO     | engineer             |   FE_glycemic_x_emergency    : glycemic_risk_score × has_prior_emergency
2026-08-04 10:48:33 | INFO     | engineer             |   FE_labs_per_day_x_comorbidity : labs_per_day × high_comorbidity
2026-08-04 10:48:33 | INFO     | engineer             | --------------------------------------------------
2026-08-04 10:48:33 | INFO     | engineer             | Null audit on FE_ columns [val]
2026-08-04 10:48:33 | INFO     | engineer             |   All 38 FE_ columns are null-free — OK
2026-08-04 10:48:33 | INFO     | engineer             | ======================================================================
2026-08-04 10:48:33 | INFO     | engineer             | transform complete [val] — shape: (20949, 80)
2026-08-04 10:48:33 | INFO     | engineer             | ======================================================================
2026-08-04 10:48:33 | INFO     | engineer             | ======================================================================
2026-08-04 10:48:33 | INFO     | engineer             | DriftSentinel — Feature Engineer  [transform on TEST]
2026-08-04 10:48:33 | INFO     | engineer             | ======================================================================
2026-08-04 10:48:33 | INFO     | engineer             | Input shape  : (17325, 42)
2026-08-04 10:48:33 | INFO     | engineer             | --------------------------------------------------
2026-08-04 10:48:33 | INFO     | engineer             | Group A: Utilization Intensity
2026-08-04 10:48:33 | INFO     | engineer             |   FE_total_clinical_contacts : time + procedures + labs
2026-08-04 10:48:33 | INFO     | engineer             |   FE_labs_per_day            : num_lab_procedures / time_in_hospital
2026-08-04 10:48:33 | INFO     | engineer             |   FE_meds_per_day            : num_medications / time_in_hospital
2026-08-04 10:48:33 | INFO     | engineer             |   FE_procedure_density       : num_procedures / (num_lab_procedures + 1)
2026-08-04 10:48:33 | INFO     | engineer             |   FE_high_utilization        : >= 62.00  n=5,001
2026-08-04 10:48:33 | INFO     | engineer             | --------------------------------------------------
2026-08-04 10:48:33 | INFO     | engineer             | Group B: Medication Complexity
2026-08-04 10:48:33 | INFO     | engineer             |   FE_n_active_ordinal_meds   : sum of 9 ordinal meds > 0
2026-08-04 10:48:33 | INFO     | engineer             |   FE_n_active_binary_meds    : sum of 7 binary meds
2026-08-04 10:48:33 | INFO     | engineer             |   FE_total_active_meds       : ordinal_active + binary_active
2026-08-04 10:48:33 | INFO     | engineer             |   FE_n_med_changes           : meds with Up or Down dose
2026-08-04 10:48:33 | INFO     | engineer             |   FE_n_med_increases         : meds with Up dose only
2026-08-04 10:48:33 | INFO     | engineer             |   FE_n_med_decreases         : meds with Down dose only
2026-08-04 10:48:33 | INFO     | engineer             |   FE_any_med_changed         : binary flag, at least one dose change
2026-08-04 10:48:33 | INFO     | engineer             |   FE_polypharmacy            : total_active_meds >= 5 (clinical threshold)
2026-08-04 10:48:33 | INFO     | engineer             |   FE_med_coverage_ratio      : total_active_meds / (num_medications + 1)
2026-08-04 10:48:33 | INFO     | engineer             | --------------------------------------------------
2026-08-04 10:48:33 | INFO     | engineer             | Group C: Diagnosis Burden
2026-08-04 10:48:33 | INFO     | engineer             |   FE_high_comorbidity        : number_diagnoses >= 9
2026-08-04 10:48:33 | INFO     | engineer             |   FE_diagnoses_per_day       : number_diagnoses / time_in_hospital
2026-08-04 10:48:33 | INFO     | engineer             |   FE_diag_med_ratio          : number_diagnoses / (num_medications + 1)
2026-08-04 10:48:33 | INFO     | engineer             | --------------------------------------------------
2026-08-04 10:48:33 | INFO     | engineer             | Group D: Lab & Procedure Load
2026-08-04 10:48:33 | INFO     | engineer             |   FE_high_lab_load           : num_lab_procedures >= 56
2026-08-04 10:48:33 | INFO     | engineer             |   FE_no_procedures           : num_procedures == 0
2026-08-04 10:48:33 | INFO     | engineer             |   FE_lab_to_procedure_ratio  : num_lab_procedures / (num_procedures + 1)
2026-08-04 10:48:33 | INFO     | engineer             | --------------------------------------------------
2026-08-04 10:48:33 | INFO     | engineer             | Group E: Prior Utilization
2026-08-04 10:48:33 | INFO     | engineer             |   FE_total_prior_contacts    : inpatient + outpatient + emergency
2026-08-04 10:48:33 | INFO     | engineer             |   FE_has_prior_emergency     : number_emergency > 0
2026-08-04 10:48:33 | INFO     | engineer             |   FE_has_prior_inpatient     : number_inpatient > 0
2026-08-04 10:48:33 | INFO     | engineer             |   FE_high_prior_utilization  : total_prior_contacts >= 1.10
2026-08-04 10:48:33 | INFO     | engineer             |   FE_multi_channel_utilizer  : count of channels with > 0 visits
2026-08-04 10:48:33 | INFO     | engineer             | --------------------------------------------------
2026-08-04 10:48:33 | INFO     | engineer             | Group F: Diabetes Management
2026-08-04 10:48:33 | INFO     | engineer             |   FE_insulin_prescribed      : insulin > 0 (Steady/Up/Down)
2026-08-04 10:48:33 | INFO     | engineer             |   FE_insulin_changed         : insulin Up or Down
2026-08-04 10:48:33 | INFO     | engineer             |   FE_insulin_increased       : insulin Up only
2026-08-04 10:48:33 | INFO     | engineer             |   FE_metformin_prescribed    : metformin > 0
2026-08-04 10:48:33 | INFO     | engineer             |   FE_metformin_changed       : metformin Up or Down
2026-08-04 10:48:33 | INFO     | engineer             |   FE_on_diabetes_med         : diabetesMed (pass-through alias)
2026-08-04 10:48:33 | INFO     | engineer             |   FE_med_regimen_changed     : change (pass-through alias)
2026-08-04 10:48:33 | INFO     | engineer             |   FE_glycemic_risk_score     : sum of 3 glycemic indicators
2026-08-04 10:48:33 | INFO     | engineer             | --------------------------------------------------
2026-08-04 10:48:33 | INFO     | engineer             | Group G: Interaction Features
2026-08-04 10:48:33 | INFO     | engineer             |   FE_inpatient_x_polypharmacy : prior_inpatient × polypharmacy
2026-08-04 10:48:33 | INFO     | engineer             |   FE_high_util_x_med_change  : high_utilization × any_med_changed
2026-08-04 10:48:33 | INFO     | engineer             |   FE_comorbidity_x_lab_load  : high_comorbidity × high_lab_load
2026-08-04 10:48:33 | INFO     | engineer             |   FE_glycemic_x_emergency    : glycemic_risk_score × has_prior_emergency
2026-08-04 10:48:33 | INFO     | engineer             |   FE_labs_per_day_x_comorbidity : labs_per_day × high_comorbidity
2026-08-04 10:48:33 | INFO     | engineer             | --------------------------------------------------
2026-08-04 10:48:33 | INFO     | engineer             | Null audit on FE_ columns [test]
2026-08-04 10:48:33 | INFO     | engineer             |   All 38 FE_ columns are null-free — OK
2026-08-04 10:48:33 | INFO     | engineer             | ======================================================================
2026-08-04 10:48:33 | INFO     | engineer             | transform complete [test] — shape: (17325, 80)
2026-08-04 10:48:33 | INFO     | engineer             | ======================================================================
2026-08-04 10:52:04 | INFO     | engineer             | ===== RUN 20260804-105157-d432da | pid=31324 | started 2026-08-04 10:52:04 =====
2026-08-04 10:52:04 | INFO     | engineer             | ======================================================================
2026-08-04 10:52:04 | INFO     | engineer             | DriftSentinel — Feature Engineer  [fit_transform on TRAIN]
2026-08-04 10:52:04 | INFO     | engineer             | ======================================================================
2026-08-04 10:52:04 | INFO     | engineer             | Input shape  : (63492, 42)
2026-08-04 10:52:04 | INFO     | engineer             | Existing FE_ columns: 0
2026-08-04 10:52:04 | INFO     | engineer             | --------------------------------------------------
2026-08-04 10:52:04 | INFO     | engineer             | Group A: Utilization Intensity
2026-08-04 10:52:04 | INFO     | engineer             |   FE_total_clinical_contacts : time + procedures + labs
2026-08-04 10:52:04 | INFO     | engineer             |   FE_labs_per_day            : num_lab_procedures / time_in_hospital
2026-08-04 10:52:04 | INFO     | engineer             |   FE_meds_per_day            : num_medications / time_in_hospital
2026-08-04 10:52:04 | INFO     | engineer             |   FE_procedure_density       : num_procedures / (num_lab_procedures + 1)
2026-08-04 10:52:04 | INFO     | engineer             |   FE_high_utilization threshold (Q75, train) = 62.00
2026-08-04 10:52:04 | INFO     | engineer             |   FE_high_utilization        : >= 62.00  n=16,716
2026-08-04 10:52:04 | INFO     | engineer             | --------------------------------------------------
2026-08-04 10:52:04 | INFO     | engineer             | Group B: Medication Complexity
2026-08-04 10:52:04 | INFO     | engineer             |   FE_n_active_ordinal_meds   : sum of 9 ordinal meds > 0
2026-08-04 10:52:04 | INFO     | engineer             |   FE_n_active_binary_meds    : sum of 7 binary meds
2026-08-04 10:52:04 | INFO     | engineer             |   FE_total_active_meds       : ordinal_active + binary_active
2026-08-04 10:52:04 | INFO     | engineer             |   FE_n_med_changes           : meds with Up or Down dose
2026-08-04 10:52:04 | INFO     | engineer             |   FE_n_med_increases         : meds with Up dose only
2026-08-04 10:52:04 | INFO     | engineer             |   FE_n_med_decreases         : meds with Down dose only
2026-08-04 10:52:04 | INFO     | engineer             |   FE_any_med_changed         : binary flag, at least one dose change
2026-08-04 10:52:04 | INFO     | engineer             |   FE_polypharmacy            : total_active_meds >= 5 (clinical threshold)
2026-08-04 10:52:04 | INFO     | engineer             |   FE_med_coverage_ratio      : total_active_meds / (num_medications + 1)
2026-08-04 10:52:04 | INFO     | engineer             | --------------------------------------------------
2026-08-04 10:52:04 | INFO     | engineer             | Group C: Diagnosis Burden
2026-08-04 10:52:04 | INFO     | engineer             |   FE_high_comorbidity threshold (Q75, train) = 9.00
2026-08-04 10:52:04 | INFO     | engineer             |   FE_high_comorbidity        : number_diagnoses >= 9
2026-08-04 10:52:04 | INFO     | engineer             |   FE_diagnoses_per_day       : number_diagnoses / time_in_hospital
2026-08-04 10:52:04 | INFO     | engineer             |   FE_diag_med_ratio          : number_diagnoses / (num_medications + 1)
2026-08-04 10:52:04 | INFO     | engineer             | --------------------------------------------------
2026-08-04 10:52:04 | INFO     | engineer             | Group D: Lab & Procedure Load
2026-08-04 10:52:04 | INFO     | engineer             |   FE_high_lab_load threshold (Q75, train) = 56.00
2026-08-04 10:52:04 | INFO     | engineer             |   FE_high_lab_load           : num_lab_procedures >= 56
2026-08-04 10:52:04 | INFO     | engineer             |   FE_no_procedures           : num_procedures == 0
2026-08-04 10:52:04 | INFO     | engineer             |   FE_lab_to_procedure_ratio  : num_lab_procedures / (num_procedures + 1)
2026-08-04 10:52:04 | INFO     | engineer             | --------------------------------------------------
2026-08-04 10:52:04 | INFO     | engineer             | Group E: Prior Utilization
2026-08-04 10:52:04 | INFO     | engineer             |   FE_total_prior_contacts    : inpatient + outpatient + emergency
2026-08-04 10:52:04 | INFO     | engineer             |   FE_has_prior_emergency     : number_emergency > 0
2026-08-04 10:52:04 | INFO     | engineer             |   FE_has_prior_inpatient     : number_inpatient > 0
2026-08-04 10:52:04 | INFO     | engineer             |   FE_high_prior_utilization threshold (Q75, train) = 1.10
2026-08-04 10:52:04 | INFO     | engineer             |   FE_high_prior_utilization  : total_prior_contacts >= 1.10
2026-08-04 10:52:04 | INFO     | engineer             |   FE_multi_channel_utilizer  : count of channels with > 0 visits
2026-08-04 10:52:04 | INFO     | engineer             | --------------------------------------------------
2026-08-04 10:52:04 | INFO     | engineer             | Group F: Diabetes Management
2026-08-04 10:52:04 | INFO     | engineer             |   FE_insulin_prescribed      : insulin > 0 (Steady/Up/Down)
2026-08-04 10:52:04 | INFO     | engineer             |   FE_insulin_changed         : insulin Up or Down
2026-08-04 10:52:04 | INFO     | engineer             |   FE_insulin_increased       : insulin Up only
2026-08-04 10:52:04 | INFO     | engineer             |   FE_metformin_prescribed    : metformin > 0
2026-08-04 10:52:04 | INFO     | engineer             |   FE_metformin_changed       : metformin Up or Down
2026-08-04 10:52:04 | INFO     | engineer             |   FE_on_diabetes_med         : diabetesMed (pass-through alias)
2026-08-04 10:52:04 | INFO     | engineer             |   FE_med_regimen_changed     : change (pass-through alias)
2026-08-04 10:52:04 | INFO     | engineer             |   FE_glycemic_risk_score     : sum of 3 glycemic indicators
2026-08-04 10:52:04 | INFO     | engineer             | --------------------------------------------------
2026-08-04 10:52:04 | INFO     | engineer             | Group G: Interaction Features
2026-08-04 10:52:04 | INFO     | engineer             |   FE_inpatient_x_polypharmacy : prior_inpatient × polypharmacy
2026-08-04 10:52:04 | INFO     | engineer             |   FE_high_util_x_med_change  : high_utilization × any_med_changed
2026-08-04 10:52:04 | INFO     | engineer             |   FE_comorbidity_x_lab_load  : high_comorbidity × high_lab_load
2026-08-04 10:52:04 | INFO     | engineer             |   FE_glycemic_x_emergency    : glycemic_risk_score × has_prior_emergency
2026-08-04 10:52:04 | INFO     | engineer             |   FE_labs_per_day_x_comorbidity : labs_per_day × high_comorbidity
2026-08-04 10:52:04 | INFO     | engineer             | --------------------------------------------------
2026-08-04 10:52:04 | INFO     | engineer             | Null audit on FE_ columns [train]
2026-08-04 10:52:04 | INFO     | engineer             |   All 38 FE_ columns are null-free — OK
2026-08-04 10:52:04 | INFO     | engineer             | --------------------------------------------------
2026-08-04 10:52:04 | INFO     | engineer             | Leakage guard: FE_ features vs target correlation
2026-08-04 10:52:04 | INFO     | engineer             |   Leakage guard passed — no |r| > 0.80 among 38 FE_ features
2026-08-04 10:52:04 | INFO     | engineer             |   fe_train_stats.json saved -> C:\Users\sharg\Desktop\github\DriftSentinel\outputs\artifacts\fe_train_stats.json
2026-08-04 10:52:04 | INFO     | engineer             |   fe_feature_names.json saved -> C:\Users\sharg\Desktop\github\DriftSentinel\outputs\artifacts\fe_feature_names.json
2026-08-04 10:52:04 | INFO     | engineer             |   feature_engineer.pkl saved -> C:\Users\sharg\Desktop\github\DriftSentinel\outputs\artifacts\feature_engineer.pkl
2026-08-04 10:52:04 | INFO     | engineer             | ======================================================================
2026-08-04 10:52:04 | INFO     | engineer             | fit_transform complete — shape: (63492, 80)
2026-08-04 10:52:04 | INFO     | engineer             | FE_ features created: 38
2026-08-04 10:52:04 | INFO     | engineer             | ======================================================================
2026-08-04 10:52:04 | INFO     | engineer             | ======================================================================
2026-08-04 10:52:04 | INFO     | engineer             | DriftSentinel — Feature Engineer  [transform on VAL]
2026-08-04 10:52:04 | INFO     | engineer             | ======================================================================
2026-08-04 10:52:04 | INFO     | engineer             | Input shape  : (20949, 42)
2026-08-04 10:52:04 | INFO     | engineer             | --------------------------------------------------
2026-08-04 10:52:04 | INFO     | engineer             | Group A: Utilization Intensity
2026-08-04 10:52:04 | INFO     | engineer             |   FE_total_clinical_contacts : time + procedures + labs
2026-08-04 10:52:04 | INFO     | engineer             |   FE_labs_per_day            : num_lab_procedures / time_in_hospital
2026-08-04 10:52:04 | INFO     | engineer             |   FE_meds_per_day            : num_medications / time_in_hospital
2026-08-04 10:52:04 | INFO     | engineer             |   FE_procedure_density       : num_procedures / (num_lab_procedures + 1)
2026-08-04 10:52:04 | INFO     | engineer             |   FE_high_utilization        : >= 62.00  n=6,392
2026-08-04 10:52:04 | INFO     | engineer             | --------------------------------------------------
2026-08-04 10:52:04 | INFO     | engineer             | Group B: Medication Complexity
2026-08-04 10:52:04 | INFO     | engineer             |   FE_n_active_ordinal_meds   : sum of 9 ordinal meds > 0
2026-08-04 10:52:04 | INFO     | engineer             |   FE_n_active_binary_meds    : sum of 7 binary meds
2026-08-04 10:52:04 | INFO     | engineer             |   FE_total_active_meds       : ordinal_active + binary_active
2026-08-04 10:52:04 | INFO     | engineer             |   FE_n_med_changes           : meds with Up or Down dose
2026-08-04 10:52:04 | INFO     | engineer             |   FE_n_med_increases         : meds with Up dose only
2026-08-04 10:52:04 | INFO     | engineer             |   FE_n_med_decreases         : meds with Down dose only
2026-08-04 10:52:04 | INFO     | engineer             |   FE_any_med_changed         : binary flag, at least one dose change
2026-08-04 10:52:04 | INFO     | engineer             |   FE_polypharmacy            : total_active_meds >= 5 (clinical threshold)
2026-08-04 10:52:04 | INFO     | engineer             |   FE_med_coverage_ratio      : total_active_meds / (num_medications + 1)
2026-08-04 10:52:04 | INFO     | engineer             | --------------------------------------------------
2026-08-04 10:52:04 | INFO     | engineer             | Group C: Diagnosis Burden
2026-08-04 10:52:04 | INFO     | engineer             |   FE_high_comorbidity        : number_diagnoses >= 9
2026-08-04 10:52:04 | INFO     | engineer             |   FE_diagnoses_per_day       : number_diagnoses / time_in_hospital
2026-08-04 10:52:04 | INFO     | engineer             |   FE_diag_med_ratio          : number_diagnoses / (num_medications + 1)
2026-08-04 10:52:04 | INFO     | engineer             | --------------------------------------------------
2026-08-04 10:52:04 | INFO     | engineer             | Group D: Lab & Procedure Load
2026-08-04 10:52:04 | INFO     | engineer             |   FE_high_lab_load           : num_lab_procedures >= 56
2026-08-04 10:52:04 | INFO     | engineer             |   FE_no_procedures           : num_procedures == 0
2026-08-04 10:52:04 | INFO     | engineer             |   FE_lab_to_procedure_ratio  : num_lab_procedures / (num_procedures + 1)
2026-08-04 10:52:04 | INFO     | engineer             | --------------------------------------------------
2026-08-04 10:52:04 | INFO     | engineer             | Group E: Prior Utilization
2026-08-04 10:52:04 | INFO     | engineer             |   FE_total_prior_contacts    : inpatient + outpatient + emergency
2026-08-04 10:52:04 | INFO     | engineer             |   FE_has_prior_emergency     : number_emergency > 0
2026-08-04 10:52:04 | INFO     | engineer             |   FE_has_prior_inpatient     : number_inpatient > 0
2026-08-04 10:52:04 | INFO     | engineer             |   FE_high_prior_utilization  : total_prior_contacts >= 1.10
2026-08-04 10:52:04 | INFO     | engineer             |   FE_multi_channel_utilizer  : count of channels with > 0 visits
2026-08-04 10:52:04 | INFO     | engineer             | --------------------------------------------------
2026-08-04 10:52:04 | INFO     | engineer             | Group F: Diabetes Management
2026-08-04 10:52:04 | INFO     | engineer             |   FE_insulin_prescribed      : insulin > 0 (Steady/Up/Down)
2026-08-04 10:52:04 | INFO     | engineer             |   FE_insulin_changed         : insulin Up or Down
2026-08-04 10:52:04 | INFO     | engineer             |   FE_insulin_increased       : insulin Up only
2026-08-04 10:52:04 | INFO     | engineer             |   FE_metformin_prescribed    : metformin > 0
2026-08-04 10:52:04 | INFO     | engineer             |   FE_metformin_changed       : metformin Up or Down
2026-08-04 10:52:04 | INFO     | engineer             |   FE_on_diabetes_med         : diabetesMed (pass-through alias)
2026-08-04 10:52:04 | INFO     | engineer             |   FE_med_regimen_changed     : change (pass-through alias)
2026-08-04 10:52:04 | INFO     | engineer             |   FE_glycemic_risk_score     : sum of 3 glycemic indicators
2026-08-04 10:52:04 | INFO     | engineer             | --------------------------------------------------
2026-08-04 10:52:04 | INFO     | engineer             | Group G: Interaction Features
2026-08-04 10:52:04 | INFO     | engineer             |   FE_inpatient_x_polypharmacy : prior_inpatient × polypharmacy
2026-08-04 10:52:04 | INFO     | engineer             |   FE_high_util_x_med_change  : high_utilization × any_med_changed
2026-08-04 10:52:04 | INFO     | engineer             |   FE_comorbidity_x_lab_load  : high_comorbidity × high_lab_load
2026-08-04 10:52:04 | INFO     | engineer             |   FE_glycemic_x_emergency    : glycemic_risk_score × has_prior_emergency
2026-08-04 10:52:04 | INFO     | engineer             |   FE_labs_per_day_x_comorbidity : labs_per_day × high_comorbidity
2026-08-04 10:52:04 | INFO     | engineer             | --------------------------------------------------
2026-08-04 10:52:04 | INFO     | engineer             | Null audit on FE_ columns [val]
2026-08-04 10:52:04 | INFO     | engineer             |   All 38 FE_ columns are null-free — OK
2026-08-04 10:52:04 | INFO     | engineer             | ======================================================================
2026-08-04 10:52:04 | INFO     | engineer             | transform complete [val] — shape: (20949, 80)
2026-08-04 10:52:04 | INFO     | engineer             | ======================================================================
2026-08-04 10:52:04 | INFO     | engineer             | ======================================================================
2026-08-04 10:52:04 | INFO     | engineer             | DriftSentinel — Feature Engineer  [transform on TEST]
2026-08-04 10:52:04 | INFO     | engineer             | ======================================================================
2026-08-04 10:52:04 | INFO     | engineer             | Input shape  : (17325, 42)
2026-08-04 10:52:04 | INFO     | engineer             | --------------------------------------------------
2026-08-04 10:52:04 | INFO     | engineer             | Group A: Utilization Intensity
2026-08-04 10:52:04 | INFO     | engineer             |   FE_total_clinical_contacts : time + procedures + labs
2026-08-04 10:52:04 | INFO     | engineer             |   FE_labs_per_day            : num_lab_procedures / time_in_hospital
2026-08-04 10:52:04 | INFO     | engineer             |   FE_meds_per_day            : num_medications / time_in_hospital
2026-08-04 10:52:04 | INFO     | engineer             |   FE_procedure_density       : num_procedures / (num_lab_procedures + 1)
2026-08-04 10:52:04 | INFO     | engineer             |   FE_high_utilization        : >= 62.00  n=5,001
2026-08-04 10:52:04 | INFO     | engineer             | --------------------------------------------------
2026-08-04 10:52:04 | INFO     | engineer             | Group B: Medication Complexity
2026-08-04 10:52:04 | INFO     | engineer             |   FE_n_active_ordinal_meds   : sum of 9 ordinal meds > 0
2026-08-04 10:52:04 | INFO     | engineer             |   FE_n_active_binary_meds    : sum of 7 binary meds
2026-08-04 10:52:04 | INFO     | engineer             |   FE_total_active_meds       : ordinal_active + binary_active
2026-08-04 10:52:04 | INFO     | engineer             |   FE_n_med_changes           : meds with Up or Down dose
2026-08-04 10:52:04 | INFO     | engineer             |   FE_n_med_increases         : meds with Up dose only
2026-08-04 10:52:04 | INFO     | engineer             |   FE_n_med_decreases         : meds with Down dose only
2026-08-04 10:52:04 | INFO     | engineer             |   FE_any_med_changed         : binary flag, at least one dose change
2026-08-04 10:52:04 | INFO     | engineer             |   FE_polypharmacy            : total_active_meds >= 5 (clinical threshold)
2026-08-04 10:52:04 | INFO     | engineer             |   FE_med_coverage_ratio      : total_active_meds / (num_medications + 1)
2026-08-04 10:52:04 | INFO     | engineer             | --------------------------------------------------
2026-08-04 10:52:04 | INFO     | engineer             | Group C: Diagnosis Burden
2026-08-04 10:52:04 | INFO     | engineer             |   FE_high_comorbidity        : number_diagnoses >= 9
2026-08-04 10:52:04 | INFO     | engineer             |   FE_diagnoses_per_day       : number_diagnoses / time_in_hospital
2026-08-04 10:52:04 | INFO     | engineer             |   FE_diag_med_ratio          : number_diagnoses / (num_medications + 1)
2026-08-04 10:52:04 | INFO     | engineer             | --------------------------------------------------
2026-08-04 10:52:04 | INFO     | engineer             | Group D: Lab & Procedure Load
2026-08-04 10:52:04 | INFO     | engineer             |   FE_high_lab_load           : num_lab_procedures >= 56
2026-08-04 10:52:04 | INFO     | engineer             |   FE_no_procedures           : num_procedures == 0
2026-08-04 10:52:04 | INFO     | engineer             |   FE_lab_to_procedure_ratio  : num_lab_procedures / (num_procedures + 1)
2026-08-04 10:52:04 | INFO     | engineer             | --------------------------------------------------
2026-08-04 10:52:04 | INFO     | engineer             | Group E: Prior Utilization
2026-08-04 10:52:04 | INFO     | engineer             |   FE_total_prior_contacts    : inpatient + outpatient + emergency
2026-08-04 10:52:04 | INFO     | engineer             |   FE_has_prior_emergency     : number_emergency > 0
2026-08-04 10:52:04 | INFO     | engineer             |   FE_has_prior_inpatient     : number_inpatient > 0
2026-08-04 10:52:04 | INFO     | engineer             |   FE_high_prior_utilization  : total_prior_contacts >= 1.10
2026-08-04 10:52:04 | INFO     | engineer             |   FE_multi_channel_utilizer  : count of channels with > 0 visits
2026-08-04 10:52:04 | INFO     | engineer             | --------------------------------------------------
2026-08-04 10:52:04 | INFO     | engineer             | Group F: Diabetes Management
2026-08-04 10:52:04 | INFO     | engineer             |   FE_insulin_prescribed      : insulin > 0 (Steady/Up/Down)
2026-08-04 10:52:04 | INFO     | engineer             |   FE_insulin_changed         : insulin Up or Down
2026-08-04 10:52:04 | INFO     | engineer             |   FE_insulin_increased       : insulin Up only
2026-08-04 10:52:04 | INFO     | engineer             |   FE_metformin_prescribed    : metformin > 0
2026-08-04 10:52:04 | INFO     | engineer             |   FE_metformin_changed       : metformin Up or Down
2026-08-04 10:52:04 | INFO     | engineer             |   FE_on_diabetes_med         : diabetesMed (pass-through alias)
2026-08-04 10:52:04 | INFO     | engineer             |   FE_med_regimen_changed     : change (pass-through alias)
2026-08-04 10:52:04 | INFO     | engineer             |   FE_glycemic_risk_score     : sum of 3 glycemic indicators
2026-08-04 10:52:04 | INFO     | engineer             | --------------------------------------------------
2026-08-04 10:52:04 | INFO     | engineer             | Group G: Interaction Features
2026-08-04 10:52:04 | INFO     | engineer             |   FE_inpatient_x_polypharmacy : prior_inpatient × polypharmacy
2026-08-04 10:52:04 | INFO     | engineer             |   FE_high_util_x_med_change  : high_utilization × any_med_changed
2026-08-04 10:52:04 | INFO     | engineer             |   FE_comorbidity_x_lab_load  : high_comorbidity × high_lab_load
2026-08-04 10:52:04 | INFO     | engineer             |   FE_glycemic_x_emergency    : glycemic_risk_score × has_prior_emergency
2026-08-04 10:52:04 | INFO     | engineer             |   FE_labs_per_day_x_comorbidity : labs_per_day × high_comorbidity
2026-08-04 10:52:04 | INFO     | engineer             | --------------------------------------------------
2026-08-04 10:52:04 | INFO     | engineer             | Null audit on FE_ columns [test]
2026-08-04 10:52:04 | INFO     | engineer             |   All 38 FE_ columns are null-free — OK
2026-08-04 10:52:04 | INFO     | engineer             | ======================================================================
2026-08-04 10:52:04 | INFO     | engineer             | transform complete [test] — shape: (17325, 80)
2026-08-04 10:52:04 | INFO     | engineer             | ======================================================================
2026-08-04 10:54:05 | INFO     | engineer             | ===== RUN 20260804-105400-8176e5 | pid=20152 | started 2026-08-04 10:54:05 =====
2026-08-04 10:54:05 | INFO     | engineer             | ======================================================================
2026-08-04 10:54:05 | INFO     | engineer             | DriftSentinel — Feature Engineer  [fit_transform on TRAIN]
2026-08-04 10:54:05 | INFO     | engineer             | ======================================================================
2026-08-04 10:54:05 | INFO     | engineer             | Input shape  : (63492, 42)
2026-08-04 10:54:05 | INFO     | engineer             | Existing FE_ columns: 0
2026-08-04 10:54:05 | INFO     | engineer             | --------------------------------------------------
2026-08-04 10:54:05 | INFO     | engineer             | Group A: Utilization Intensity
2026-08-04 10:54:05 | INFO     | engineer             |   FE_total_clinical_contacts : time + procedures + labs
2026-08-04 10:54:05 | INFO     | engineer             |   FE_labs_per_day            : num_lab_procedures / time_in_hospital
2026-08-04 10:54:05 | INFO     | engineer             |   FE_meds_per_day            : num_medications / time_in_hospital
2026-08-04 10:54:05 | INFO     | engineer             |   FE_procedure_density       : num_procedures / (num_lab_procedures + 1)
2026-08-04 10:54:05 | INFO     | engineer             |   FE_high_utilization threshold (Q75, train) = 62.00
2026-08-04 10:54:05 | INFO     | engineer             |   FE_high_utilization        : >= 62.00  n=16,716
2026-08-04 10:54:05 | INFO     | engineer             | --------------------------------------------------
2026-08-04 10:54:05 | INFO     | engineer             | Group B: Medication Complexity
2026-08-04 10:54:05 | INFO     | engineer             |   FE_n_active_ordinal_meds   : sum of 9 ordinal meds > 0
2026-08-04 10:54:05 | INFO     | engineer             |   FE_n_active_binary_meds    : sum of 7 binary meds
2026-08-04 10:54:05 | INFO     | engineer             |   FE_total_active_meds       : ordinal_active + binary_active
2026-08-04 10:54:05 | INFO     | engineer             |   FE_n_med_changes           : meds with Up or Down dose
2026-08-04 10:54:05 | INFO     | engineer             |   FE_n_med_increases         : meds with Up dose only
2026-08-04 10:54:05 | INFO     | engineer             |   FE_n_med_decreases         : meds with Down dose only
2026-08-04 10:54:05 | INFO     | engineer             |   FE_any_med_changed         : binary flag, at least one dose change
2026-08-04 10:54:05 | INFO     | engineer             |   FE_polypharmacy            : total_active_meds >= 5 (clinical threshold)
2026-08-04 10:54:05 | INFO     | engineer             |   FE_med_coverage_ratio      : total_active_meds / (num_medications + 1)
2026-08-04 10:54:05 | INFO     | engineer             | --------------------------------------------------
2026-08-04 10:54:05 | INFO     | engineer             | Group C: Diagnosis Burden
2026-08-04 10:54:05 | INFO     | engineer             |   FE_high_comorbidity threshold (Q75, train) = 9.00
2026-08-04 10:54:05 | INFO     | engineer             |   FE_high_comorbidity        : number_diagnoses >= 9
2026-08-04 10:54:05 | INFO     | engineer             |   FE_diagnoses_per_day       : number_diagnoses / time_in_hospital
2026-08-04 10:54:05 | INFO     | engineer             |   FE_diag_med_ratio          : number_diagnoses / (num_medications + 1)
2026-08-04 10:54:05 | INFO     | engineer             | --------------------------------------------------
2026-08-04 10:54:05 | INFO     | engineer             | Group D: Lab & Procedure Load
2026-08-04 10:54:05 | INFO     | engineer             |   FE_high_lab_load threshold (Q75, train) = 56.00
2026-08-04 10:54:05 | INFO     | engineer             |   FE_high_lab_load           : num_lab_procedures >= 56
2026-08-04 10:54:05 | INFO     | engineer             |   FE_no_procedures           : num_procedures == 0
2026-08-04 10:54:05 | INFO     | engineer             |   FE_lab_to_procedure_ratio  : num_lab_procedures / (num_procedures + 1)
2026-08-04 10:54:05 | INFO     | engineer             | --------------------------------------------------
2026-08-04 10:54:05 | INFO     | engineer             | Group E: Prior Utilization
2026-08-04 10:54:05 | INFO     | engineer             |   FE_total_prior_contacts    : inpatient + outpatient + emergency
2026-08-04 10:54:05 | INFO     | engineer             |   FE_has_prior_emergency     : number_emergency > 0
2026-08-04 10:54:05 | INFO     | engineer             |   FE_has_prior_inpatient     : number_inpatient > 0
2026-08-04 10:54:05 | INFO     | engineer             |   FE_high_prior_utilization threshold (Q75, train) = 1.10
2026-08-04 10:54:05 | INFO     | engineer             |   FE_high_prior_utilization  : total_prior_contacts >= 1.10
2026-08-04 10:54:05 | INFO     | engineer             |   FE_multi_channel_utilizer  : count of channels with > 0 visits
2026-08-04 10:54:05 | INFO     | engineer             | --------------------------------------------------
2026-08-04 10:54:05 | INFO     | engineer             | Group F: Diabetes Management
2026-08-04 10:54:05 | INFO     | engineer             |   FE_insulin_prescribed      : insulin > 0 (Steady/Up/Down)
2026-08-04 10:54:05 | INFO     | engineer             |   FE_insulin_changed         : insulin Up or Down
2026-08-04 10:54:05 | INFO     | engineer             |   FE_insulin_increased       : insulin Up only
2026-08-04 10:54:05 | INFO     | engineer             |   FE_metformin_prescribed    : metformin > 0
2026-08-04 10:54:05 | INFO     | engineer             |   FE_metformin_changed       : metformin Up or Down
2026-08-04 10:54:05 | INFO     | engineer             |   FE_on_diabetes_med         : diabetesMed (pass-through alias)
2026-08-04 10:54:05 | INFO     | engineer             |   FE_med_regimen_changed     : change (pass-through alias)
2026-08-04 10:54:05 | INFO     | engineer             |   FE_glycemic_risk_score     : sum of 3 glycemic indicators
2026-08-04 10:54:05 | INFO     | engineer             | --------------------------------------------------
2026-08-04 10:54:05 | INFO     | engineer             | Group G: Interaction Features
2026-08-04 10:54:05 | INFO     | engineer             |   FE_inpatient_x_polypharmacy : prior_inpatient × polypharmacy
2026-08-04 10:54:05 | INFO     | engineer             |   FE_high_util_x_med_change  : high_utilization × any_med_changed
2026-08-04 10:54:05 | INFO     | engineer             |   FE_comorbidity_x_lab_load  : high_comorbidity × high_lab_load
2026-08-04 10:54:05 | INFO     | engineer             |   FE_glycemic_x_emergency    : glycemic_risk_score × has_prior_emergency
2026-08-04 10:54:05 | INFO     | engineer             |   FE_labs_per_day_x_comorbidity : labs_per_day × high_comorbidity
2026-08-04 10:54:05 | INFO     | engineer             | --------------------------------------------------
2026-08-04 10:54:05 | INFO     | engineer             | Null audit on FE_ columns [train]
2026-08-04 10:54:05 | INFO     | engineer             |   All 38 FE_ columns are null-free — OK
2026-08-04 10:54:05 | INFO     | engineer             | --------------------------------------------------
2026-08-04 10:54:05 | INFO     | engineer             | Leakage guard: FE_ features vs target correlation
2026-08-04 10:54:05 | INFO     | engineer             |   Leakage guard passed — no |r| > 0.80 among 38 FE_ features
2026-08-04 10:54:05 | INFO     | engineer             |   fe_train_stats.json saved -> C:\Users\sharg\Desktop\github\DriftSentinel\outputs\artifacts\fe_train_stats.json
2026-08-04 10:54:05 | INFO     | engineer             |   fe_feature_names.json saved -> C:\Users\sharg\Desktop\github\DriftSentinel\outputs\artifacts\fe_feature_names.json
2026-08-04 10:54:05 | INFO     | engineer             |   feature_engineer.pkl saved -> C:\Users\sharg\Desktop\github\DriftSentinel\outputs\artifacts\feature_engineer.pkl
2026-08-04 10:54:05 | INFO     | engineer             | ======================================================================
2026-08-04 10:54:05 | INFO     | engineer             | fit_transform complete — shape: (63492, 80)
2026-08-04 10:54:05 | INFO     | engineer             | FE_ features created: 38
2026-08-04 10:54:05 | INFO     | engineer             | ======================================================================
2026-08-04 10:54:05 | INFO     | engineer             | ======================================================================
2026-08-04 10:54:05 | INFO     | engineer             | DriftSentinel — Feature Engineer  [transform on VAL]
2026-08-04 10:54:05 | INFO     | engineer             | ======================================================================
2026-08-04 10:54:05 | INFO     | engineer             | Input shape  : (20949, 42)
2026-08-04 10:54:05 | INFO     | engineer             | --------------------------------------------------
2026-08-04 10:54:05 | INFO     | engineer             | Group A: Utilization Intensity
2026-08-04 10:54:05 | INFO     | engineer             |   FE_total_clinical_contacts : time + procedures + labs
2026-08-04 10:54:05 | INFO     | engineer             |   FE_labs_per_day            : num_lab_procedures / time_in_hospital
2026-08-04 10:54:05 | INFO     | engineer             |   FE_meds_per_day            : num_medications / time_in_hospital
2026-08-04 10:54:05 | INFO     | engineer             |   FE_procedure_density       : num_procedures / (num_lab_procedures + 1)
2026-08-04 10:54:05 | INFO     | engineer             |   FE_high_utilization        : >= 62.00  n=6,392
2026-08-04 10:54:05 | INFO     | engineer             | --------------------------------------------------
2026-08-04 10:54:05 | INFO     | engineer             | Group B: Medication Complexity
2026-08-04 10:54:05 | INFO     | engineer             |   FE_n_active_ordinal_meds   : sum of 9 ordinal meds > 0
2026-08-04 10:54:05 | INFO     | engineer             |   FE_n_active_binary_meds    : sum of 7 binary meds
2026-08-04 10:54:05 | INFO     | engineer             |   FE_total_active_meds       : ordinal_active + binary_active
2026-08-04 10:54:05 | INFO     | engineer             |   FE_n_med_changes           : meds with Up or Down dose
2026-08-04 10:54:05 | INFO     | engineer             |   FE_n_med_increases         : meds with Up dose only
2026-08-04 10:54:05 | INFO     | engineer             |   FE_n_med_decreases         : meds with Down dose only
2026-08-04 10:54:05 | INFO     | engineer             |   FE_any_med_changed         : binary flag, at least one dose change
2026-08-04 10:54:05 | INFO     | engineer             |   FE_polypharmacy            : total_active_meds >= 5 (clinical threshold)
2026-08-04 10:54:05 | INFO     | engineer             |   FE_med_coverage_ratio      : total_active_meds / (num_medications + 1)
2026-08-04 10:54:05 | INFO     | engineer             | --------------------------------------------------
2026-08-04 10:54:05 | INFO     | engineer             | Group C: Diagnosis Burden
2026-08-04 10:54:05 | INFO     | engineer             |   FE_high_comorbidity        : number_diagnoses >= 9
2026-08-04 10:54:05 | INFO     | engineer             |   FE_diagnoses_per_day       : number_diagnoses / time_in_hospital
2026-08-04 10:54:05 | INFO     | engineer             |   FE_diag_med_ratio          : number_diagnoses / (num_medications + 1)
2026-08-04 10:54:05 | INFO     | engineer             | --------------------------------------------------
2026-08-04 10:54:05 | INFO     | engineer             | Group D: Lab & Procedure Load
2026-08-04 10:54:05 | INFO     | engineer             |   FE_high_lab_load           : num_lab_procedures >= 56
2026-08-04 10:54:05 | INFO     | engineer             |   FE_no_procedures           : num_procedures == 0
2026-08-04 10:54:05 | INFO     | engineer             |   FE_lab_to_procedure_ratio  : num_lab_procedures / (num_procedures + 1)
2026-08-04 10:54:05 | INFO     | engineer             | --------------------------------------------------
2026-08-04 10:54:05 | INFO     | engineer             | Group E: Prior Utilization
2026-08-04 10:54:05 | INFO     | engineer             |   FE_total_prior_contacts    : inpatient + outpatient + emergency
2026-08-04 10:54:05 | INFO     | engineer             |   FE_has_prior_emergency     : number_emergency > 0
2026-08-04 10:54:05 | INFO     | engineer             |   FE_has_prior_inpatient     : number_inpatient > 0
2026-08-04 10:54:05 | INFO     | engineer             |   FE_high_prior_utilization  : total_prior_contacts >= 1.10
2026-08-04 10:54:05 | INFO     | engineer             |   FE_multi_channel_utilizer  : count of channels with > 0 visits
2026-08-04 10:54:05 | INFO     | engineer             | --------------------------------------------------
2026-08-04 10:54:05 | INFO     | engineer             | Group F: Diabetes Management
2026-08-04 10:54:05 | INFO     | engineer             |   FE_insulin_prescribed      : insulin > 0 (Steady/Up/Down)
2026-08-04 10:54:05 | INFO     | engineer             |   FE_insulin_changed         : insulin Up or Down
2026-08-04 10:54:05 | INFO     | engineer             |   FE_insulin_increased       : insulin Up only
2026-08-04 10:54:05 | INFO     | engineer             |   FE_metformin_prescribed    : metformin > 0
2026-08-04 10:54:05 | INFO     | engineer             |   FE_metformin_changed       : metformin Up or Down
2026-08-04 10:54:05 | INFO     | engineer             |   FE_on_diabetes_med         : diabetesMed (pass-through alias)
2026-08-04 10:54:05 | INFO     | engineer             |   FE_med_regimen_changed     : change (pass-through alias)
2026-08-04 10:54:05 | INFO     | engineer             |   FE_glycemic_risk_score     : sum of 3 glycemic indicators
2026-08-04 10:54:05 | INFO     | engineer             | --------------------------------------------------
2026-08-04 10:54:05 | INFO     | engineer             | Group G: Interaction Features
2026-08-04 10:54:05 | INFO     | engineer             |   FE_inpatient_x_polypharmacy : prior_inpatient × polypharmacy
2026-08-04 10:54:05 | INFO     | engineer             |   FE_high_util_x_med_change  : high_utilization × any_med_changed
2026-08-04 10:54:05 | INFO     | engineer             |   FE_comorbidity_x_lab_load  : high_comorbidity × high_lab_load
2026-08-04 10:54:05 | INFO     | engineer             |   FE_glycemic_x_emergency    : glycemic_risk_score × has_prior_emergency
2026-08-04 10:54:05 | INFO     | engineer             |   FE_labs_per_day_x_comorbidity : labs_per_day × high_comorbidity
2026-08-04 10:54:05 | INFO     | engineer             | --------------------------------------------------
2026-08-04 10:54:05 | INFO     | engineer             | Null audit on FE_ columns [val]
2026-08-04 10:54:05 | INFO     | engineer             |   All 38 FE_ columns are null-free — OK
2026-08-04 10:54:05 | INFO     | engineer             | ======================================================================
2026-08-04 10:54:05 | INFO     | engineer             | transform complete [val] — shape: (20949, 80)
2026-08-04 10:54:05 | INFO     | engineer             | ======================================================================
2026-08-04 10:54:05 | INFO     | engineer             | ======================================================================
2026-08-04 10:54:05 | INFO     | engineer             | DriftSentinel — Feature Engineer  [transform on TEST]
2026-08-04 10:54:05 | INFO     | engineer             | ======================================================================
2026-08-04 10:54:05 | INFO     | engineer             | Input shape  : (17325, 42)
2026-08-04 10:54:05 | INFO     | engineer             | --------------------------------------------------
2026-08-04 10:54:05 | INFO     | engineer             | Group A: Utilization Intensity
2026-08-04 10:54:05 | INFO     | engineer             |   FE_total_clinical_contacts : time + procedures + labs
2026-08-04 10:54:05 | INFO     | engineer             |   FE_labs_per_day            : num_lab_procedures / time_in_hospital
2026-08-04 10:54:05 | INFO     | engineer             |   FE_meds_per_day            : num_medications / time_in_hospital
2026-08-04 10:54:05 | INFO     | engineer             |   FE_procedure_density       : num_procedures / (num_lab_procedures + 1)
2026-08-04 10:54:05 | INFO     | engineer             |   FE_high_utilization        : >= 62.00  n=5,001
2026-08-04 10:54:05 | INFO     | engineer             | --------------------------------------------------
2026-08-04 10:54:05 | INFO     | engineer             | Group B: Medication Complexity
2026-08-04 10:54:05 | INFO     | engineer             |   FE_n_active_ordinal_meds   : sum of 9 ordinal meds > 0
2026-08-04 10:54:05 | INFO     | engineer             |   FE_n_active_binary_meds    : sum of 7 binary meds
2026-08-04 10:54:05 | INFO     | engineer             |   FE_total_active_meds       : ordinal_active + binary_active
2026-08-04 10:54:05 | INFO     | engineer             |   FE_n_med_changes           : meds with Up or Down dose
2026-08-04 10:54:05 | INFO     | engineer             |   FE_n_med_increases         : meds with Up dose only
2026-08-04 10:54:05 | INFO     | engineer             |   FE_n_med_decreases         : meds with Down dose only
2026-08-04 10:54:05 | INFO     | engineer             |   FE_any_med_changed         : binary flag, at least one dose change
2026-08-04 10:54:05 | INFO     | engineer             |   FE_polypharmacy            : total_active_meds >= 5 (clinical threshold)
2026-08-04 10:54:05 | INFO     | engineer             |   FE_med_coverage_ratio      : total_active_meds / (num_medications + 1)
2026-08-04 10:54:05 | INFO     | engineer             | --------------------------------------------------
2026-08-04 10:54:05 | INFO     | engineer             | Group C: Diagnosis Burden
2026-08-04 10:54:05 | INFO     | engineer             |   FE_high_comorbidity        : number_diagnoses >= 9
2026-08-04 10:54:05 | INFO     | engineer             |   FE_diagnoses_per_day       : number_diagnoses / time_in_hospital
2026-08-04 10:54:05 | INFO     | engineer             |   FE_diag_med_ratio          : number_diagnoses / (num_medications + 1)
2026-08-04 10:54:05 | INFO     | engineer             | --------------------------------------------------
2026-08-04 10:54:05 | INFO     | engineer             | Group D: Lab & Procedure Load
2026-08-04 10:54:05 | INFO     | engineer             |   FE_high_lab_load           : num_lab_procedures >= 56
2026-08-04 10:54:05 | INFO     | engineer             |   FE_no_procedures           : num_procedures == 0
2026-08-04 10:54:05 | INFO     | engineer             |   FE_lab_to_procedure_ratio  : num_lab_procedures / (num_procedures + 1)
2026-08-04 10:54:05 | INFO     | engineer             | --------------------------------------------------
2026-08-04 10:54:05 | INFO     | engineer             | Group E: Prior Utilization
2026-08-04 10:54:05 | INFO     | engineer             |   FE_total_prior_contacts    : inpatient + outpatient + emergency
2026-08-04 10:54:05 | INFO     | engineer             |   FE_has_prior_emergency     : number_emergency > 0
2026-08-04 10:54:05 | INFO     | engineer             |   FE_has_prior_inpatient     : number_inpatient > 0
2026-08-04 10:54:05 | INFO     | engineer             |   FE_high_prior_utilization  : total_prior_contacts >= 1.10
2026-08-04 10:54:05 | INFO     | engineer             |   FE_multi_channel_utilizer  : count of channels with > 0 visits
2026-08-04 10:54:05 | INFO     | engineer             | --------------------------------------------------
2026-08-04 10:54:05 | INFO     | engineer             | Group F: Diabetes Management
2026-08-04 10:54:05 | INFO     | engineer             |   FE_insulin_prescribed      : insulin > 0 (Steady/Up/Down)
2026-08-04 10:54:05 | INFO     | engineer             |   FE_insulin_changed         : insulin Up or Down
2026-08-04 10:54:05 | INFO     | engineer             |   FE_insulin_increased       : insulin Up only
2026-08-04 10:54:05 | INFO     | engineer             |   FE_metformin_prescribed    : metformin > 0
2026-08-04 10:54:05 | INFO     | engineer             |   FE_metformin_changed       : metformin Up or Down
2026-08-04 10:54:05 | INFO     | engineer             |   FE_on_diabetes_med         : diabetesMed (pass-through alias)
2026-08-04 10:54:05 | INFO     | engineer             |   FE_med_regimen_changed     : change (pass-through alias)
2026-08-04 10:54:05 | INFO     | engineer             |   FE_glycemic_risk_score     : sum of 3 glycemic indicators
2026-08-04 10:54:05 | INFO     | engineer             | --------------------------------------------------
2026-08-04 10:54:05 | INFO     | engineer             | Group G: Interaction Features
2026-08-04 10:54:05 | INFO     | engineer             |   FE_inpatient_x_polypharmacy : prior_inpatient × polypharmacy
2026-08-04 10:54:05 | INFO     | engineer             |   FE_high_util_x_med_change  : high_utilization × any_med_changed
2026-08-04 10:54:05 | INFO     | engineer             |   FE_comorbidity_x_lab_load  : high_comorbidity × high_lab_load
2026-08-04 10:54:05 | INFO     | engineer             |   FE_glycemic_x_emergency    : glycemic_risk_score × has_prior_emergency
2026-08-04 10:54:05 | INFO     | engineer             |   FE_labs_per_day_x_comorbidity : labs_per_day × high_comorbidity
2026-08-04 10:54:05 | INFO     | engineer             | --------------------------------------------------
2026-08-04 10:54:05 | INFO     | engineer             | Null audit on FE_ columns [test]
2026-08-04 10:54:05 | INFO     | engineer             |   All 38 FE_ columns are null-free — OK
2026-08-04 10:54:05 | INFO     | engineer             | ======================================================================
2026-08-04 10:54:05 | INFO     | engineer             | transform complete [test] — shape: (17325, 80)
2026-08-04 10:54:05 | INFO     | engineer             | ======================================================================
2026-08-04 11:30:04 | INFO     | engineer             | ===== RUN 20260804-113003-e838de | pid=16256 | started 2026-08-04 11:30:04 =====
2026-08-04 11:30:04 | INFO     | engineer             | ======================================================================
2026-08-04 11:30:04 | INFO     | engineer             | DriftSentinel — Feature Engineer  [fit_transform on TRAIN]
2026-08-04 11:30:04 | INFO     | engineer             | ======================================================================
2026-08-04 11:30:04 | INFO     | engineer             | Input shape  : (63492, 42)
2026-08-04 11:30:04 | INFO     | engineer             | Existing FE_ columns: 0
2026-08-04 11:30:04 | INFO     | engineer             | --------------------------------------------------
2026-08-04 11:30:04 | INFO     | engineer             | Group A: Utilization Intensity
2026-08-04 11:30:04 | INFO     | engineer             |   FE_total_clinical_contacts : time + procedures + labs
2026-08-04 11:30:04 | INFO     | engineer             |   FE_labs_per_day            : num_lab_procedures / time_in_hospital
2026-08-04 11:30:04 | INFO     | engineer             |   FE_meds_per_day            : num_medications / time_in_hospital
2026-08-04 11:30:04 | INFO     | engineer             |   FE_procedure_density       : num_procedures / (num_lab_procedures + 1)
2026-08-04 11:30:04 | INFO     | engineer             |   FE_high_utilization threshold (Q75, train) = 62.00
2026-08-04 11:30:04 | INFO     | engineer             |   FE_high_utilization        : >= 62.00  n=16,716
2026-08-04 11:30:04 | INFO     | engineer             | --------------------------------------------------
2026-08-04 11:30:04 | INFO     | engineer             | Group B: Medication Complexity
2026-08-04 11:30:04 | INFO     | engineer             |   FE_n_active_ordinal_meds   : sum of 9 ordinal meds > 0
2026-08-04 11:30:04 | INFO     | engineer             |   FE_n_active_binary_meds    : sum of 7 binary meds
2026-08-04 11:30:04 | INFO     | engineer             |   FE_total_active_meds       : ordinal_active + binary_active
2026-08-04 11:30:04 | INFO     | engineer             |   FE_n_med_changes           : meds with Up or Down dose
2026-08-04 11:30:04 | INFO     | engineer             |   FE_n_med_increases         : meds with Up dose only
2026-08-04 11:30:04 | INFO     | engineer             |   FE_n_med_decreases         : meds with Down dose only
2026-08-04 11:30:04 | INFO     | engineer             |   FE_any_med_changed         : binary flag, at least one dose change
2026-08-04 11:30:04 | INFO     | engineer             |   FE_polypharmacy            : total_active_meds >= 5 (clinical threshold)
2026-08-04 11:30:04 | INFO     | engineer             |   FE_med_coverage_ratio      : total_active_meds / (num_medications + 1)
2026-08-04 11:30:04 | INFO     | engineer             | --------------------------------------------------
2026-08-04 11:30:04 | INFO     | engineer             | Group C: Diagnosis Burden
2026-08-04 11:30:04 | INFO     | engineer             |   FE_high_comorbidity threshold (Q75, train) = 9.00
2026-08-04 11:30:04 | INFO     | engineer             |   FE_high_comorbidity        : number_diagnoses >= 9
2026-08-04 11:30:04 | INFO     | engineer             |   FE_diagnoses_per_day       : number_diagnoses / time_in_hospital
2026-08-04 11:30:04 | INFO     | engineer             |   FE_diag_med_ratio          : number_diagnoses / (num_medications + 1)
2026-08-04 11:30:04 | INFO     | engineer             | --------------------------------------------------
2026-08-04 11:30:04 | INFO     | engineer             | Group D: Lab & Procedure Load
2026-08-04 11:30:04 | INFO     | engineer             |   FE_high_lab_load threshold (Q75, train) = 56.00
2026-08-04 11:30:04 | INFO     | engineer             |   FE_high_lab_load           : num_lab_procedures >= 56
2026-08-04 11:30:04 | INFO     | engineer             |   FE_no_procedures           : num_procedures == 0
2026-08-04 11:30:04 | INFO     | engineer             |   FE_lab_to_procedure_ratio  : num_lab_procedures / (num_procedures + 1)
2026-08-04 11:30:04 | INFO     | engineer             | --------------------------------------------------
2026-08-04 11:30:04 | INFO     | engineer             | Group E: Prior Utilization
2026-08-04 11:30:04 | INFO     | engineer             |   FE_total_prior_contacts    : inpatient + outpatient + emergency
2026-08-04 11:30:04 | INFO     | engineer             |   FE_has_prior_emergency     : number_emergency > 0
2026-08-04 11:30:04 | INFO     | engineer             |   FE_has_prior_inpatient     : number_inpatient > 0
2026-08-04 11:30:04 | INFO     | engineer             |   FE_high_prior_utilization threshold (Q75, train) = 1.10
2026-08-04 11:30:04 | INFO     | engineer             |   FE_high_prior_utilization  : total_prior_contacts >= 1.10
2026-08-04 11:30:04 | INFO     | engineer             |   FE_multi_channel_utilizer  : count of channels with > 0 visits
2026-08-04 11:30:04 | INFO     | engineer             | --------------------------------------------------
2026-08-04 11:30:04 | INFO     | engineer             | Group F: Diabetes Management
2026-08-04 11:30:04 | INFO     | engineer             |   FE_insulin_prescribed      : insulin > 0 (Steady/Up/Down)
2026-08-04 11:30:04 | INFO     | engineer             |   FE_insulin_changed         : insulin Up or Down
2026-08-04 11:30:04 | INFO     | engineer             |   FE_insulin_increased       : insulin Up only
2026-08-04 11:30:04 | INFO     | engineer             |   FE_metformin_prescribed    : metformin > 0
2026-08-04 11:30:04 | INFO     | engineer             |   FE_metformin_changed       : metformin Up or Down
2026-08-04 11:30:04 | INFO     | engineer             |   FE_on_diabetes_med         : diabetesMed (pass-through alias)
2026-08-04 11:30:04 | INFO     | engineer             |   FE_med_regimen_changed     : change (pass-through alias)
2026-08-04 11:30:04 | INFO     | engineer             |   FE_glycemic_risk_score     : sum of 3 glycemic indicators
2026-08-04 11:30:04 | INFO     | engineer             | --------------------------------------------------
2026-08-04 11:30:04 | INFO     | engineer             | Group G: Interaction Features
2026-08-04 11:30:04 | INFO     | engineer             |   FE_inpatient_x_polypharmacy : prior_inpatient × polypharmacy
2026-08-04 11:30:04 | INFO     | engineer             |   FE_high_util_x_med_change  : high_utilization × any_med_changed
2026-08-04 11:30:04 | INFO     | engineer             |   FE_comorbidity_x_lab_load  : high_comorbidity × high_lab_load
2026-08-04 11:30:04 | INFO     | engineer             |   FE_glycemic_x_emergency    : glycemic_risk_score × has_prior_emergency
2026-08-04 11:30:04 | INFO     | engineer             |   FE_labs_per_day_x_comorbidity : labs_per_day × high_comorbidity
2026-08-04 11:30:04 | INFO     | engineer             | --------------------------------------------------
2026-08-04 11:30:04 | INFO     | engineer             | Null audit on FE_ columns [train]
2026-08-04 11:30:04 | INFO     | engineer             |   All 38 FE_ columns are null-free — OK
2026-08-04 11:30:04 | INFO     | engineer             | --------------------------------------------------
2026-08-04 11:30:04 | INFO     | engineer             | Leakage guard: FE_ features vs target correlation
2026-08-04 11:30:04 | INFO     | engineer             |   Leakage guard passed — no |r| > 0.80 among 38 FE_ features
2026-08-04 11:30:04 | INFO     | engineer             |   fe_train_stats.json saved -> C:\Users\sharg\Desktop\github\DriftSentinel\outputs\artifacts\fe_train_stats.json
2026-08-04 11:30:04 | INFO     | engineer             |   fe_feature_names.json saved -> C:\Users\sharg\Desktop\github\DriftSentinel\outputs\artifacts\fe_feature_names.json
2026-08-04 11:30:04 | INFO     | engineer             |   feature_engineer.pkl saved -> C:\Users\sharg\Desktop\github\DriftSentinel\outputs\artifacts\feature_engineer.pkl
2026-08-04 11:30:04 | INFO     | engineer             | ======================================================================
2026-08-04 11:30:04 | INFO     | engineer             | fit_transform complete — shape: (63492, 80)
2026-08-04 11:30:04 | INFO     | engineer             | FE_ features created: 38
2026-08-04 11:30:04 | INFO     | engineer             | ======================================================================
2026-08-04 11:30:53 | INFO     | engineer             | ===== RUN 20260804-113051-66454f | pid=22816 | started 2026-08-04 11:30:53 =====
2026-08-04 11:30:53 | INFO     | engineer             | ======================================================================
2026-08-04 11:30:53 | INFO     | engineer             | DriftSentinel — Feature Engineer  [fit_transform on TRAIN]
2026-08-04 11:30:53 | INFO     | engineer             | ======================================================================
2026-08-04 11:30:53 | INFO     | engineer             | Input shape  : (63492, 42)
2026-08-04 11:30:53 | INFO     | engineer             | Existing FE_ columns: 0
2026-08-04 11:30:53 | INFO     | engineer             | --------------------------------------------------
2026-08-04 11:30:53 | INFO     | engineer             | Group A: Utilization Intensity
2026-08-04 11:30:53 | INFO     | engineer             |   FE_total_clinical_contacts : time + procedures + labs
2026-08-04 11:30:53 | INFO     | engineer             |   FE_labs_per_day            : num_lab_procedures / time_in_hospital
2026-08-04 11:30:53 | INFO     | engineer             |   FE_meds_per_day            : num_medications / time_in_hospital
2026-08-04 11:30:53 | INFO     | engineer             |   FE_procedure_density       : num_procedures / (num_lab_procedures + 1)
2026-08-04 11:30:53 | INFO     | engineer             |   FE_high_utilization threshold (Q75, train) = 62.00
2026-08-04 11:30:53 | INFO     | engineer             |   FE_high_utilization        : >= 62.00  n=16,716
2026-08-04 11:30:53 | INFO     | engineer             | --------------------------------------------------
2026-08-04 11:30:53 | INFO     | engineer             | Group B: Medication Complexity
2026-08-04 11:30:53 | INFO     | engineer             |   FE_n_active_ordinal_meds   : sum of 9 ordinal meds > 0
2026-08-04 11:30:53 | INFO     | engineer             |   FE_n_active_binary_meds    : sum of 7 binary meds
2026-08-04 11:30:53 | INFO     | engineer             |   FE_total_active_meds       : ordinal_active + binary_active
2026-08-04 11:30:53 | INFO     | engineer             |   FE_n_med_changes           : meds with Up or Down dose
2026-08-04 11:30:53 | INFO     | engineer             |   FE_n_med_increases         : meds with Up dose only
2026-08-04 11:30:53 | INFO     | engineer             |   FE_n_med_decreases         : meds with Down dose only
2026-08-04 11:30:53 | INFO     | engineer             |   FE_any_med_changed         : binary flag, at least one dose change
2026-08-04 11:30:53 | INFO     | engineer             |   FE_polypharmacy            : total_active_meds >= 5 (clinical threshold)
2026-08-04 11:30:53 | INFO     | engineer             |   FE_med_coverage_ratio      : total_active_meds / (num_medications + 1)
2026-08-04 11:30:53 | INFO     | engineer             | --------------------------------------------------
2026-08-04 11:30:53 | INFO     | engineer             | Group C: Diagnosis Burden
2026-08-04 11:30:53 | INFO     | engineer             |   FE_high_comorbidity threshold (Q75, train) = 9.00
2026-08-04 11:30:53 | INFO     | engineer             |   FE_high_comorbidity        : number_diagnoses >= 9
2026-08-04 11:30:53 | INFO     | engineer             |   FE_diagnoses_per_day       : number_diagnoses / time_in_hospital
2026-08-04 11:30:53 | INFO     | engineer             |   FE_diag_med_ratio          : number_diagnoses / (num_medications + 1)
2026-08-04 11:30:53 | INFO     | engineer             | --------------------------------------------------
2026-08-04 11:30:53 | INFO     | engineer             | Group D: Lab & Procedure Load
2026-08-04 11:30:53 | INFO     | engineer             |   FE_high_lab_load threshold (Q75, train) = 56.00
2026-08-04 11:30:53 | INFO     | engineer             |   FE_high_lab_load           : num_lab_procedures >= 56
2026-08-04 11:30:53 | INFO     | engineer             |   FE_no_procedures           : num_procedures == 0
2026-08-04 11:30:53 | INFO     | engineer             |   FE_lab_to_procedure_ratio  : num_lab_procedures / (num_procedures + 1)
2026-08-04 11:30:53 | INFO     | engineer             | --------------------------------------------------
2026-08-04 11:30:53 | INFO     | engineer             | Group E: Prior Utilization
2026-08-04 11:30:53 | INFO     | engineer             |   FE_total_prior_contacts    : inpatient + outpatient + emergency
2026-08-04 11:30:53 | INFO     | engineer             |   FE_has_prior_emergency     : number_emergency > 0
2026-08-04 11:30:53 | INFO     | engineer             |   FE_has_prior_inpatient     : number_inpatient > 0
2026-08-04 11:30:53 | INFO     | engineer             |   FE_high_prior_utilization threshold (Q75, train) = 1.10
2026-08-04 11:30:53 | INFO     | engineer             |   FE_high_prior_utilization  : total_prior_contacts >= 1.10
2026-08-04 11:30:53 | INFO     | engineer             |   FE_multi_channel_utilizer  : count of channels with > 0 visits
2026-08-04 11:30:53 | INFO     | engineer             | --------------------------------------------------
2026-08-04 11:30:53 | INFO     | engineer             | Group F: Diabetes Management
2026-08-04 11:30:53 | INFO     | engineer             |   FE_insulin_prescribed      : insulin > 0 (Steady/Up/Down)
2026-08-04 11:30:53 | INFO     | engineer             |   FE_insulin_changed         : insulin Up or Down
2026-08-04 11:30:53 | INFO     | engineer             |   FE_insulin_increased       : insulin Up only
2026-08-04 11:30:53 | INFO     | engineer             |   FE_metformin_prescribed    : metformin > 0
2026-08-04 11:30:53 | INFO     | engineer             |   FE_metformin_changed       : metformin Up or Down
2026-08-04 11:30:53 | INFO     | engineer             |   FE_on_diabetes_med         : diabetesMed (pass-through alias)
2026-08-04 11:30:53 | INFO     | engineer             |   FE_med_regimen_changed     : change (pass-through alias)
2026-08-04 11:30:53 | INFO     | engineer             |   FE_glycemic_risk_score     : sum of 3 glycemic indicators
2026-08-04 11:30:53 | INFO     | engineer             | --------------------------------------------------
2026-08-04 11:30:53 | INFO     | engineer             | Group G: Interaction Features
2026-08-04 11:30:53 | INFO     | engineer             |   FE_inpatient_x_polypharmacy : prior_inpatient × polypharmacy
2026-08-04 11:30:53 | INFO     | engineer             |   FE_high_util_x_med_change  : high_utilization × any_med_changed
2026-08-04 11:30:53 | INFO     | engineer             |   FE_comorbidity_x_lab_load  : high_comorbidity × high_lab_load
2026-08-04 11:30:53 | INFO     | engineer             |   FE_glycemic_x_emergency    : glycemic_risk_score × has_prior_emergency
2026-08-04 11:30:53 | INFO     | engineer             |   FE_labs_per_day_x_comorbidity : labs_per_day × high_comorbidity
2026-08-04 11:30:53 | INFO     | engineer             | --------------------------------------------------
2026-08-04 11:30:53 | INFO     | engineer             | Null audit on FE_ columns [train]
2026-08-04 11:30:53 | INFO     | engineer             |   All 38 FE_ columns are null-free — OK
2026-08-04 11:30:53 | INFO     | engineer             | --------------------------------------------------
2026-08-04 11:30:53 | INFO     | engineer             | Leakage guard: FE_ features vs target correlation
2026-08-04 11:30:53 | INFO     | engineer             |   Leakage guard passed — no |r| > 0.80 among 38 FE_ features
2026-08-04 11:30:53 | INFO     | engineer             |   fe_train_stats.json saved -> C:\Users\sharg\Desktop\github\DriftSentinel\outputs\artifacts\fe_train_stats.json
2026-08-04 11:30:53 | INFO     | engineer             |   fe_feature_names.json saved -> C:\Users\sharg\Desktop\github\DriftSentinel\outputs\artifacts\fe_feature_names.json
2026-08-04 11:30:53 | INFO     | engineer             |   feature_engineer.pkl saved -> C:\Users\sharg\Desktop\github\DriftSentinel\outputs\artifacts\feature_engineer.pkl
2026-08-04 11:30:53 | INFO     | engineer             | ======================================================================
2026-08-04 11:30:53 | INFO     | engineer             | fit_transform complete — shape: (63492, 80)
2026-08-04 11:30:53 | INFO     | engineer             | FE_ features created: 38
2026-08-04 11:30:53 | INFO     | engineer             | ======================================================================
2026-08-04 11:31:05 | INFO     | engineer             | ===== RUN 20260804-113104-3e56fe | pid=28552 | started 2026-08-04 11:31:05 =====
2026-08-04 11:31:05 | INFO     | engineer             | ======================================================================
2026-08-04 11:31:05 | INFO     | engineer             | DriftSentinel — Feature Engineer  [fit_transform on TRAIN]
2026-08-04 11:31:05 | INFO     | engineer             | ======================================================================
2026-08-04 11:31:05 | INFO     | engineer             | Input shape  : (63492, 42)
2026-08-04 11:31:05 | INFO     | engineer             | Existing FE_ columns: 0
2026-08-04 11:31:05 | INFO     | engineer             | --------------------------------------------------
2026-08-04 11:31:05 | INFO     | engineer             | Group A: Utilization Intensity
2026-08-04 11:31:05 | INFO     | engineer             |   FE_total_clinical_contacts : time + procedures + labs
2026-08-04 11:31:05 | INFO     | engineer             |   FE_labs_per_day            : num_lab_procedures / time_in_hospital
2026-08-04 11:31:05 | INFO     | engineer             |   FE_meds_per_day            : num_medications / time_in_hospital
2026-08-04 11:31:05 | INFO     | engineer             |   FE_procedure_density       : num_procedures / (num_lab_procedures + 1)
2026-08-04 11:31:05 | INFO     | engineer             |   FE_high_utilization threshold (Q75, train) = 62.00
2026-08-04 11:31:05 | INFO     | engineer             |   FE_high_utilization        : >= 62.00  n=16,716
2026-08-04 11:31:05 | INFO     | engineer             | --------------------------------------------------
2026-08-04 11:31:05 | INFO     | engineer             | Group B: Medication Complexity
2026-08-04 11:31:05 | INFO     | engineer             |   FE_n_active_ordinal_meds   : sum of 9 ordinal meds > 0
2026-08-04 11:31:05 | INFO     | engineer             |   FE_n_active_binary_meds    : sum of 7 binary meds
2026-08-04 11:31:05 | INFO     | engineer             |   FE_total_active_meds       : ordinal_active + binary_active
2026-08-04 11:31:05 | INFO     | engineer             |   FE_n_med_changes           : meds with Up or Down dose
2026-08-04 11:31:05 | INFO     | engineer             |   FE_n_med_increases         : meds with Up dose only
2026-08-04 11:31:05 | INFO     | engineer             |   FE_n_med_decreases         : meds with Down dose only
2026-08-04 11:31:05 | INFO     | engineer             |   FE_any_med_changed         : binary flag, at least one dose change
2026-08-04 11:31:05 | INFO     | engineer             |   FE_polypharmacy            : total_active_meds >= 5 (clinical threshold)
2026-08-04 11:31:05 | INFO     | engineer             |   FE_med_coverage_ratio      : total_active_meds / (num_medications + 1)
2026-08-04 11:31:05 | INFO     | engineer             | --------------------------------------------------
2026-08-04 11:31:05 | INFO     | engineer             | Group C: Diagnosis Burden
2026-08-04 11:31:05 | INFO     | engineer             |   FE_high_comorbidity threshold (Q75, train) = 9.00
2026-08-04 11:31:05 | INFO     | engineer             |   FE_high_comorbidity        : number_diagnoses >= 9
2026-08-04 11:31:05 | INFO     | engineer             |   FE_diagnoses_per_day       : number_diagnoses / time_in_hospital
2026-08-04 11:31:05 | INFO     | engineer             |   FE_diag_med_ratio          : number_diagnoses / (num_medications + 1)
2026-08-04 11:31:05 | INFO     | engineer             | --------------------------------------------------
2026-08-04 11:31:05 | INFO     | engineer             | Group D: Lab & Procedure Load
2026-08-04 11:31:05 | INFO     | engineer             |   FE_high_lab_load threshold (Q75, train) = 56.00
2026-08-04 11:31:05 | INFO     | engineer             |   FE_high_lab_load           : num_lab_procedures >= 56
2026-08-04 11:31:05 | INFO     | engineer             |   FE_no_procedures           : num_procedures == 0
2026-08-04 11:31:05 | INFO     | engineer             |   FE_lab_to_procedure_ratio  : num_lab_procedures / (num_procedures + 1)
2026-08-04 11:31:05 | INFO     | engineer             | --------------------------------------------------
2026-08-04 11:31:05 | INFO     | engineer             | Group E: Prior Utilization
2026-08-04 11:31:05 | INFO     | engineer             |   FE_total_prior_contacts    : inpatient + outpatient + emergency
2026-08-04 11:31:05 | INFO     | engineer             |   FE_has_prior_emergency     : number_emergency > 0
2026-08-04 11:31:05 | INFO     | engineer             |   FE_has_prior_inpatient     : number_inpatient > 0
2026-08-04 11:31:05 | INFO     | engineer             |   FE_high_prior_utilization threshold (Q75, train) = 1.10
2026-08-04 11:31:05 | INFO     | engineer             |   FE_high_prior_utilization  : total_prior_contacts >= 1.10
2026-08-04 11:31:05 | INFO     | engineer             |   FE_multi_channel_utilizer  : count of channels with > 0 visits
2026-08-04 11:31:05 | INFO     | engineer             | --------------------------------------------------
2026-08-04 11:31:05 | INFO     | engineer             | Group F: Diabetes Management
2026-08-04 11:31:05 | INFO     | engineer             |   FE_insulin_prescribed      : insulin > 0 (Steady/Up/Down)
2026-08-04 11:31:05 | INFO     | engineer             |   FE_insulin_changed         : insulin Up or Down
2026-08-04 11:31:05 | INFO     | engineer             |   FE_insulin_increased       : insulin Up only
2026-08-04 11:31:05 | INFO     | engineer             |   FE_metformin_prescribed    : metformin > 0
2026-08-04 11:31:05 | INFO     | engineer             |   FE_metformin_changed       : metformin Up or Down
2026-08-04 11:31:05 | INFO     | engineer             |   FE_on_diabetes_med         : diabetesMed (pass-through alias)
2026-08-04 11:31:05 | INFO     | engineer             |   FE_med_regimen_changed     : change (pass-through alias)
2026-08-04 11:31:05 | INFO     | engineer             |   FE_glycemic_risk_score     : sum of 3 glycemic indicators
2026-08-04 11:31:05 | INFO     | engineer             | --------------------------------------------------
2026-08-04 11:31:05 | INFO     | engineer             | Group G: Interaction Features
2026-08-04 11:31:05 | INFO     | engineer             |   FE_inpatient_x_polypharmacy : prior_inpatient × polypharmacy
2026-08-04 11:31:05 | INFO     | engineer             |   FE_high_util_x_med_change  : high_utilization × any_med_changed
2026-08-04 11:31:05 | INFO     | engineer             |   FE_comorbidity_x_lab_load  : high_comorbidity × high_lab_load
2026-08-04 11:31:05 | INFO     | engineer             |   FE_glycemic_x_emergency    : glycemic_risk_score × has_prior_emergency
2026-08-04 11:31:05 | INFO     | engineer             |   FE_labs_per_day_x_comorbidity : labs_per_day × high_comorbidity
2026-08-04 11:31:05 | INFO     | engineer             | --------------------------------------------------
2026-08-04 11:31:05 | INFO     | engineer             | Null audit on FE_ columns [train]
2026-08-04 11:31:05 | INFO     | engineer             |   All 38 FE_ columns are null-free — OK
2026-08-04 11:31:05 | INFO     | engineer             | --------------------------------------------------
2026-08-04 11:31:05 | INFO     | engineer             | Leakage guard: FE_ features vs target correlation
2026-08-04 11:31:05 | INFO     | engineer             |   Leakage guard passed — no |r| > 0.80 among 38 FE_ features
2026-08-04 11:31:05 | INFO     | engineer             |   fe_train_stats.json saved -> C:\Users\sharg\Desktop\github\DriftSentinel\outputs\artifacts\fe_train_stats.json
2026-08-04 11:31:05 | INFO     | engineer             |   fe_feature_names.json saved -> C:\Users\sharg\Desktop\github\DriftSentinel\outputs\artifacts\fe_feature_names.json
2026-08-04 11:31:05 | INFO     | engineer             |   feature_engineer.pkl saved -> C:\Users\sharg\Desktop\github\DriftSentinel\outputs\artifacts\feature_engineer.pkl
2026-08-04 11:31:05 | INFO     | engineer             | ======================================================================
2026-08-04 11:31:05 | INFO     | engineer             | fit_transform complete — shape: (63492, 80)
2026-08-04 11:31:05 | INFO     | engineer             | FE_ features created: 38
2026-08-04 11:31:05 | INFO     | engineer             | ======================================================================
2026-08-04 11:38:57 | INFO     | engineer             | ===== RUN 20260804-113856-c66aba | pid=18084 | started 2026-08-04 11:38:57 =====
2026-08-04 11:38:57 | INFO     | engineer             | ======================================================================
2026-08-04 11:38:57 | INFO     | engineer             | DriftSentinel — Feature Engineer  [fit_transform on TRAIN]
2026-08-04 11:38:57 | INFO     | engineer             | ======================================================================
2026-08-04 11:38:57 | INFO     | engineer             | Input shape  : (63492, 42)
2026-08-04 11:38:57 | INFO     | engineer             | Existing FE_ columns: 0
2026-08-04 11:38:57 | INFO     | engineer             | --------------------------------------------------
2026-08-04 11:38:57 | INFO     | engineer             | Group A: Utilization Intensity
2026-08-04 11:38:57 | INFO     | engineer             |   FE_total_clinical_contacts : time + procedures + labs
2026-08-04 11:38:57 | INFO     | engineer             |   FE_labs_per_day            : num_lab_procedures / time_in_hospital
2026-08-04 11:38:57 | INFO     | engineer             |   FE_meds_per_day            : num_medications / time_in_hospital
2026-08-04 11:38:57 | INFO     | engineer             |   FE_procedure_density       : num_procedures / (num_lab_procedures + 1)
2026-08-04 11:38:57 | INFO     | engineer             |   FE_high_utilization threshold (Q75, train) = 62.00
2026-08-04 11:38:57 | INFO     | engineer             |   FE_high_utilization        : >= 62.00  n=16,716
2026-08-04 11:38:57 | INFO     | engineer             | --------------------------------------------------
2026-08-04 11:38:57 | INFO     | engineer             | Group B: Medication Complexity
2026-08-04 11:38:57 | INFO     | engineer             |   FE_n_active_ordinal_meds   : sum of 9 ordinal meds > 0
2026-08-04 11:38:57 | INFO     | engineer             |   FE_n_active_binary_meds    : sum of 7 binary meds
2026-08-04 11:38:57 | INFO     | engineer             |   FE_total_active_meds       : ordinal_active + binary_active
2026-08-04 11:38:57 | INFO     | engineer             |   FE_n_med_changes           : meds with Up or Down dose
2026-08-04 11:38:57 | INFO     | engineer             |   FE_n_med_increases         : meds with Up dose only
2026-08-04 11:38:57 | INFO     | engineer             |   FE_n_med_decreases         : meds with Down dose only
2026-08-04 11:38:57 | INFO     | engineer             |   FE_any_med_changed         : binary flag, at least one dose change
2026-08-04 11:38:57 | INFO     | engineer             |   FE_polypharmacy            : total_active_meds >= 5 (clinical threshold)
2026-08-04 11:38:57 | INFO     | engineer             |   FE_med_coverage_ratio      : total_active_meds / (num_medications + 1)
2026-08-04 11:38:57 | INFO     | engineer             | --------------------------------------------------
2026-08-04 11:38:57 | INFO     | engineer             | Group C: Diagnosis Burden
2026-08-04 11:38:57 | INFO     | engineer             |   FE_high_comorbidity threshold (Q75, train) = 9.00
2026-08-04 11:38:57 | INFO     | engineer             |   FE_high_comorbidity        : number_diagnoses >= 9
2026-08-04 11:38:57 | INFO     | engineer             |   FE_diagnoses_per_day       : number_diagnoses / time_in_hospital
2026-08-04 11:38:57 | INFO     | engineer             |   FE_diag_med_ratio          : number_diagnoses / (num_medications + 1)
2026-08-04 11:38:57 | INFO     | engineer             | --------------------------------------------------
2026-08-04 11:38:57 | INFO     | engineer             | Group D: Lab & Procedure Load
2026-08-04 11:38:57 | INFO     | engineer             |   FE_high_lab_load threshold (Q75, train) = 56.00
2026-08-04 11:38:57 | INFO     | engineer             |   FE_high_lab_load           : num_lab_procedures >= 56
2026-08-04 11:38:57 | INFO     | engineer             |   FE_no_procedures           : num_procedures == 0
2026-08-04 11:38:57 | INFO     | engineer             |   FE_lab_to_procedure_ratio  : num_lab_procedures / (num_procedures + 1)
2026-08-04 11:38:57 | INFO     | engineer             | --------------------------------------------------
2026-08-04 11:38:57 | INFO     | engineer             | Group E: Prior Utilization
2026-08-04 11:38:57 | INFO     | engineer             |   FE_total_prior_contacts    : inpatient + outpatient + emergency
2026-08-04 11:38:57 | INFO     | engineer             |   FE_has_prior_emergency     : number_emergency > 0
2026-08-04 11:38:57 | INFO     | engineer             |   FE_has_prior_inpatient     : number_inpatient > 0
2026-08-04 11:38:57 | INFO     | engineer             |   FE_high_prior_utilization threshold (Q75, train) = 1.10
2026-08-04 11:38:57 | INFO     | engineer             |   FE_high_prior_utilization  : total_prior_contacts >= 1.10
2026-08-04 11:38:57 | INFO     | engineer             |   FE_multi_channel_utilizer  : count of channels with > 0 visits
2026-08-04 11:38:57 | INFO     | engineer             | --------------------------------------------------
2026-08-04 11:38:57 | INFO     | engineer             | Group F: Diabetes Management
2026-08-04 11:38:57 | INFO     | engineer             |   FE_insulin_prescribed      : insulin > 0 (Steady/Up/Down)
2026-08-04 11:38:57 | INFO     | engineer             |   FE_insulin_changed         : insulin Up or Down
2026-08-04 11:38:57 | INFO     | engineer             |   FE_insulin_increased       : insulin Up only
2026-08-04 11:38:57 | INFO     | engineer             |   FE_metformin_prescribed    : metformin > 0
2026-08-04 11:38:57 | INFO     | engineer             |   FE_metformin_changed       : metformin Up or Down
2026-08-04 11:38:57 | INFO     | engineer             |   FE_on_diabetes_med         : diabetesMed (pass-through alias)
2026-08-04 11:38:57 | INFO     | engineer             |   FE_med_regimen_changed     : change (pass-through alias)
2026-08-04 11:38:57 | INFO     | engineer             |   FE_glycemic_risk_score     : sum of 3 glycemic indicators
2026-08-04 11:38:57 | INFO     | engineer             | --------------------------------------------------
2026-08-04 11:38:57 | INFO     | engineer             | Group G: Interaction Features
2026-08-04 11:38:57 | INFO     | engineer             |   FE_inpatient_x_polypharmacy : prior_inpatient × polypharmacy
2026-08-04 11:38:57 | INFO     | engineer             |   FE_high_util_x_med_change  : high_utilization × any_med_changed
2026-08-04 11:38:57 | INFO     | engineer             |   FE_comorbidity_x_lab_load  : high_comorbidity × high_lab_load
2026-08-04 11:38:57 | INFO     | engineer             |   FE_glycemic_x_emergency    : glycemic_risk_score × has_prior_emergency
2026-08-04 11:38:57 | INFO     | engineer             |   FE_labs_per_day_x_comorbidity : labs_per_day × high_comorbidity
2026-08-04 11:38:57 | INFO     | engineer             | --------------------------------------------------
2026-08-04 11:38:57 | INFO     | engineer             | Null audit on FE_ columns [train]
2026-08-04 11:38:57 | INFO     | engineer             |   All 38 FE_ columns are null-free — OK
2026-08-04 11:38:57 | INFO     | engineer             | --------------------------------------------------
2026-08-04 11:38:57 | INFO     | engineer             | Leakage guard: FE_ features vs target correlation
2026-08-04 11:38:57 | INFO     | engineer             |   Leakage guard passed — no |r| > 0.80 among 38 FE_ features
2026-08-04 11:38:57 | INFO     | engineer             |   fe_train_stats.json saved -> C:\Users\sharg\Desktop\github\DriftSentinel\outputs\artifacts\fe_train_stats.json
2026-08-04 11:38:57 | INFO     | engineer             |   fe_feature_names.json saved -> C:\Users\sharg\Desktop\github\DriftSentinel\outputs\artifacts\fe_feature_names.json
2026-08-04 11:38:57 | INFO     | engineer             |   feature_engineer.pkl saved -> C:\Users\sharg\Desktop\github\DriftSentinel\outputs\artifacts\feature_engineer.pkl
2026-08-04 11:38:57 | INFO     | engineer             | ======================================================================
2026-08-04 11:38:57 | INFO     | engineer             | fit_transform complete — shape: (63492, 80)
2026-08-04 11:38:57 | INFO     | engineer             | FE_ features created: 38
2026-08-04 11:38:57 | INFO     | engineer             | ======================================================================
2026-08-04 18:17:41 | INFO     | engineer             | ===== RUN 20260804-181736-383e94 | pid=31444 | started 2026-08-04 18:17:41 =====
2026-08-04 18:17:41 | INFO     | engineer             | ======================================================================
2026-08-04 18:17:41 | INFO     | engineer             | DriftSentinel — Feature Engineer  [fit_transform on TRAIN]
2026-08-04 18:17:41 | INFO     | engineer             | ======================================================================
2026-08-04 18:17:41 | INFO     | engineer             | Input shape  : (63492, 42)
2026-08-04 18:17:41 | INFO     | engineer             | Existing FE_ columns: 0
2026-08-04 18:17:41 | INFO     | engineer             | --------------------------------------------------
2026-08-04 18:17:41 | INFO     | engineer             | Group A: Utilization Intensity
2026-08-04 18:17:41 | INFO     | engineer             |   FE_total_clinical_contacts : time + procedures + labs
2026-08-04 18:17:41 | INFO     | engineer             |   FE_labs_per_day            : num_lab_procedures / time_in_hospital
2026-08-04 18:17:41 | INFO     | engineer             |   FE_meds_per_day            : num_medications / time_in_hospital
2026-08-04 18:17:41 | INFO     | engineer             |   FE_procedure_density       : num_procedures / (num_lab_procedures + 1)
2026-08-04 18:17:41 | INFO     | engineer             |   FE_high_utilization threshold (Q75, train) = 62.00
2026-08-04 18:17:41 | INFO     | engineer             |   FE_high_utilization        : >= 62.00  n=16,716
2026-08-04 18:17:41 | INFO     | engineer             | --------------------------------------------------
2026-08-04 18:17:41 | INFO     | engineer             | Group B: Medication Complexity
2026-08-04 18:17:41 | INFO     | engineer             |   FE_n_active_ordinal_meds   : sum of 9 ordinal meds > 0
2026-08-04 18:17:41 | INFO     | engineer             |   FE_n_active_binary_meds    : sum of 7 binary meds
2026-08-04 18:17:41 | INFO     | engineer             |   FE_total_active_meds       : ordinal_active + binary_active
2026-08-04 18:17:41 | INFO     | engineer             |   FE_n_med_changes           : meds with Up or Down dose
2026-08-04 18:17:41 | INFO     | engineer             |   FE_n_med_increases         : meds with Up dose only
2026-08-04 18:17:41 | INFO     | engineer             |   FE_n_med_decreases         : meds with Down dose only
2026-08-04 18:17:41 | INFO     | engineer             |   FE_any_med_changed         : binary flag, at least one dose change
2026-08-04 18:17:41 | INFO     | engineer             |   FE_polypharmacy            : total_active_meds >= 5 (clinical threshold)
2026-08-04 18:17:41 | INFO     | engineer             |   FE_med_coverage_ratio      : total_active_meds / (num_medications + 1)
2026-08-04 18:17:41 | INFO     | engineer             | --------------------------------------------------
2026-08-04 18:17:41 | INFO     | engineer             | Group C: Diagnosis Burden
2026-08-04 18:17:41 | INFO     | engineer             |   FE_high_comorbidity threshold (Q75, train) = 9.00
2026-08-04 18:17:41 | INFO     | engineer             |   FE_high_comorbidity        : number_diagnoses >= 9
2026-08-04 18:17:41 | INFO     | engineer             |   FE_diagnoses_per_day       : number_diagnoses / time_in_hospital
2026-08-04 18:17:41 | INFO     | engineer             |   FE_diag_med_ratio          : number_diagnoses / (num_medications + 1)
2026-08-04 18:17:41 | INFO     | engineer             | --------------------------------------------------
2026-08-04 18:17:41 | INFO     | engineer             | Group D: Lab & Procedure Load
2026-08-04 18:17:41 | INFO     | engineer             |   FE_high_lab_load threshold (Q75, train) = 56.00
2026-08-04 18:17:41 | INFO     | engineer             |   FE_high_lab_load           : num_lab_procedures >= 56
2026-08-04 18:17:41 | INFO     | engineer             |   FE_no_procedures           : num_procedures == 0
2026-08-04 18:17:41 | INFO     | engineer             |   FE_lab_to_procedure_ratio  : num_lab_procedures / (num_procedures + 1)
2026-08-04 18:17:41 | INFO     | engineer             | --------------------------------------------------
2026-08-04 18:17:41 | INFO     | engineer             | Group E: Prior Utilization
2026-08-04 18:17:41 | INFO     | engineer             |   FE_total_prior_contacts    : inpatient + outpatient + emergency
2026-08-04 18:17:41 | INFO     | engineer             |   FE_has_prior_emergency     : number_emergency > 0
2026-08-04 18:17:41 | INFO     | engineer             |   FE_has_prior_inpatient     : number_inpatient > 0
2026-08-04 18:17:41 | INFO     | engineer             |   FE_high_prior_utilization threshold (Q75, train) = 1.10
2026-08-04 18:17:41 | INFO     | engineer             |   FE_high_prior_utilization  : total_prior_contacts >= 1.10
2026-08-04 18:17:41 | INFO     | engineer             |   FE_multi_channel_utilizer  : count of channels with > 0 visits
2026-08-04 18:17:41 | INFO     | engineer             | --------------------------------------------------
2026-08-04 18:17:41 | INFO     | engineer             | Group F: Diabetes Management
2026-08-04 18:17:41 | INFO     | engineer             |   FE_insulin_prescribed      : insulin > 0 (Steady/Up/Down)
2026-08-04 18:17:41 | INFO     | engineer             |   FE_insulin_changed         : insulin Up or Down
2026-08-04 18:17:41 | INFO     | engineer             |   FE_insulin_increased       : insulin Up only
2026-08-04 18:17:41 | INFO     | engineer             |   FE_metformin_prescribed    : metformin > 0
2026-08-04 18:17:41 | INFO     | engineer             |   FE_metformin_changed       : metformin Up or Down
2026-08-04 18:17:41 | INFO     | engineer             |   FE_on_diabetes_med         : diabetesMed (pass-through alias)
2026-08-04 18:17:41 | INFO     | engineer             |   FE_med_regimen_changed     : change (pass-through alias)
2026-08-04 18:17:41 | INFO     | engineer             |   FE_glycemic_risk_score     : sum of 3 glycemic indicators
2026-08-04 18:17:41 | INFO     | engineer             | --------------------------------------------------
2026-08-04 18:17:41 | INFO     | engineer             | Group G: Interaction Features
2026-08-04 18:17:41 | INFO     | engineer             |   FE_inpatient_x_polypharmacy : prior_inpatient × polypharmacy
2026-08-04 18:17:41 | INFO     | engineer             |   FE_high_util_x_med_change  : high_utilization × any_med_changed
2026-08-04 18:17:41 | INFO     | engineer             |   FE_comorbidity_x_lab_load  : high_comorbidity × high_lab_load
2026-08-04 18:17:41 | INFO     | engineer             |   FE_glycemic_x_emergency    : glycemic_risk_score × has_prior_emergency
2026-08-04 18:17:41 | INFO     | engineer             |   FE_labs_per_day_x_comorbidity : labs_per_day × high_comorbidity
2026-08-04 18:17:41 | INFO     | engineer             | --------------------------------------------------
2026-08-04 18:17:41 | INFO     | engineer             | Null audit on FE_ columns [train]
2026-08-04 18:17:41 | INFO     | engineer             |   All 38 FE_ columns are null-free — OK
2026-08-04 18:17:41 | INFO     | engineer             | --------------------------------------------------
2026-08-04 18:17:41 | INFO     | engineer             | Leakage guard: FE_ features vs target correlation
2026-08-04 18:17:41 | INFO     | engineer             |   Leakage guard passed — no |r| > 0.80 among 38 FE_ features
2026-08-04 18:17:41 | INFO     | engineer             |   fe_train_stats.json saved -> C:\Users\sharg\Desktop\github\DriftSentinel\outputs\artifacts\fe_train_stats.json
2026-08-04 18:17:41 | INFO     | engineer             |   fe_feature_names.json saved -> C:\Users\sharg\Desktop\github\DriftSentinel\outputs\artifacts\fe_feature_names.json
2026-08-04 18:17:41 | INFO     | engineer             |   feature_engineer.pkl saved -> C:\Users\sharg\Desktop\github\DriftSentinel\outputs\artifacts\feature_engineer.pkl
2026-08-04 18:17:41 | INFO     | engineer             | ======================================================================
2026-08-04 18:17:41 | INFO     | engineer             | fit_transform complete — shape: (63492, 80)
2026-08-04 18:17:41 | INFO     | engineer             | FE_ features created: 38
2026-08-04 18:17:41 | INFO     | engineer             | ======================================================================
2026-08-04 18:17:41 | INFO     | engineer             | ======================================================================
2026-08-04 18:17:41 | INFO     | engineer             | DriftSentinel — Feature Engineer  [transform on VAL]
2026-08-04 18:17:41 | INFO     | engineer             | ======================================================================
2026-08-04 18:17:41 | INFO     | engineer             | Input shape  : (20949, 42)
2026-08-04 18:17:41 | INFO     | engineer             | --------------------------------------------------
2026-08-04 18:17:41 | INFO     | engineer             | Group A: Utilization Intensity
2026-08-04 18:17:41 | INFO     | engineer             |   FE_total_clinical_contacts : time + procedures + labs
2026-08-04 18:17:41 | INFO     | engineer             |   FE_labs_per_day            : num_lab_procedures / time_in_hospital
2026-08-04 18:17:41 | INFO     | engineer             |   FE_meds_per_day            : num_medications / time_in_hospital
2026-08-04 18:17:41 | INFO     | engineer             |   FE_procedure_density       : num_procedures / (num_lab_procedures + 1)
2026-08-04 18:17:41 | INFO     | engineer             |   FE_high_utilization        : >= 62.00  n=6,392
2026-08-04 18:17:41 | INFO     | engineer             | --------------------------------------------------
2026-08-04 18:17:41 | INFO     | engineer             | Group B: Medication Complexity
2026-08-04 18:17:41 | INFO     | engineer             |   FE_n_active_ordinal_meds   : sum of 9 ordinal meds > 0
2026-08-04 18:17:41 | INFO     | engineer             |   FE_n_active_binary_meds    : sum of 7 binary meds
2026-08-04 18:17:41 | INFO     | engineer             |   FE_total_active_meds       : ordinal_active + binary_active
2026-08-04 18:17:41 | INFO     | engineer             |   FE_n_med_changes           : meds with Up or Down dose
2026-08-04 18:17:41 | INFO     | engineer             |   FE_n_med_increases         : meds with Up dose only
2026-08-04 18:17:41 | INFO     | engineer             |   FE_n_med_decreases         : meds with Down dose only
2026-08-04 18:17:41 | INFO     | engineer             |   FE_any_med_changed         : binary flag, at least one dose change
2026-08-04 18:17:41 | INFO     | engineer             |   FE_polypharmacy            : total_active_meds >= 5 (clinical threshold)
2026-08-04 18:17:41 | INFO     | engineer             |   FE_med_coverage_ratio      : total_active_meds / (num_medications + 1)
2026-08-04 18:17:41 | INFO     | engineer             | --------------------------------------------------
2026-08-04 18:17:41 | INFO     | engineer             | Group C: Diagnosis Burden
2026-08-04 18:17:41 | INFO     | engineer             |   FE_high_comorbidity        : number_diagnoses >= 9
2026-08-04 18:17:41 | INFO     | engineer             |   FE_diagnoses_per_day       : number_diagnoses / time_in_hospital
2026-08-04 18:17:41 | INFO     | engineer             |   FE_diag_med_ratio          : number_diagnoses / (num_medications + 1)
2026-08-04 18:17:41 | INFO     | engineer             | --------------------------------------------------
2026-08-04 18:17:41 | INFO     | engineer             | Group D: Lab & Procedure Load
2026-08-04 18:17:41 | INFO     | engineer             |   FE_high_lab_load           : num_lab_procedures >= 56
2026-08-04 18:17:41 | INFO     | engineer             |   FE_no_procedures           : num_procedures == 0
2026-08-04 18:17:41 | INFO     | engineer             |   FE_lab_to_procedure_ratio  : num_lab_procedures / (num_procedures + 1)
2026-08-04 18:17:41 | INFO     | engineer             | --------------------------------------------------
2026-08-04 18:17:41 | INFO     | engineer             | Group E: Prior Utilization
2026-08-04 18:17:41 | INFO     | engineer             |   FE_total_prior_contacts    : inpatient + outpatient + emergency
2026-08-04 18:17:41 | INFO     | engineer             |   FE_has_prior_emergency     : number_emergency > 0
2026-08-04 18:17:41 | INFO     | engineer             |   FE_has_prior_inpatient     : number_inpatient > 0
2026-08-04 18:17:41 | INFO     | engineer             |   FE_high_prior_utilization  : total_prior_contacts >= 1.10
2026-08-04 18:17:41 | INFO     | engineer             |   FE_multi_channel_utilizer  : count of channels with > 0 visits
2026-08-04 18:17:41 | INFO     | engineer             | --------------------------------------------------
2026-08-04 18:17:41 | INFO     | engineer             | Group F: Diabetes Management
2026-08-04 18:17:41 | INFO     | engineer             |   FE_insulin_prescribed      : insulin > 0 (Steady/Up/Down)
2026-08-04 18:17:41 | INFO     | engineer             |   FE_insulin_changed         : insulin Up or Down
2026-08-04 18:17:41 | INFO     | engineer             |   FE_insulin_increased       : insulin Up only
2026-08-04 18:17:41 | INFO     | engineer             |   FE_metformin_prescribed    : metformin > 0
2026-08-04 18:17:41 | INFO     | engineer             |   FE_metformin_changed       : metformin Up or Down
2026-08-04 18:17:41 | INFO     | engineer             |   FE_on_diabetes_med         : diabetesMed (pass-through alias)
2026-08-04 18:17:41 | INFO     | engineer             |   FE_med_regimen_changed     : change (pass-through alias)
2026-08-04 18:17:41 | INFO     | engineer             |   FE_glycemic_risk_score     : sum of 3 glycemic indicators
2026-08-04 18:17:41 | INFO     | engineer             | --------------------------------------------------
2026-08-04 18:17:41 | INFO     | engineer             | Group G: Interaction Features
2026-08-04 18:17:41 | INFO     | engineer             |   FE_inpatient_x_polypharmacy : prior_inpatient × polypharmacy
2026-08-04 18:17:41 | INFO     | engineer             |   FE_high_util_x_med_change  : high_utilization × any_med_changed
2026-08-04 18:17:41 | INFO     | engineer             |   FE_comorbidity_x_lab_load  : high_comorbidity × high_lab_load
2026-08-04 18:17:41 | INFO     | engineer             |   FE_glycemic_x_emergency    : glycemic_risk_score × has_prior_emergency
2026-08-04 18:17:41 | INFO     | engineer             |   FE_labs_per_day_x_comorbidity : labs_per_day × high_comorbidity
2026-08-04 18:17:41 | INFO     | engineer             | --------------------------------------------------
2026-08-04 18:17:41 | INFO     | engineer             | Null audit on FE_ columns [val]
2026-08-04 18:17:41 | INFO     | engineer             |   All 38 FE_ columns are null-free — OK
2026-08-04 18:17:41 | INFO     | engineer             | ======================================================================
2026-08-04 18:17:41 | INFO     | engineer             | transform complete [val] — shape: (20949, 80)
2026-08-04 18:17:41 | INFO     | engineer             | ======================================================================
2026-08-04 18:17:41 | INFO     | engineer             | ======================================================================
2026-08-04 18:17:41 | INFO     | engineer             | DriftSentinel — Feature Engineer  [transform on TEST]
2026-08-04 18:17:41 | INFO     | engineer             | ======================================================================
2026-08-04 18:17:41 | INFO     | engineer             | Input shape  : (17325, 42)
2026-08-04 18:17:41 | INFO     | engineer             | --------------------------------------------------
2026-08-04 18:17:41 | INFO     | engineer             | Group A: Utilization Intensity
2026-08-04 18:17:41 | INFO     | engineer             |   FE_total_clinical_contacts : time + procedures + labs
2026-08-04 18:17:41 | INFO     | engineer             |   FE_labs_per_day            : num_lab_procedures / time_in_hospital
2026-08-04 18:17:41 | INFO     | engineer             |   FE_meds_per_day            : num_medications / time_in_hospital
2026-08-04 18:17:41 | INFO     | engineer             |   FE_procedure_density       : num_procedures / (num_lab_procedures + 1)
2026-08-04 18:17:41 | INFO     | engineer             |   FE_high_utilization        : >= 62.00  n=5,001
2026-08-04 18:17:41 | INFO     | engineer             | --------------------------------------------------
2026-08-04 18:17:41 | INFO     | engineer             | Group B: Medication Complexity
2026-08-04 18:17:41 | INFO     | engineer             |   FE_n_active_ordinal_meds   : sum of 9 ordinal meds > 0
2026-08-04 18:17:41 | INFO     | engineer             |   FE_n_active_binary_meds    : sum of 7 binary meds
2026-08-04 18:17:41 | INFO     | engineer             |   FE_total_active_meds       : ordinal_active + binary_active
2026-08-04 18:17:41 | INFO     | engineer             |   FE_n_med_changes           : meds with Up or Down dose
2026-08-04 18:17:41 | INFO     | engineer             |   FE_n_med_increases         : meds with Up dose only
2026-08-04 18:17:41 | INFO     | engineer             |   FE_n_med_decreases         : meds with Down dose only
2026-08-04 18:17:41 | INFO     | engineer             |   FE_any_med_changed         : binary flag, at least one dose change
2026-08-04 18:17:41 | INFO     | engineer             |   FE_polypharmacy            : total_active_meds >= 5 (clinical threshold)
2026-08-04 18:17:41 | INFO     | engineer             |   FE_med_coverage_ratio      : total_active_meds / (num_medications + 1)
2026-08-04 18:17:41 | INFO     | engineer             | --------------------------------------------------
2026-08-04 18:17:41 | INFO     | engineer             | Group C: Diagnosis Burden
2026-08-04 18:17:41 | INFO     | engineer             |   FE_high_comorbidity        : number_diagnoses >= 9
2026-08-04 18:17:41 | INFO     | engineer             |   FE_diagnoses_per_day       : number_diagnoses / time_in_hospital
2026-08-04 18:17:41 | INFO     | engineer             |   FE_diag_med_ratio          : number_diagnoses / (num_medications + 1)
2026-08-04 18:17:41 | INFO     | engineer             | --------------------------------------------------
2026-08-04 18:17:41 | INFO     | engineer             | Group D: Lab & Procedure Load
2026-08-04 18:17:41 | INFO     | engineer             |   FE_high_lab_load           : num_lab_procedures >= 56
2026-08-04 18:17:41 | INFO     | engineer             |   FE_no_procedures           : num_procedures == 0
2026-08-04 18:17:41 | INFO     | engineer             |   FE_lab_to_procedure_ratio  : num_lab_procedures / (num_procedures + 1)
2026-08-04 18:17:41 | INFO     | engineer             | --------------------------------------------------
2026-08-04 18:17:41 | INFO     | engineer             | Group E: Prior Utilization
2026-08-04 18:17:41 | INFO     | engineer             |   FE_total_prior_contacts    : inpatient + outpatient + emergency
2026-08-04 18:17:41 | INFO     | engineer             |   FE_has_prior_emergency     : number_emergency > 0
2026-08-04 18:17:41 | INFO     | engineer             |   FE_has_prior_inpatient     : number_inpatient > 0
2026-08-04 18:17:41 | INFO     | engineer             |   FE_high_prior_utilization  : total_prior_contacts >= 1.10
2026-08-04 18:17:41 | INFO     | engineer             |   FE_multi_channel_utilizer  : count of channels with > 0 visits
2026-08-04 18:17:41 | INFO     | engineer             | --------------------------------------------------
2026-08-04 18:17:41 | INFO     | engineer             | Group F: Diabetes Management
2026-08-04 18:17:41 | INFO     | engineer             |   FE_insulin_prescribed      : insulin > 0 (Steady/Up/Down)
2026-08-04 18:17:41 | INFO     | engineer             |   FE_insulin_changed         : insulin Up or Down
2026-08-04 18:17:41 | INFO     | engineer             |   FE_insulin_increased       : insulin Up only
2026-08-04 18:17:41 | INFO     | engineer             |   FE_metformin_prescribed    : metformin > 0
2026-08-04 18:17:41 | INFO     | engineer             |   FE_metformin_changed       : metformin Up or Down
2026-08-04 18:17:41 | INFO     | engineer             |   FE_on_diabetes_med         : diabetesMed (pass-through alias)
2026-08-04 18:17:41 | INFO     | engineer             |   FE_med_regimen_changed     : change (pass-through alias)
2026-08-04 18:17:41 | INFO     | engineer             |   FE_glycemic_risk_score     : sum of 3 glycemic indicators
2026-08-04 18:17:41 | INFO     | engineer             | --------------------------------------------------
2026-08-04 18:17:41 | INFO     | engineer             | Group G: Interaction Features
2026-08-04 18:17:41 | INFO     | engineer             |   FE_inpatient_x_polypharmacy : prior_inpatient × polypharmacy
2026-08-04 18:17:41 | INFO     | engineer             |   FE_high_util_x_med_change  : high_utilization × any_med_changed
2026-08-04 18:17:41 | INFO     | engineer             |   FE_comorbidity_x_lab_load  : high_comorbidity × high_lab_load
2026-08-04 18:17:41 | INFO     | engineer             |   FE_glycemic_x_emergency    : glycemic_risk_score × has_prior_emergency
2026-08-04 18:17:41 | INFO     | engineer             |   FE_labs_per_day_x_comorbidity : labs_per_day × high_comorbidity
2026-08-04 18:17:41 | INFO     | engineer             | --------------------------------------------------
2026-08-04 18:17:41 | INFO     | engineer             | Null audit on FE_ columns [test]
2026-08-04 18:17:41 | INFO     | engineer             |   All 38 FE_ columns are null-free — OK
2026-08-04 18:17:41 | INFO     | engineer             | ======================================================================
2026-08-04 18:17:41 | INFO     | engineer             | transform complete [test] — shape: (17325, 80)
2026-08-04 18:17:41 | INFO     | engineer             | ======================================================================
2026-08-04 18:18:40 | INFO     | engineer             | ===== RUN 20260804-181836-bd5cbd | pid=17396 | started 2026-08-04 18:18:40 =====
2026-08-04 18:18:40 | INFO     | engineer             | ======================================================================
2026-08-04 18:18:40 | INFO     | engineer             | DriftSentinel — Feature Engineer  [fit_transform on TRAIN]
2026-08-04 18:18:40 | INFO     | engineer             | ======================================================================
2026-08-04 18:18:40 | INFO     | engineer             | Input shape  : (63492, 42)
2026-08-04 18:18:40 | INFO     | engineer             | Existing FE_ columns: 0
2026-08-04 18:18:40 | INFO     | engineer             | --------------------------------------------------
2026-08-04 18:18:40 | INFO     | engineer             | Group A: Utilization Intensity
2026-08-04 18:18:40 | INFO     | engineer             |   FE_total_clinical_contacts : time + procedures + labs
2026-08-04 18:18:40 | INFO     | engineer             |   FE_labs_per_day            : num_lab_procedures / time_in_hospital
2026-08-04 18:18:40 | INFO     | engineer             |   FE_meds_per_day            : num_medications / time_in_hospital
2026-08-04 18:18:40 | INFO     | engineer             |   FE_procedure_density       : num_procedures / (num_lab_procedures + 1)
2026-08-04 18:18:40 | INFO     | engineer             |   FE_high_utilization threshold (Q75, train) = 62.00
2026-08-04 18:18:40 | INFO     | engineer             |   FE_high_utilization        : >= 62.00  n=16,716
2026-08-04 18:18:40 | INFO     | engineer             | --------------------------------------------------
2026-08-04 18:18:40 | INFO     | engineer             | Group B: Medication Complexity
2026-08-04 18:18:40 | INFO     | engineer             |   FE_n_active_ordinal_meds   : sum of 9 ordinal meds > 0
2026-08-04 18:18:40 | INFO     | engineer             |   FE_n_active_binary_meds    : sum of 7 binary meds
2026-08-04 18:18:40 | INFO     | engineer             |   FE_total_active_meds       : ordinal_active + binary_active
2026-08-04 18:18:40 | INFO     | engineer             |   FE_n_med_changes           : meds with Up or Down dose
2026-08-04 18:18:40 | INFO     | engineer             |   FE_n_med_increases         : meds with Up dose only
2026-08-04 18:18:40 | INFO     | engineer             |   FE_n_med_decreases         : meds with Down dose only
2026-08-04 18:18:40 | INFO     | engineer             |   FE_any_med_changed         : binary flag, at least one dose change
2026-08-04 18:18:40 | INFO     | engineer             |   FE_polypharmacy            : total_active_meds >= 5 (clinical threshold)
2026-08-04 18:18:40 | INFO     | engineer             |   FE_med_coverage_ratio      : total_active_meds / (num_medications + 1)
2026-08-04 18:18:40 | INFO     | engineer             | --------------------------------------------------
2026-08-04 18:18:40 | INFO     | engineer             | Group C: Diagnosis Burden
2026-08-04 18:18:40 | INFO     | engineer             |   FE_high_comorbidity threshold (Q75, train) = 9.00
2026-08-04 18:18:40 | INFO     | engineer             |   FE_high_comorbidity        : number_diagnoses >= 9
2026-08-04 18:18:40 | INFO     | engineer             |   FE_diagnoses_per_day       : number_diagnoses / time_in_hospital
2026-08-04 18:18:40 | INFO     | engineer             |   FE_diag_med_ratio          : number_diagnoses / (num_medications + 1)
2026-08-04 18:18:40 | INFO     | engineer             | --------------------------------------------------
2026-08-04 18:18:40 | INFO     | engineer             | Group D: Lab & Procedure Load
2026-08-04 18:18:40 | INFO     | engineer             |   FE_high_lab_load threshold (Q75, train) = 56.00
2026-08-04 18:18:40 | INFO     | engineer             |   FE_high_lab_load           : num_lab_procedures >= 56
2026-08-04 18:18:40 | INFO     | engineer             |   FE_no_procedures           : num_procedures == 0
2026-08-04 18:18:40 | INFO     | engineer             |   FE_lab_to_procedure_ratio  : num_lab_procedures / (num_procedures + 1)
2026-08-04 18:18:40 | INFO     | engineer             | --------------------------------------------------
2026-08-04 18:18:40 | INFO     | engineer             | Group E: Prior Utilization
2026-08-04 18:18:40 | INFO     | engineer             |   FE_total_prior_contacts    : inpatient + outpatient + emergency
2026-08-04 18:18:40 | INFO     | engineer             |   FE_has_prior_emergency     : number_emergency > 0
2026-08-04 18:18:40 | INFO     | engineer             |   FE_has_prior_inpatient     : number_inpatient > 0
2026-08-04 18:18:40 | INFO     | engineer             |   FE_high_prior_utilization threshold (Q75, train) = 1.10
2026-08-04 18:18:40 | INFO     | engineer             |   FE_high_prior_utilization  : total_prior_contacts >= 1.10
2026-08-04 18:18:40 | INFO     | engineer             |   FE_multi_channel_utilizer  : count of channels with > 0 visits
2026-08-04 18:18:40 | INFO     | engineer             | --------------------------------------------------
2026-08-04 18:18:40 | INFO     | engineer             | Group F: Diabetes Management
2026-08-04 18:18:40 | INFO     | engineer             |   FE_insulin_prescribed      : insulin > 0 (Steady/Up/Down)
2026-08-04 18:18:40 | INFO     | engineer             |   FE_insulin_changed         : insulin Up or Down
2026-08-04 18:18:40 | INFO     | engineer             |   FE_insulin_increased       : insulin Up only
2026-08-04 18:18:40 | INFO     | engineer             |   FE_metformin_prescribed    : metformin > 0
2026-08-04 18:18:40 | INFO     | engineer             |   FE_metformin_changed       : metformin Up or Down
2026-08-04 18:18:40 | INFO     | engineer             |   FE_on_diabetes_med         : diabetesMed (pass-through alias)
2026-08-04 18:18:40 | INFO     | engineer             |   FE_med_regimen_changed     : change (pass-through alias)
2026-08-04 18:18:40 | INFO     | engineer             |   FE_glycemic_risk_score     : sum of 3 glycemic indicators
2026-08-04 18:18:40 | INFO     | engineer             | --------------------------------------------------
2026-08-04 18:18:40 | INFO     | engineer             | Group G: Interaction Features
2026-08-04 18:18:40 | INFO     | engineer             |   FE_inpatient_x_polypharmacy : prior_inpatient × polypharmacy
2026-08-04 18:18:40 | INFO     | engineer             |   FE_high_util_x_med_change  : high_utilization × any_med_changed
2026-08-04 18:18:40 | INFO     | engineer             |   FE_comorbidity_x_lab_load  : high_comorbidity × high_lab_load
2026-08-04 18:18:40 | INFO     | engineer             |   FE_glycemic_x_emergency    : glycemic_risk_score × has_prior_emergency
2026-08-04 18:18:40 | INFO     | engineer             |   FE_labs_per_day_x_comorbidity : labs_per_day × high_comorbidity
2026-08-04 18:18:40 | INFO     | engineer             | --------------------------------------------------
2026-08-04 18:18:40 | INFO     | engineer             | Null audit on FE_ columns [train]
2026-08-04 18:18:40 | INFO     | engineer             |   All 38 FE_ columns are null-free — OK
2026-08-04 18:18:40 | INFO     | engineer             | --------------------------------------------------
2026-08-04 18:18:40 | INFO     | engineer             | Leakage guard: FE_ features vs target correlation
2026-08-04 18:18:40 | INFO     | engineer             |   Leakage guard passed — no |r| > 0.80 among 38 FE_ features
2026-08-04 18:18:40 | INFO     | engineer             |   fe_train_stats.json saved -> C:\Users\sharg\Desktop\github\DriftSentinel\outputs\artifacts\fe_train_stats.json
2026-08-04 18:18:40 | INFO     | engineer             |   fe_feature_names.json saved -> C:\Users\sharg\Desktop\github\DriftSentinel\outputs\artifacts\fe_feature_names.json
2026-08-04 18:18:40 | INFO     | engineer             |   feature_engineer.pkl saved -> C:\Users\sharg\Desktop\github\DriftSentinel\outputs\artifacts\feature_engineer.pkl
2026-08-04 18:18:40 | INFO     | engineer             | ======================================================================
2026-08-04 18:18:40 | INFO     | engineer             | fit_transform complete — shape: (63492, 80)
2026-08-04 18:18:40 | INFO     | engineer             | FE_ features created: 38
2026-08-04 18:18:40 | INFO     | engineer             | ======================================================================
2026-08-04 18:18:40 | INFO     | engineer             | ======================================================================
2026-08-04 18:18:40 | INFO     | engineer             | DriftSentinel — Feature Engineer  [transform on VAL]
2026-08-04 18:18:40 | INFO     | engineer             | ======================================================================
2026-08-04 18:18:40 | INFO     | engineer             | Input shape  : (20949, 42)
2026-08-04 18:18:40 | INFO     | engineer             | --------------------------------------------------
2026-08-04 18:18:40 | INFO     | engineer             | Group A: Utilization Intensity
2026-08-04 18:18:40 | INFO     | engineer             |   FE_total_clinical_contacts : time + procedures + labs
2026-08-04 18:18:40 | INFO     | engineer             |   FE_labs_per_day            : num_lab_procedures / time_in_hospital
2026-08-04 18:18:40 | INFO     | engineer             |   FE_meds_per_day            : num_medications / time_in_hospital
2026-08-04 18:18:40 | INFO     | engineer             |   FE_procedure_density       : num_procedures / (num_lab_procedures + 1)
2026-08-04 18:18:40 | INFO     | engineer             |   FE_high_utilization        : >= 62.00  n=6,392
2026-08-04 18:18:40 | INFO     | engineer             | --------------------------------------------------
2026-08-04 18:18:40 | INFO     | engineer             | Group B: Medication Complexity
2026-08-04 18:18:40 | INFO     | engineer             |   FE_n_active_ordinal_meds   : sum of 9 ordinal meds > 0
2026-08-04 18:18:40 | INFO     | engineer             |   FE_n_active_binary_meds    : sum of 7 binary meds
2026-08-04 18:18:40 | INFO     | engineer             |   FE_total_active_meds       : ordinal_active + binary_active
2026-08-04 18:18:40 | INFO     | engineer             |   FE_n_med_changes           : meds with Up or Down dose
2026-08-04 18:18:40 | INFO     | engineer             |   FE_n_med_increases         : meds with Up dose only
2026-08-04 18:18:40 | INFO     | engineer             |   FE_n_med_decreases         : meds with Down dose only
2026-08-04 18:18:40 | INFO     | engineer             |   FE_any_med_changed         : binary flag, at least one dose change
2026-08-04 18:18:40 | INFO     | engineer             |   FE_polypharmacy            : total_active_meds >= 5 (clinical threshold)
2026-08-04 18:18:40 | INFO     | engineer             |   FE_med_coverage_ratio      : total_active_meds / (num_medications + 1)
2026-08-04 18:18:40 | INFO     | engineer             | --------------------------------------------------
2026-08-04 18:18:40 | INFO     | engineer             | Group C: Diagnosis Burden
2026-08-04 18:18:40 | INFO     | engineer             |   FE_high_comorbidity        : number_diagnoses >= 9
2026-08-04 18:18:40 | INFO     | engineer             |   FE_diagnoses_per_day       : number_diagnoses / time_in_hospital
2026-08-04 18:18:40 | INFO     | engineer             |   FE_diag_med_ratio          : number_diagnoses / (num_medications + 1)
2026-08-04 18:18:40 | INFO     | engineer             | --------------------------------------------------
2026-08-04 18:18:40 | INFO     | engineer             | Group D: Lab & Procedure Load
2026-08-04 18:18:40 | INFO     | engineer             |   FE_high_lab_load           : num_lab_procedures >= 56
2026-08-04 18:18:40 | INFO     | engineer             |   FE_no_procedures           : num_procedures == 0
2026-08-04 18:18:40 | INFO     | engineer             |   FE_lab_to_procedure_ratio  : num_lab_procedures / (num_procedures + 1)
2026-08-04 18:18:40 | INFO     | engineer             | --------------------------------------------------
2026-08-04 18:18:40 | INFO     | engineer             | Group E: Prior Utilization
2026-08-04 18:18:40 | INFO     | engineer             |   FE_total_prior_contacts    : inpatient + outpatient + emergency
2026-08-04 18:18:40 | INFO     | engineer             |   FE_has_prior_emergency     : number_emergency > 0
2026-08-04 18:18:40 | INFO     | engineer             |   FE_has_prior_inpatient     : number_inpatient > 0
2026-08-04 18:18:40 | INFO     | engineer             |   FE_high_prior_utilization  : total_prior_contacts >= 1.10
2026-08-04 18:18:40 | INFO     | engineer             |   FE_multi_channel_utilizer  : count of channels with > 0 visits
2026-08-04 18:18:40 | INFO     | engineer             | --------------------------------------------------
2026-08-04 18:18:40 | INFO     | engineer             | Group F: Diabetes Management
2026-08-04 18:18:40 | INFO     | engineer             |   FE_insulin_prescribed      : insulin > 0 (Steady/Up/Down)
2026-08-04 18:18:40 | INFO     | engineer             |   FE_insulin_changed         : insulin Up or Down
2026-08-04 18:18:40 | INFO     | engineer             |   FE_insulin_increased       : insulin Up only
2026-08-04 18:18:40 | INFO     | engineer             |   FE_metformin_prescribed    : metformin > 0
2026-08-04 18:18:40 | INFO     | engineer             |   FE_metformin_changed       : metformin Up or Down
2026-08-04 18:18:40 | INFO     | engineer             |   FE_on_diabetes_med         : diabetesMed (pass-through alias)
2026-08-04 18:18:40 | INFO     | engineer             |   FE_med_regimen_changed     : change (pass-through alias)
2026-08-04 18:18:40 | INFO     | engineer             |   FE_glycemic_risk_score     : sum of 3 glycemic indicators
2026-08-04 18:18:40 | INFO     | engineer             | --------------------------------------------------
2026-08-04 18:18:40 | INFO     | engineer             | Group G: Interaction Features
2026-08-04 18:18:40 | INFO     | engineer             |   FE_inpatient_x_polypharmacy : prior_inpatient × polypharmacy
2026-08-04 18:18:40 | INFO     | engineer             |   FE_high_util_x_med_change  : high_utilization × any_med_changed
2026-08-04 18:18:40 | INFO     | engineer             |   FE_comorbidity_x_lab_load  : high_comorbidity × high_lab_load
2026-08-04 18:18:40 | INFO     | engineer             |   FE_glycemic_x_emergency    : glycemic_risk_score × has_prior_emergency
2026-08-04 18:18:40 | INFO     | engineer             |   FE_labs_per_day_x_comorbidity : labs_per_day × high_comorbidity
2026-08-04 18:18:40 | INFO     | engineer             | --------------------------------------------------
2026-08-04 18:18:40 | INFO     | engineer             | Null audit on FE_ columns [val]
2026-08-04 18:18:40 | INFO     | engineer             |   All 38 FE_ columns are null-free — OK
2026-08-04 18:18:40 | INFO     | engineer             | ======================================================================
2026-08-04 18:18:40 | INFO     | engineer             | transform complete [val] — shape: (20949, 80)
2026-08-04 18:18:40 | INFO     | engineer             | ======================================================================
2026-08-04 18:18:40 | INFO     | engineer             | ======================================================================
2026-08-04 18:18:40 | INFO     | engineer             | DriftSentinel — Feature Engineer  [transform on TEST]
2026-08-04 18:18:40 | INFO     | engineer             | ======================================================================
2026-08-04 18:18:40 | INFO     | engineer             | Input shape  : (17325, 42)
2026-08-04 18:18:40 | INFO     | engineer             | --------------------------------------------------
2026-08-04 18:18:40 | INFO     | engineer             | Group A: Utilization Intensity
2026-08-04 18:18:40 | INFO     | engineer             |   FE_total_clinical_contacts : time + procedures + labs
2026-08-04 18:18:40 | INFO     | engineer             |   FE_labs_per_day            : num_lab_procedures / time_in_hospital
2026-08-04 18:18:40 | INFO     | engineer             |   FE_meds_per_day            : num_medications / time_in_hospital
2026-08-04 18:18:40 | INFO     | engineer             |   FE_procedure_density       : num_procedures / (num_lab_procedures + 1)
2026-08-04 18:18:40 | INFO     | engineer             |   FE_high_utilization        : >= 62.00  n=5,001
2026-08-04 18:18:40 | INFO     | engineer             | --------------------------------------------------
2026-08-04 18:18:40 | INFO     | engineer             | Group B: Medication Complexity
2026-08-04 18:18:40 | INFO     | engineer             |   FE_n_active_ordinal_meds   : sum of 9 ordinal meds > 0
2026-08-04 18:18:40 | INFO     | engineer             |   FE_n_active_binary_meds    : sum of 7 binary meds
2026-08-04 18:18:40 | INFO     | engineer             |   FE_total_active_meds       : ordinal_active + binary_active
2026-08-04 18:18:40 | INFO     | engineer             |   FE_n_med_changes           : meds with Up or Down dose
2026-08-04 18:18:40 | INFO     | engineer             |   FE_n_med_increases         : meds with Up dose only
2026-08-04 18:18:40 | INFO     | engineer             |   FE_n_med_decreases         : meds with Down dose only
2026-08-04 18:18:40 | INFO     | engineer             |   FE_any_med_changed         : binary flag, at least one dose change
2026-08-04 18:18:40 | INFO     | engineer             |   FE_polypharmacy            : total_active_meds >= 5 (clinical threshold)
2026-08-04 18:18:40 | INFO     | engineer             |   FE_med_coverage_ratio      : total_active_meds / (num_medications + 1)
2026-08-04 18:18:40 | INFO     | engineer             | --------------------------------------------------
2026-08-04 18:18:40 | INFO     | engineer             | Group C: Diagnosis Burden
2026-08-04 18:18:40 | INFO     | engineer             |   FE_high_comorbidity        : number_diagnoses >= 9
2026-08-04 18:18:40 | INFO     | engineer             |   FE_diagnoses_per_day       : number_diagnoses / time_in_hospital
2026-08-04 18:18:40 | INFO     | engineer             |   FE_diag_med_ratio          : number_diagnoses / (num_medications + 1)
2026-08-04 18:18:40 | INFO     | engineer             | --------------------------------------------------
2026-08-04 18:18:40 | INFO     | engineer             | Group D: Lab & Procedure Load
2026-08-04 18:18:40 | INFO     | engineer             |   FE_high_lab_load           : num_lab_procedures >= 56
2026-08-04 18:18:40 | INFO     | engineer             |   FE_no_procedures           : num_procedures == 0
2026-08-04 18:18:40 | INFO     | engineer             |   FE_lab_to_procedure_ratio  : num_lab_procedures / (num_procedures + 1)
2026-08-04 18:18:40 | INFO     | engineer             | --------------------------------------------------
2026-08-04 18:18:40 | INFO     | engineer             | Group E: Prior Utilization
2026-08-04 18:18:40 | INFO     | engineer             |   FE_total_prior_contacts    : inpatient + outpatient + emergency
2026-08-04 18:18:40 | INFO     | engineer             |   FE_has_prior_emergency     : number_emergency > 0
2026-08-04 18:18:40 | INFO     | engineer             |   FE_has_prior_inpatient     : number_inpatient > 0
2026-08-04 18:18:40 | INFO     | engineer             |   FE_high_prior_utilization  : total_prior_contacts >= 1.10
2026-08-04 18:18:40 | INFO     | engineer             |   FE_multi_channel_utilizer  : count of channels with > 0 visits
2026-08-04 18:18:40 | INFO     | engineer             | --------------------------------------------------
2026-08-04 18:18:40 | INFO     | engineer             | Group F: Diabetes Management
2026-08-04 18:18:40 | INFO     | engineer             |   FE_insulin_prescribed      : insulin > 0 (Steady/Up/Down)
2026-08-04 18:18:40 | INFO     | engineer             |   FE_insulin_changed         : insulin Up or Down
2026-08-04 18:18:40 | INFO     | engineer             |   FE_insulin_increased       : insulin Up only
2026-08-04 18:18:40 | INFO     | engineer             |   FE_metformin_prescribed    : metformin > 0
2026-08-04 18:18:40 | INFO     | engineer             |   FE_metformin_changed       : metformin Up or Down
2026-08-04 18:18:40 | INFO     | engineer             |   FE_on_diabetes_med         : diabetesMed (pass-through alias)
2026-08-04 18:18:40 | INFO     | engineer             |   FE_med_regimen_changed     : change (pass-through alias)
2026-08-04 18:18:40 | INFO     | engineer             |   FE_glycemic_risk_score     : sum of 3 glycemic indicators
2026-08-04 18:18:40 | INFO     | engineer             | --------------------------------------------------
2026-08-04 18:18:40 | INFO     | engineer             | Group G: Interaction Features
2026-08-04 18:18:40 | INFO     | engineer             |   FE_inpatient_x_polypharmacy : prior_inpatient × polypharmacy
2026-08-04 18:18:40 | INFO     | engineer             |   FE_high_util_x_med_change  : high_utilization × any_med_changed
2026-08-04 18:18:40 | INFO     | engineer             |   FE_comorbidity_x_lab_load  : high_comorbidity × high_lab_load
2026-08-04 18:18:40 | INFO     | engineer             |   FE_glycemic_x_emergency    : glycemic_risk_score × has_prior_emergency
2026-08-04 18:18:40 | INFO     | engineer             |   FE_labs_per_day_x_comorbidity : labs_per_day × high_comorbidity
2026-08-04 18:18:40 | INFO     | engineer             | --------------------------------------------------
2026-08-04 18:18:40 | INFO     | engineer             | Null audit on FE_ columns [test]
2026-08-04 18:18:40 | INFO     | engineer             |   All 38 FE_ columns are null-free — OK
2026-08-04 18:18:40 | INFO     | engineer             | ======================================================================
2026-08-04 18:18:40 | INFO     | engineer             | transform complete [test] — shape: (17325, 80)
2026-08-04 18:18:40 | INFO     | engineer             | ======================================================================
2026-08-04 18:20:39 | INFO     | engineer             | ===== RUN 20260804-182035-7f2ed9 | pid=30584 | started 2026-08-04 18:20:39 =====
2026-08-04 18:20:39 | INFO     | engineer             | ======================================================================
2026-08-04 18:20:39 | INFO     | engineer             | DriftSentinel — Feature Engineer  [fit_transform on TRAIN]
2026-08-04 18:20:39 | INFO     | engineer             | ======================================================================
2026-08-04 18:20:39 | INFO     | engineer             | Input shape  : (63492, 42)
2026-08-04 18:20:39 | INFO     | engineer             | Existing FE_ columns: 0
2026-08-04 18:20:39 | INFO     | engineer             | --------------------------------------------------
2026-08-04 18:20:39 | INFO     | engineer             | Group A: Utilization Intensity
2026-08-04 18:20:39 | INFO     | engineer             |   FE_total_clinical_contacts : time + procedures + labs
2026-08-04 18:20:39 | INFO     | engineer             |   FE_labs_per_day            : num_lab_procedures / time_in_hospital
2026-08-04 18:20:39 | INFO     | engineer             |   FE_meds_per_day            : num_medications / time_in_hospital
2026-08-04 18:20:39 | INFO     | engineer             |   FE_procedure_density       : num_procedures / (num_lab_procedures + 1)
2026-08-04 18:20:39 | INFO     | engineer             |   FE_high_utilization threshold (Q75, train) = 62.00
2026-08-04 18:20:39 | INFO     | engineer             |   FE_high_utilization        : >= 62.00  n=16,716
2026-08-04 18:20:39 | INFO     | engineer             | --------------------------------------------------
2026-08-04 18:20:39 | INFO     | engineer             | Group B: Medication Complexity
2026-08-04 18:20:39 | INFO     | engineer             |   FE_n_active_ordinal_meds   : sum of 9 ordinal meds > 0
2026-08-04 18:20:39 | INFO     | engineer             |   FE_n_active_binary_meds    : sum of 7 binary meds
2026-08-04 18:20:39 | INFO     | engineer             |   FE_total_active_meds       : ordinal_active + binary_active
2026-08-04 18:20:39 | INFO     | engineer             |   FE_n_med_changes           : meds with Up or Down dose
2026-08-04 18:20:39 | INFO     | engineer             |   FE_n_med_increases         : meds with Up dose only
2026-08-04 18:20:39 | INFO     | engineer             |   FE_n_med_decreases         : meds with Down dose only
2026-08-04 18:20:39 | INFO     | engineer             |   FE_any_med_changed         : binary flag, at least one dose change
2026-08-04 18:20:39 | INFO     | engineer             |   FE_polypharmacy            : total_active_meds >= 5 (clinical threshold)
2026-08-04 18:20:39 | INFO     | engineer             |   FE_med_coverage_ratio      : total_active_meds / (num_medications + 1)
2026-08-04 18:20:39 | INFO     | engineer             | --------------------------------------------------
2026-08-04 18:20:39 | INFO     | engineer             | Group C: Diagnosis Burden
2026-08-04 18:20:39 | INFO     | engineer             |   FE_high_comorbidity threshold (Q75, train) = 9.00
2026-08-04 18:20:39 | INFO     | engineer             |   FE_high_comorbidity        : number_diagnoses >= 9
2026-08-04 18:20:39 | INFO     | engineer             |   FE_diagnoses_per_day       : number_diagnoses / time_in_hospital
2026-08-04 18:20:39 | INFO     | engineer             |   FE_diag_med_ratio          : number_diagnoses / (num_medications + 1)
2026-08-04 18:20:39 | INFO     | engineer             | --------------------------------------------------
2026-08-04 18:20:39 | INFO     | engineer             | Group D: Lab & Procedure Load
2026-08-04 18:20:39 | INFO     | engineer             |   FE_high_lab_load threshold (Q75, train) = 56.00
2026-08-04 18:20:39 | INFO     | engineer             |   FE_high_lab_load           : num_lab_procedures >= 56
2026-08-04 18:20:39 | INFO     | engineer             |   FE_no_procedures           : num_procedures == 0
2026-08-04 18:20:39 | INFO     | engineer             |   FE_lab_to_procedure_ratio  : num_lab_procedures / (num_procedures + 1)
2026-08-04 18:20:39 | INFO     | engineer             | --------------------------------------------------
2026-08-04 18:20:39 | INFO     | engineer             | Group E: Prior Utilization
2026-08-04 18:20:39 | INFO     | engineer             |   FE_total_prior_contacts    : inpatient + outpatient + emergency
2026-08-04 18:20:39 | INFO     | engineer             |   FE_has_prior_emergency     : number_emergency > 0
2026-08-04 18:20:39 | INFO     | engineer             |   FE_has_prior_inpatient     : number_inpatient > 0
2026-08-04 18:20:39 | INFO     | engineer             |   FE_high_prior_utilization threshold (Q75, train) = 1.10
2026-08-04 18:20:39 | INFO     | engineer             |   FE_high_prior_utilization  : total_prior_contacts >= 1.10
2026-08-04 18:20:39 | INFO     | engineer             |   FE_multi_channel_utilizer  : count of channels with > 0 visits
2026-08-04 18:20:39 | INFO     | engineer             | --------------------------------------------------
2026-08-04 18:20:39 | INFO     | engineer             | Group F: Diabetes Management
2026-08-04 18:20:39 | INFO     | engineer             |   FE_insulin_prescribed      : insulin > 0 (Steady/Up/Down)
2026-08-04 18:20:39 | INFO     | engineer             |   FE_insulin_changed         : insulin Up or Down
2026-08-04 18:20:39 | INFO     | engineer             |   FE_insulin_increased       : insulin Up only
2026-08-04 18:20:39 | INFO     | engineer             |   FE_metformin_prescribed    : metformin > 0
2026-08-04 18:20:39 | INFO     | engineer             |   FE_metformin_changed       : metformin Up or Down
2026-08-04 18:20:39 | INFO     | engineer             |   FE_on_diabetes_med         : diabetesMed (pass-through alias)
2026-08-04 18:20:39 | INFO     | engineer             |   FE_med_regimen_changed     : change (pass-through alias)
2026-08-04 18:20:39 | INFO     | engineer             |   FE_glycemic_risk_score     : sum of 3 glycemic indicators
2026-08-04 18:20:39 | INFO     | engineer             | --------------------------------------------------
2026-08-04 18:20:39 | INFO     | engineer             | Group G: Interaction Features
2026-08-04 18:20:39 | INFO     | engineer             |   FE_inpatient_x_polypharmacy : prior_inpatient × polypharmacy
2026-08-04 18:20:39 | INFO     | engineer             |   FE_high_util_x_med_change  : high_utilization × any_med_changed
2026-08-04 18:20:39 | INFO     | engineer             |   FE_comorbidity_x_lab_load  : high_comorbidity × high_lab_load
2026-08-04 18:20:39 | INFO     | engineer             |   FE_glycemic_x_emergency    : glycemic_risk_score × has_prior_emergency
2026-08-04 18:20:39 | INFO     | engineer             |   FE_labs_per_day_x_comorbidity : labs_per_day × high_comorbidity
2026-08-04 18:20:39 | INFO     | engineer             | --------------------------------------------------
2026-08-04 18:20:39 | INFO     | engineer             | Null audit on FE_ columns [train]
2026-08-04 18:20:39 | INFO     | engineer             |   All 38 FE_ columns are null-free — OK
2026-08-04 18:20:39 | INFO     | engineer             | --------------------------------------------------
2026-08-04 18:20:39 | INFO     | engineer             | Leakage guard: FE_ features vs target correlation
2026-08-04 18:20:39 | INFO     | engineer             |   Leakage guard passed — no |r| > 0.80 among 38 FE_ features
2026-08-04 18:20:39 | INFO     | engineer             |   fe_train_stats.json saved -> C:\Users\sharg\Desktop\github\DriftSentinel\outputs\artifacts\fe_train_stats.json
2026-08-04 18:20:39 | INFO     | engineer             |   fe_feature_names.json saved -> C:\Users\sharg\Desktop\github\DriftSentinel\outputs\artifacts\fe_feature_names.json
2026-08-04 18:20:39 | INFO     | engineer             |   feature_engineer.pkl saved -> C:\Users\sharg\Desktop\github\DriftSentinel\outputs\artifacts\feature_engineer.pkl
2026-08-04 18:20:39 | INFO     | engineer             | ======================================================================
2026-08-04 18:20:39 | INFO     | engineer             | fit_transform complete — shape: (63492, 80)
2026-08-04 18:20:39 | INFO     | engineer             | FE_ features created: 38
2026-08-04 18:20:39 | INFO     | engineer             | ======================================================================
2026-08-04 18:20:39 | INFO     | engineer             | ======================================================================
2026-08-04 18:20:39 | INFO     | engineer             | DriftSentinel — Feature Engineer  [transform on VAL]
2026-08-04 18:20:39 | INFO     | engineer             | ======================================================================
2026-08-04 18:20:39 | INFO     | engineer             | Input shape  : (20949, 42)
2026-08-04 18:20:39 | INFO     | engineer             | --------------------------------------------------
2026-08-04 18:20:39 | INFO     | engineer             | Group A: Utilization Intensity
2026-08-04 18:20:39 | INFO     | engineer             |   FE_total_clinical_contacts : time + procedures + labs
2026-08-04 18:20:39 | INFO     | engineer             |   FE_labs_per_day            : num_lab_procedures / time_in_hospital
2026-08-04 18:20:39 | INFO     | engineer             |   FE_meds_per_day            : num_medications / time_in_hospital
2026-08-04 18:20:39 | INFO     | engineer             |   FE_procedure_density       : num_procedures / (num_lab_procedures + 1)
2026-08-04 18:20:39 | INFO     | engineer             |   FE_high_utilization        : >= 62.00  n=6,392
2026-08-04 18:20:39 | INFO     | engineer             | --------------------------------------------------
2026-08-04 18:20:39 | INFO     | engineer             | Group B: Medication Complexity
2026-08-04 18:20:39 | INFO     | engineer             |   FE_n_active_ordinal_meds   : sum of 9 ordinal meds > 0
2026-08-04 18:20:39 | INFO     | engineer             |   FE_n_active_binary_meds    : sum of 7 binary meds
2026-08-04 18:20:39 | INFO     | engineer             |   FE_total_active_meds       : ordinal_active + binary_active
2026-08-04 18:20:39 | INFO     | engineer             |   FE_n_med_changes           : meds with Up or Down dose
2026-08-04 18:20:39 | INFO     | engineer             |   FE_n_med_increases         : meds with Up dose only
2026-08-04 18:20:39 | INFO     | engineer             |   FE_n_med_decreases         : meds with Down dose only
2026-08-04 18:20:39 | INFO     | engineer             |   FE_any_med_changed         : binary flag, at least one dose change
2026-08-04 18:20:39 | INFO     | engineer             |   FE_polypharmacy            : total_active_meds >= 5 (clinical threshold)
2026-08-04 18:20:39 | INFO     | engineer             |   FE_med_coverage_ratio      : total_active_meds / (num_medications + 1)
2026-08-04 18:20:39 | INFO     | engineer             | --------------------------------------------------
2026-08-04 18:20:39 | INFO     | engineer             | Group C: Diagnosis Burden
2026-08-04 18:20:39 | INFO     | engineer             |   FE_high_comorbidity        : number_diagnoses >= 9
2026-08-04 18:20:39 | INFO     | engineer             |   FE_diagnoses_per_day       : number_diagnoses / time_in_hospital
2026-08-04 18:20:39 | INFO     | engineer             |   FE_diag_med_ratio          : number_diagnoses / (num_medications + 1)
2026-08-04 18:20:39 | INFO     | engineer             | --------------------------------------------------
2026-08-04 18:20:39 | INFO     | engineer             | Group D: Lab & Procedure Load
2026-08-04 18:20:39 | INFO     | engineer             |   FE_high_lab_load           : num_lab_procedures >= 56
2026-08-04 18:20:39 | INFO     | engineer             |   FE_no_procedures           : num_procedures == 0
2026-08-04 18:20:39 | INFO     | engineer             |   FE_lab_to_procedure_ratio  : num_lab_procedures / (num_procedures + 1)
2026-08-04 18:20:39 | INFO     | engineer             | --------------------------------------------------
2026-08-04 18:20:39 | INFO     | engineer             | Group E: Prior Utilization
2026-08-04 18:20:39 | INFO     | engineer             |   FE_total_prior_contacts    : inpatient + outpatient + emergency
2026-08-04 18:20:39 | INFO     | engineer             |   FE_has_prior_emergency     : number_emergency > 0
2026-08-04 18:20:39 | INFO     | engineer             |   FE_has_prior_inpatient     : number_inpatient > 0
2026-08-04 18:20:39 | INFO     | engineer             |   FE_high_prior_utilization  : total_prior_contacts >= 1.10
2026-08-04 18:20:39 | INFO     | engineer             |   FE_multi_channel_utilizer  : count of channels with > 0 visits
2026-08-04 18:20:39 | INFO     | engineer             | --------------------------------------------------
2026-08-04 18:20:39 | INFO     | engineer             | Group F: Diabetes Management
2026-08-04 18:20:39 | INFO     | engineer             |   FE_insulin_prescribed      : insulin > 0 (Steady/Up/Down)
2026-08-04 18:20:39 | INFO     | engineer             |   FE_insulin_changed         : insulin Up or Down
2026-08-04 18:20:39 | INFO     | engineer             |   FE_insulin_increased       : insulin Up only
2026-08-04 18:20:39 | INFO     | engineer             |   FE_metformin_prescribed    : metformin > 0
2026-08-04 18:20:39 | INFO     | engineer             |   FE_metformin_changed       : metformin Up or Down
2026-08-04 18:20:39 | INFO     | engineer             |   FE_on_diabetes_med         : diabetesMed (pass-through alias)
2026-08-04 18:20:39 | INFO     | engineer             |   FE_med_regimen_changed     : change (pass-through alias)
2026-08-04 18:20:39 | INFO     | engineer             |   FE_glycemic_risk_score     : sum of 3 glycemic indicators
2026-08-04 18:20:39 | INFO     | engineer             | --------------------------------------------------
2026-08-04 18:20:39 | INFO     | engineer             | Group G: Interaction Features
2026-08-04 18:20:39 | INFO     | engineer             |   FE_inpatient_x_polypharmacy : prior_inpatient × polypharmacy
2026-08-04 18:20:39 | INFO     | engineer             |   FE_high_util_x_med_change  : high_utilization × any_med_changed
2026-08-04 18:20:39 | INFO     | engineer             |   FE_comorbidity_x_lab_load  : high_comorbidity × high_lab_load
2026-08-04 18:20:39 | INFO     | engineer             |   FE_glycemic_x_emergency    : glycemic_risk_score × has_prior_emergency
2026-08-04 18:20:39 | INFO     | engineer             |   FE_labs_per_day_x_comorbidity : labs_per_day × high_comorbidity
2026-08-04 18:20:39 | INFO     | engineer             | --------------------------------------------------
2026-08-04 18:20:39 | INFO     | engineer             | Null audit on FE_ columns [val]
2026-08-04 18:20:39 | INFO     | engineer             |   All 38 FE_ columns are null-free — OK
2026-08-04 18:20:39 | INFO     | engineer             | ======================================================================
2026-08-04 18:20:39 | INFO     | engineer             | transform complete [val] — shape: (20949, 80)
2026-08-04 18:20:39 | INFO     | engineer             | ======================================================================
2026-08-04 18:20:39 | INFO     | engineer             | ======================================================================
2026-08-04 18:20:39 | INFO     | engineer             | DriftSentinel — Feature Engineer  [transform on TEST]
2026-08-04 18:20:39 | INFO     | engineer             | ======================================================================
2026-08-04 18:20:39 | INFO     | engineer             | Input shape  : (17325, 42)
2026-08-04 18:20:39 | INFO     | engineer             | --------------------------------------------------
2026-08-04 18:20:39 | INFO     | engineer             | Group A: Utilization Intensity
2026-08-04 18:20:39 | INFO     | engineer             |   FE_total_clinical_contacts : time + procedures + labs
2026-08-04 18:20:39 | INFO     | engineer             |   FE_labs_per_day            : num_lab_procedures / time_in_hospital
2026-08-04 18:20:39 | INFO     | engineer             |   FE_meds_per_day            : num_medications / time_in_hospital
2026-08-04 18:20:39 | INFO     | engineer             |   FE_procedure_density       : num_procedures / (num_lab_procedures + 1)
2026-08-04 18:20:39 | INFO     | engineer             |   FE_high_utilization        : >= 62.00  n=5,001
2026-08-04 18:20:39 | INFO     | engineer             | --------------------------------------------------
2026-08-04 18:20:39 | INFO     | engineer             | Group B: Medication Complexity
2026-08-04 18:20:39 | INFO     | engineer             |   FE_n_active_ordinal_meds   : sum of 9 ordinal meds > 0
2026-08-04 18:20:39 | INFO     | engineer             |   FE_n_active_binary_meds    : sum of 7 binary meds
2026-08-04 18:20:39 | INFO     | engineer             |   FE_total_active_meds       : ordinal_active + binary_active
2026-08-04 18:20:39 | INFO     | engineer             |   FE_n_med_changes           : meds with Up or Down dose
2026-08-04 18:20:39 | INFO     | engineer             |   FE_n_med_increases         : meds with Up dose only
2026-08-04 18:20:39 | INFO     | engineer             |   FE_n_med_decreases         : meds with Down dose only
2026-08-04 18:20:39 | INFO     | engineer             |   FE_any_med_changed         : binary flag, at least one dose change
2026-08-04 18:20:39 | INFO     | engineer             |   FE_polypharmacy            : total_active_meds >= 5 (clinical threshold)
2026-08-04 18:20:39 | INFO     | engineer             |   FE_med_coverage_ratio      : total_active_meds / (num_medications + 1)
2026-08-04 18:20:39 | INFO     | engineer             | --------------------------------------------------
2026-08-04 18:20:39 | INFO     | engineer             | Group C: Diagnosis Burden
2026-08-04 18:20:39 | INFO     | engineer             |   FE_high_comorbidity        : number_diagnoses >= 9
2026-08-04 18:20:39 | INFO     | engineer             |   FE_diagnoses_per_day       : number_diagnoses / time_in_hospital
2026-08-04 18:20:39 | INFO     | engineer             |   FE_diag_med_ratio          : number_diagnoses / (num_medications + 1)
2026-08-04 18:20:39 | INFO     | engineer             | --------------------------------------------------
2026-08-04 18:20:39 | INFO     | engineer             | Group D: Lab & Procedure Load
2026-08-04 18:20:39 | INFO     | engineer             |   FE_high_lab_load           : num_lab_procedures >= 56
2026-08-04 18:20:39 | INFO     | engineer             |   FE_no_procedures           : num_procedures == 0
2026-08-04 18:20:39 | INFO     | engineer             |   FE_lab_to_procedure_ratio  : num_lab_procedures / (num_procedures + 1)
2026-08-04 18:20:39 | INFO     | engineer             | --------------------------------------------------
2026-08-04 18:20:39 | INFO     | engineer             | Group E: Prior Utilization
2026-08-04 18:20:39 | INFO     | engineer             |   FE_total_prior_contacts    : inpatient + outpatient + emergency
2026-08-04 18:20:39 | INFO     | engineer             |   FE_has_prior_emergency     : number_emergency > 0
2026-08-04 18:20:39 | INFO     | engineer             |   FE_has_prior_inpatient     : number_inpatient > 0
2026-08-04 18:20:39 | INFO     | engineer             |   FE_high_prior_utilization  : total_prior_contacts >= 1.10
2026-08-04 18:20:39 | INFO     | engineer             |   FE_multi_channel_utilizer  : count of channels with > 0 visits
2026-08-04 18:20:39 | INFO     | engineer             | --------------------------------------------------
2026-08-04 18:20:39 | INFO     | engineer             | Group F: Diabetes Management
2026-08-04 18:20:39 | INFO     | engineer             |   FE_insulin_prescribed      : insulin > 0 (Steady/Up/Down)
2026-08-04 18:20:39 | INFO     | engineer             |   FE_insulin_changed         : insulin Up or Down
2026-08-04 18:20:39 | INFO     | engineer             |   FE_insulin_increased       : insulin Up only
2026-08-04 18:20:39 | INFO     | engineer             |   FE_metformin_prescribed    : metformin > 0
2026-08-04 18:20:39 | INFO     | engineer             |   FE_metformin_changed       : metformin Up or Down
2026-08-04 18:20:39 | INFO     | engineer             |   FE_on_diabetes_med         : diabetesMed (pass-through alias)
2026-08-04 18:20:39 | INFO     | engineer             |   FE_med_regimen_changed     : change (pass-through alias)
2026-08-04 18:20:39 | INFO     | engineer             |   FE_glycemic_risk_score     : sum of 3 glycemic indicators
2026-08-04 18:20:39 | INFO     | engineer             | --------------------------------------------------
2026-08-04 18:20:39 | INFO     | engineer             | Group G: Interaction Features
2026-08-04 18:20:39 | INFO     | engineer             |   FE_inpatient_x_polypharmacy : prior_inpatient × polypharmacy
2026-08-04 18:20:39 | INFO     | engineer             |   FE_high_util_x_med_change  : high_utilization × any_med_changed
2026-08-04 18:20:39 | INFO     | engineer             |   FE_comorbidity_x_lab_load  : high_comorbidity × high_lab_load
2026-08-04 18:20:39 | INFO     | engineer             |   FE_glycemic_x_emergency    : glycemic_risk_score × has_prior_emergency
2026-08-04 18:20:39 | INFO     | engineer             |   FE_labs_per_day_x_comorbidity : labs_per_day × high_comorbidity
2026-08-04 18:20:39 | INFO     | engineer             | --------------------------------------------------
2026-08-04 18:20:39 | INFO     | engineer             | Null audit on FE_ columns [test]
2026-08-04 18:20:39 | INFO     | engineer             |   All 38 FE_ columns are null-free — OK
2026-08-04 18:20:39 | INFO     | engineer             | ======================================================================
2026-08-04 18:20:39 | INFO     | engineer             | transform complete [test] — shape: (17325, 80)
2026-08-04 18:20:39 | INFO     | engineer             | ======================================================================
2026-08-04 18:21:39 | INFO     | engineer             | ===== RUN 20260804-182135-1f3800 | pid=31680 | started 2026-08-04 18:21:39 =====
2026-08-04 18:21:39 | INFO     | engineer             | ======================================================================
2026-08-04 18:21:39 | INFO     | engineer             | DriftSentinel — Feature Engineer  [fit_transform on TRAIN]
2026-08-04 18:21:39 | INFO     | engineer             | ======================================================================
2026-08-04 18:21:39 | INFO     | engineer             | Input shape  : (63492, 42)
2026-08-04 18:21:39 | INFO     | engineer             | Existing FE_ columns: 0
2026-08-04 18:21:39 | INFO     | engineer             | --------------------------------------------------
2026-08-04 18:21:39 | INFO     | engineer             | Group A: Utilization Intensity
2026-08-04 18:21:39 | INFO     | engineer             |   FE_total_clinical_contacts : time + procedures + labs
2026-08-04 18:21:39 | INFO     | engineer             |   FE_labs_per_day            : num_lab_procedures / time_in_hospital
2026-08-04 18:21:39 | INFO     | engineer             |   FE_meds_per_day            : num_medications / time_in_hospital
2026-08-04 18:21:39 | INFO     | engineer             |   FE_procedure_density       : num_procedures / (num_lab_procedures + 1)
2026-08-04 18:21:39 | INFO     | engineer             |   FE_high_utilization threshold (Q75, train) = 62.00
2026-08-04 18:21:39 | INFO     | engineer             |   FE_high_utilization        : >= 62.00  n=16,716
2026-08-04 18:21:39 | INFO     | engineer             | --------------------------------------------------
2026-08-04 18:21:39 | INFO     | engineer             | Group B: Medication Complexity
2026-08-04 18:21:39 | INFO     | engineer             |   FE_n_active_ordinal_meds   : sum of 9 ordinal meds > 0
2026-08-04 18:21:39 | INFO     | engineer             |   FE_n_active_binary_meds    : sum of 7 binary meds
2026-08-04 18:21:39 | INFO     | engineer             |   FE_total_active_meds       : ordinal_active + binary_active
2026-08-04 18:21:39 | INFO     | engineer             |   FE_n_med_changes           : meds with Up or Down dose
2026-08-04 18:21:39 | INFO     | engineer             |   FE_n_med_increases         : meds with Up dose only
2026-08-04 18:21:39 | INFO     | engineer             |   FE_n_med_decreases         : meds with Down dose only
2026-08-04 18:21:39 | INFO     | engineer             |   FE_any_med_changed         : binary flag, at least one dose change
2026-08-04 18:21:39 | INFO     | engineer             |   FE_polypharmacy            : total_active_meds >= 5 (clinical threshold)
2026-08-04 18:21:39 | INFO     | engineer             |   FE_med_coverage_ratio      : total_active_meds / (num_medications + 1)
2026-08-04 18:21:39 | INFO     | engineer             | --------------------------------------------------
2026-08-04 18:21:39 | INFO     | engineer             | Group C: Diagnosis Burden
2026-08-04 18:21:39 | INFO     | engineer             |   FE_high_comorbidity threshold (Q75, train) = 9.00
2026-08-04 18:21:39 | INFO     | engineer             |   FE_high_comorbidity        : number_diagnoses >= 9
2026-08-04 18:21:39 | INFO     | engineer             |   FE_diagnoses_per_day       : number_diagnoses / time_in_hospital
2026-08-04 18:21:39 | INFO     | engineer             |   FE_diag_med_ratio          : number_diagnoses / (num_medications + 1)
2026-08-04 18:21:39 | INFO     | engineer             | --------------------------------------------------
2026-08-04 18:21:39 | INFO     | engineer             | Group D: Lab & Procedure Load
2026-08-04 18:21:39 | INFO     | engineer             |   FE_high_lab_load threshold (Q75, train) = 56.00
2026-08-04 18:21:39 | INFO     | engineer             |   FE_high_lab_load           : num_lab_procedures >= 56
2026-08-04 18:21:39 | INFO     | engineer             |   FE_no_procedures           : num_procedures == 0
2026-08-04 18:21:39 | INFO     | engineer             |   FE_lab_to_procedure_ratio  : num_lab_procedures / (num_procedures + 1)
2026-08-04 18:21:39 | INFO     | engineer             | --------------------------------------------------
2026-08-04 18:21:39 | INFO     | engineer             | Group E: Prior Utilization
2026-08-04 18:21:39 | INFO     | engineer             |   FE_total_prior_contacts    : inpatient + outpatient + emergency
2026-08-04 18:21:39 | INFO     | engineer             |   FE_has_prior_emergency     : number_emergency > 0
2026-08-04 18:21:39 | INFO     | engineer             |   FE_has_prior_inpatient     : number_inpatient > 0
2026-08-04 18:21:39 | INFO     | engineer             |   FE_high_prior_utilization threshold (Q75, train) = 1.10
2026-08-04 18:21:39 | INFO     | engineer             |   FE_high_prior_utilization  : total_prior_contacts >= 1.10
2026-08-04 18:21:39 | INFO     | engineer             |   FE_multi_channel_utilizer  : count of channels with > 0 visits
2026-08-04 18:21:39 | INFO     | engineer             | --------------------------------------------------
2026-08-04 18:21:39 | INFO     | engineer             | Group F: Diabetes Management
2026-08-04 18:21:39 | INFO     | engineer             |   FE_insulin_prescribed      : insulin > 0 (Steady/Up/Down)
2026-08-04 18:21:39 | INFO     | engineer             |   FE_insulin_changed         : insulin Up or Down
2026-08-04 18:21:39 | INFO     | engineer             |   FE_insulin_increased       : insulin Up only
2026-08-04 18:21:39 | INFO     | engineer             |   FE_metformin_prescribed    : metformin > 0
2026-08-04 18:21:39 | INFO     | engineer             |   FE_metformin_changed       : metformin Up or Down
2026-08-04 18:21:39 | INFO     | engineer             |   FE_on_diabetes_med         : diabetesMed (pass-through alias)
2026-08-04 18:21:39 | INFO     | engineer             |   FE_med_regimen_changed     : change (pass-through alias)
2026-08-04 18:21:39 | INFO     | engineer             |   FE_glycemic_risk_score     : sum of 3 glycemic indicators
2026-08-04 18:21:39 | INFO     | engineer             | --------------------------------------------------
2026-08-04 18:21:39 | INFO     | engineer             | Group G: Interaction Features
2026-08-04 18:21:39 | INFO     | engineer             |   FE_inpatient_x_polypharmacy : prior_inpatient × polypharmacy
2026-08-04 18:21:39 | INFO     | engineer             |   FE_high_util_x_med_change  : high_utilization × any_med_changed
2026-08-04 18:21:39 | INFO     | engineer             |   FE_comorbidity_x_lab_load  : high_comorbidity × high_lab_load
2026-08-04 18:21:39 | INFO     | engineer             |   FE_glycemic_x_emergency    : glycemic_risk_score × has_prior_emergency
2026-08-04 18:21:39 | INFO     | engineer             |   FE_labs_per_day_x_comorbidity : labs_per_day × high_comorbidity
2026-08-04 18:21:39 | INFO     | engineer             | --------------------------------------------------
2026-08-04 18:21:39 | INFO     | engineer             | Null audit on FE_ columns [train]
2026-08-04 18:21:39 | INFO     | engineer             |   All 38 FE_ columns are null-free — OK
2026-08-04 18:21:39 | INFO     | engineer             | --------------------------------------------------
2026-08-04 18:21:39 | INFO     | engineer             | Leakage guard: FE_ features vs target correlation
2026-08-04 18:21:39 | INFO     | engineer             |   Leakage guard passed — no |r| > 0.80 among 38 FE_ features
2026-08-04 18:21:39 | INFO     | engineer             |   fe_train_stats.json saved -> C:\Users\sharg\Desktop\github\DriftSentinel\outputs\artifacts\fe_train_stats.json
2026-08-04 18:21:39 | INFO     | engineer             |   fe_feature_names.json saved -> C:\Users\sharg\Desktop\github\DriftSentinel\outputs\artifacts\fe_feature_names.json
2026-08-04 18:21:39 | INFO     | engineer             |   feature_engineer.pkl saved -> C:\Users\sharg\Desktop\github\DriftSentinel\outputs\artifacts\feature_engineer.pkl
2026-08-04 18:21:39 | INFO     | engineer             | ======================================================================
2026-08-04 18:21:39 | INFO     | engineer             | fit_transform complete — shape: (63492, 80)
2026-08-04 18:21:39 | INFO     | engineer             | FE_ features created: 38
2026-08-04 18:21:39 | INFO     | engineer             | ======================================================================
2026-08-04 18:21:39 | INFO     | engineer             | ======================================================================
2026-08-04 18:21:39 | INFO     | engineer             | DriftSentinel — Feature Engineer  [transform on VAL]
2026-08-04 18:21:39 | INFO     | engineer             | ======================================================================
2026-08-04 18:21:39 | INFO     | engineer             | Input shape  : (20949, 42)
2026-08-04 18:21:39 | INFO     | engineer             | --------------------------------------------------
2026-08-04 18:21:39 | INFO     | engineer             | Group A: Utilization Intensity
2026-08-04 18:21:39 | INFO     | engineer             |   FE_total_clinical_contacts : time + procedures + labs
2026-08-04 18:21:39 | INFO     | engineer             |   FE_labs_per_day            : num_lab_procedures / time_in_hospital
2026-08-04 18:21:39 | INFO     | engineer             |   FE_meds_per_day            : num_medications / time_in_hospital
2026-08-04 18:21:39 | INFO     | engineer             |   FE_procedure_density       : num_procedures / (num_lab_procedures + 1)
2026-08-04 18:21:39 | INFO     | engineer             |   FE_high_utilization        : >= 62.00  n=6,392
2026-08-04 18:21:39 | INFO     | engineer             | --------------------------------------------------
2026-08-04 18:21:39 | INFO     | engineer             | Group B: Medication Complexity
2026-08-04 18:21:39 | INFO     | engineer             |   FE_n_active_ordinal_meds   : sum of 9 ordinal meds > 0
2026-08-04 18:21:39 | INFO     | engineer             |   FE_n_active_binary_meds    : sum of 7 binary meds
2026-08-04 18:21:39 | INFO     | engineer             |   FE_total_active_meds       : ordinal_active + binary_active
2026-08-04 18:21:39 | INFO     | engineer             |   FE_n_med_changes           : meds with Up or Down dose
2026-08-04 18:21:39 | INFO     | engineer             |   FE_n_med_increases         : meds with Up dose only
2026-08-04 18:21:39 | INFO     | engineer             |   FE_n_med_decreases         : meds with Down dose only
2026-08-04 18:21:39 | INFO     | engineer             |   FE_any_med_changed         : binary flag, at least one dose change
2026-08-04 18:21:39 | INFO     | engineer             |   FE_polypharmacy            : total_active_meds >= 5 (clinical threshold)
2026-08-04 18:21:39 | INFO     | engineer             |   FE_med_coverage_ratio      : total_active_meds / (num_medications + 1)
2026-08-04 18:21:39 | INFO     | engineer             | --------------------------------------------------
2026-08-04 18:21:39 | INFO     | engineer             | Group C: Diagnosis Burden
2026-08-04 18:21:39 | INFO     | engineer             |   FE_high_comorbidity        : number_diagnoses >= 9
2026-08-04 18:21:39 | INFO     | engineer             |   FE_diagnoses_per_day       : number_diagnoses / time_in_hospital
2026-08-04 18:21:39 | INFO     | engineer             |   FE_diag_med_ratio          : number_diagnoses / (num_medications + 1)
2026-08-04 18:21:39 | INFO     | engineer             | --------------------------------------------------
2026-08-04 18:21:39 | INFO     | engineer             | Group D: Lab & Procedure Load
2026-08-04 18:21:39 | INFO     | engineer             |   FE_high_lab_load           : num_lab_procedures >= 56
2026-08-04 18:21:39 | INFO     | engineer             |   FE_no_procedures           : num_procedures == 0
2026-08-04 18:21:39 | INFO     | engineer             |   FE_lab_to_procedure_ratio  : num_lab_procedures / (num_procedures + 1)
2026-08-04 18:21:39 | INFO     | engineer             | --------------------------------------------------
2026-08-04 18:21:39 | INFO     | engineer             | Group E: Prior Utilization
2026-08-04 18:21:39 | INFO     | engineer             |   FE_total_prior_contacts    : inpatient + outpatient + emergency
2026-08-04 18:21:39 | INFO     | engineer             |   FE_has_prior_emergency     : number_emergency > 0
2026-08-04 18:21:39 | INFO     | engineer             |   FE_has_prior_inpatient     : number_inpatient > 0
2026-08-04 18:21:39 | INFO     | engineer             |   FE_high_prior_utilization  : total_prior_contacts >= 1.10
2026-08-04 18:21:39 | INFO     | engineer             |   FE_multi_channel_utilizer  : count of channels with > 0 visits
2026-08-04 18:21:39 | INFO     | engineer             | --------------------------------------------------
2026-08-04 18:21:39 | INFO     | engineer             | Group F: Diabetes Management
2026-08-04 18:21:39 | INFO     | engineer             |   FE_insulin_prescribed      : insulin > 0 (Steady/Up/Down)
2026-08-04 18:21:39 | INFO     | engineer             |   FE_insulin_changed         : insulin Up or Down
2026-08-04 18:21:39 | INFO     | engineer             |   FE_insulin_increased       : insulin Up only
2026-08-04 18:21:39 | INFO     | engineer             |   FE_metformin_prescribed    : metformin > 0
2026-08-04 18:21:39 | INFO     | engineer             |   FE_metformin_changed       : metformin Up or Down
2026-08-04 18:21:39 | INFO     | engineer             |   FE_on_diabetes_med         : diabetesMed (pass-through alias)
2026-08-04 18:21:39 | INFO     | engineer             |   FE_med_regimen_changed     : change (pass-through alias)
2026-08-04 18:21:39 | INFO     | engineer             |   FE_glycemic_risk_score     : sum of 3 glycemic indicators
2026-08-04 18:21:39 | INFO     | engineer             | --------------------------------------------------
2026-08-04 18:21:39 | INFO     | engineer             | Group G: Interaction Features
2026-08-04 18:21:39 | INFO     | engineer             |   FE_inpatient_x_polypharmacy : prior_inpatient × polypharmacy
2026-08-04 18:21:39 | INFO     | engineer             |   FE_high_util_x_med_change  : high_utilization × any_med_changed
2026-08-04 18:21:39 | INFO     | engineer             |   FE_comorbidity_x_lab_load  : high_comorbidity × high_lab_load
2026-08-04 18:21:39 | INFO     | engineer             |   FE_glycemic_x_emergency    : glycemic_risk_score × has_prior_emergency
2026-08-04 18:21:39 | INFO     | engineer             |   FE_labs_per_day_x_comorbidity : labs_per_day × high_comorbidity
2026-08-04 18:21:39 | INFO     | engineer             | --------------------------------------------------
2026-08-04 18:21:39 | INFO     | engineer             | Null audit on FE_ columns [val]
2026-08-04 18:21:39 | INFO     | engineer             |   All 38 FE_ columns are null-free — OK
2026-08-04 18:21:39 | INFO     | engineer             | ======================================================================
2026-08-04 18:21:39 | INFO     | engineer             | transform complete [val] — shape: (20949, 80)
2026-08-04 18:21:39 | INFO     | engineer             | ======================================================================
2026-08-04 18:21:39 | INFO     | engineer             | ======================================================================
2026-08-04 18:21:39 | INFO     | engineer             | DriftSentinel — Feature Engineer  [transform on TEST]
2026-08-04 18:21:39 | INFO     | engineer             | ======================================================================
2026-08-04 18:21:39 | INFO     | engineer             | Input shape  : (17325, 42)
2026-08-04 18:21:39 | INFO     | engineer             | --------------------------------------------------
2026-08-04 18:21:39 | INFO     | engineer             | Group A: Utilization Intensity
2026-08-04 18:21:39 | INFO     | engineer             |   FE_total_clinical_contacts : time + procedures + labs
2026-08-04 18:21:39 | INFO     | engineer             |   FE_labs_per_day            : num_lab_procedures / time_in_hospital
2026-08-04 18:21:39 | INFO     | engineer             |   FE_meds_per_day            : num_medications / time_in_hospital
2026-08-04 18:21:39 | INFO     | engineer             |   FE_procedure_density       : num_procedures / (num_lab_procedures + 1)
2026-08-04 18:21:39 | INFO     | engineer             |   FE_high_utilization        : >= 62.00  n=5,001
2026-08-04 18:21:39 | INFO     | engineer             | --------------------------------------------------
2026-08-04 18:21:39 | INFO     | engineer             | Group B: Medication Complexity
2026-08-04 18:21:39 | INFO     | engineer             |   FE_n_active_ordinal_meds   : sum of 9 ordinal meds > 0
2026-08-04 18:21:39 | INFO     | engineer             |   FE_n_active_binary_meds    : sum of 7 binary meds
2026-08-04 18:21:39 | INFO     | engineer             |   FE_total_active_meds       : ordinal_active + binary_active
2026-08-04 18:21:39 | INFO     | engineer             |   FE_n_med_changes           : meds with Up or Down dose
2026-08-04 18:21:39 | INFO     | engineer             |   FE_n_med_increases         : meds with Up dose only
2026-08-04 18:21:39 | INFO     | engineer             |   FE_n_med_decreases         : meds with Down dose only
2026-08-04 18:21:39 | INFO     | engineer             |   FE_any_med_changed         : binary flag, at least one dose change
2026-08-04 18:21:39 | INFO     | engineer             |   FE_polypharmacy            : total_active_meds >= 5 (clinical threshold)
2026-08-04 18:21:39 | INFO     | engineer             |   FE_med_coverage_ratio      : total_active_meds / (num_medications + 1)
2026-08-04 18:21:39 | INFO     | engineer             | --------------------------------------------------
2026-08-04 18:21:39 | INFO     | engineer             | Group C: Diagnosis Burden
2026-08-04 18:21:39 | INFO     | engineer             |   FE_high_comorbidity        : number_diagnoses >= 9
2026-08-04 18:21:39 | INFO     | engineer             |   FE_diagnoses_per_day       : number_diagnoses / time_in_hospital
2026-08-04 18:21:39 | INFO     | engineer             |   FE_diag_med_ratio          : number_diagnoses / (num_medications + 1)
2026-08-04 18:21:39 | INFO     | engineer             | --------------------------------------------------
2026-08-04 18:21:39 | INFO     | engineer             | Group D: Lab & Procedure Load
2026-08-04 18:21:39 | INFO     | engineer             |   FE_high_lab_load           : num_lab_procedures >= 56
2026-08-04 18:21:39 | INFO     | engineer             |   FE_no_procedures           : num_procedures == 0
2026-08-04 18:21:39 | INFO     | engineer             |   FE_lab_to_procedure_ratio  : num_lab_procedures / (num_procedures + 1)
2026-08-04 18:21:39 | INFO     | engineer             | --------------------------------------------------
2026-08-04 18:21:39 | INFO     | engineer             | Group E: Prior Utilization
2026-08-04 18:21:39 | INFO     | engineer             |   FE_total_prior_contacts    : inpatient + outpatient + emergency
2026-08-04 18:21:39 | INFO     | engineer             |   FE_has_prior_emergency     : number_emergency > 0
2026-08-04 18:21:39 | INFO     | engineer             |   FE_has_prior_inpatient     : number_inpatient > 0
2026-08-04 18:21:39 | INFO     | engineer             |   FE_high_prior_utilization  : total_prior_contacts >= 1.10
2026-08-04 18:21:39 | INFO     | engineer             |   FE_multi_channel_utilizer  : count of channels with > 0 visits
2026-08-04 18:21:39 | INFO     | engineer             | --------------------------------------------------
2026-08-04 18:21:39 | INFO     | engineer             | Group F: Diabetes Management
2026-08-04 18:21:39 | INFO     | engineer             |   FE_insulin_prescribed      : insulin > 0 (Steady/Up/Down)
2026-08-04 18:21:39 | INFO     | engineer             |   FE_insulin_changed         : insulin Up or Down
2026-08-04 18:21:39 | INFO     | engineer             |   FE_insulin_increased       : insulin Up only
2026-08-04 18:21:39 | INFO     | engineer             |   FE_metformin_prescribed    : metformin > 0
2026-08-04 18:21:39 | INFO     | engineer             |   FE_metformin_changed       : metformin Up or Down
2026-08-04 18:21:39 | INFO     | engineer             |   FE_on_diabetes_med         : diabetesMed (pass-through alias)
2026-08-04 18:21:39 | INFO     | engineer             |   FE_med_regimen_changed     : change (pass-through alias)
2026-08-04 18:21:39 | INFO     | engineer             |   FE_glycemic_risk_score     : sum of 3 glycemic indicators
2026-08-04 18:21:39 | INFO     | engineer             | --------------------------------------------------
2026-08-04 18:21:39 | INFO     | engineer             | Group G: Interaction Features
2026-08-04 18:21:39 | INFO     | engineer             |   FE_inpatient_x_polypharmacy : prior_inpatient × polypharmacy
2026-08-04 18:21:39 | INFO     | engineer             |   FE_high_util_x_med_change  : high_utilization × any_med_changed
2026-08-04 18:21:39 | INFO     | engineer             |   FE_comorbidity_x_lab_load  : high_comorbidity × high_lab_load
2026-08-04 18:21:39 | INFO     | engineer             |   FE_glycemic_x_emergency    : glycemic_risk_score × has_prior_emergency
2026-08-04 18:21:39 | INFO     | engineer             |   FE_labs_per_day_x_comorbidity : labs_per_day × high_comorbidity
2026-08-04 18:21:39 | INFO     | engineer             | --------------------------------------------------
2026-08-04 18:21:39 | INFO     | engineer             | Null audit on FE_ columns [test]
2026-08-04 18:21:39 | INFO     | engineer             |   All 38 FE_ columns are null-free — OK
2026-08-04 18:21:39 | INFO     | engineer             | ======================================================================
2026-08-04 18:21:39 | INFO     | engineer             | transform complete [test] — shape: (17325, 80)
2026-08-04 18:21:39 | INFO     | engineer             | ======================================================================
2026-08-04 18:23:51 | INFO     | engineer             | ===== RUN 20260804-182347-f55045 | pid=26156 | started 2026-08-04 18:23:51 =====
2026-08-04 18:23:51 | INFO     | engineer             | ======================================================================
2026-08-04 18:23:51 | INFO     | engineer             | DriftSentinel — Feature Engineer  [fit_transform on TRAIN]
2026-08-04 18:23:51 | INFO     | engineer             | ======================================================================
2026-08-04 18:23:51 | INFO     | engineer             | Input shape  : (63492, 42)
2026-08-04 18:23:51 | INFO     | engineer             | Existing FE_ columns: 0
2026-08-04 18:23:51 | INFO     | engineer             | --------------------------------------------------
2026-08-04 18:23:51 | INFO     | engineer             | Group A: Utilization Intensity
2026-08-04 18:23:51 | INFO     | engineer             |   FE_total_clinical_contacts : time + procedures + labs
2026-08-04 18:23:51 | INFO     | engineer             |   FE_labs_per_day            : num_lab_procedures / time_in_hospital
2026-08-04 18:23:51 | INFO     | engineer             |   FE_meds_per_day            : num_medications / time_in_hospital
2026-08-04 18:23:51 | INFO     | engineer             |   FE_procedure_density       : num_procedures / (num_lab_procedures + 1)
2026-08-04 18:23:51 | INFO     | engineer             |   FE_high_utilization threshold (Q75, train) = 62.00
2026-08-04 18:23:51 | INFO     | engineer             |   FE_high_utilization        : >= 62.00  n=16,716
2026-08-04 18:23:51 | INFO     | engineer             | --------------------------------------------------
2026-08-04 18:23:51 | INFO     | engineer             | Group B: Medication Complexity
2026-08-04 18:23:51 | INFO     | engineer             |   FE_n_active_ordinal_meds   : sum of 9 ordinal meds > 0
2026-08-04 18:23:51 | INFO     | engineer             |   FE_n_active_binary_meds    : sum of 7 binary meds
2026-08-04 18:23:51 | INFO     | engineer             |   FE_total_active_meds       : ordinal_active + binary_active
2026-08-04 18:23:51 | INFO     | engineer             |   FE_n_med_changes           : meds with Up or Down dose
2026-08-04 18:23:51 | INFO     | engineer             |   FE_n_med_increases         : meds with Up dose only
2026-08-04 18:23:51 | INFO     | engineer             |   FE_n_med_decreases         : meds with Down dose only
2026-08-04 18:23:51 | INFO     | engineer             |   FE_any_med_changed         : binary flag, at least one dose change
2026-08-04 18:23:51 | INFO     | engineer             |   FE_polypharmacy            : total_active_meds >= 5 (clinical threshold)
2026-08-04 18:23:51 | INFO     | engineer             |   FE_med_coverage_ratio      : total_active_meds / (num_medications + 1)
2026-08-04 18:23:51 | INFO     | engineer             | --------------------------------------------------
2026-08-04 18:23:51 | INFO     | engineer             | Group C: Diagnosis Burden
2026-08-04 18:23:51 | INFO     | engineer             |   FE_high_comorbidity threshold (Q75, train) = 9.00
2026-08-04 18:23:51 | INFO     | engineer             |   FE_high_comorbidity        : number_diagnoses >= 9
2026-08-04 18:23:51 | INFO     | engineer             |   FE_diagnoses_per_day       : number_diagnoses / time_in_hospital
2026-08-04 18:23:51 | INFO     | engineer             |   FE_diag_med_ratio          : number_diagnoses / (num_medications + 1)
2026-08-04 18:23:51 | INFO     | engineer             | --------------------------------------------------
2026-08-04 18:23:51 | INFO     | engineer             | Group D: Lab & Procedure Load
2026-08-04 18:23:51 | INFO     | engineer             |   FE_high_lab_load threshold (Q75, train) = 56.00
2026-08-04 18:23:51 | INFO     | engineer             |   FE_high_lab_load           : num_lab_procedures >= 56
2026-08-04 18:23:51 | INFO     | engineer             |   FE_no_procedures           : num_procedures == 0
2026-08-04 18:23:51 | INFO     | engineer             |   FE_lab_to_procedure_ratio  : num_lab_procedures / (num_procedures + 1)
2026-08-04 18:23:51 | INFO     | engineer             | --------------------------------------------------
2026-08-04 18:23:51 | INFO     | engineer             | Group E: Prior Utilization
2026-08-04 18:23:51 | INFO     | engineer             |   FE_total_prior_contacts    : inpatient + outpatient + emergency
2026-08-04 18:23:51 | INFO     | engineer             |   FE_has_prior_emergency     : number_emergency > 0
2026-08-04 18:23:51 | INFO     | engineer             |   FE_has_prior_inpatient     : number_inpatient > 0
2026-08-04 18:23:51 | INFO     | engineer             |   FE_high_prior_utilization threshold (Q75, train) = 1.10
2026-08-04 18:23:51 | INFO     | engineer             |   FE_high_prior_utilization  : total_prior_contacts >= 1.10
2026-08-04 18:23:51 | INFO     | engineer             |   FE_multi_channel_utilizer  : count of channels with > 0 visits
2026-08-04 18:23:51 | INFO     | engineer             | --------------------------------------------------
2026-08-04 18:23:51 | INFO     | engineer             | Group F: Diabetes Management
2026-08-04 18:23:51 | INFO     | engineer             |   FE_insulin_prescribed      : insulin > 0 (Steady/Up/Down)
2026-08-04 18:23:51 | INFO     | engineer             |   FE_insulin_changed         : insulin Up or Down
2026-08-04 18:23:51 | INFO     | engineer             |   FE_insulin_increased       : insulin Up only
2026-08-04 18:23:51 | INFO     | engineer             |   FE_metformin_prescribed    : metformin > 0
2026-08-04 18:23:51 | INFO     | engineer             |   FE_metformin_changed       : metformin Up or Down
2026-08-04 18:23:51 | INFO     | engineer             |   FE_on_diabetes_med         : diabetesMed (pass-through alias)
2026-08-04 18:23:51 | INFO     | engineer             |   FE_med_regimen_changed     : change (pass-through alias)
2026-08-04 18:23:51 | INFO     | engineer             |   FE_glycemic_risk_score     : sum of 3 glycemic indicators
2026-08-04 18:23:51 | INFO     | engineer             | --------------------------------------------------
2026-08-04 18:23:51 | INFO     | engineer             | Group G: Interaction Features
2026-08-04 18:23:51 | INFO     | engineer             |   FE_inpatient_x_polypharmacy : prior_inpatient × polypharmacy
2026-08-04 18:23:51 | INFO     | engineer             |   FE_high_util_x_med_change  : high_utilization × any_med_changed
2026-08-04 18:23:51 | INFO     | engineer             |   FE_comorbidity_x_lab_load  : high_comorbidity × high_lab_load
2026-08-04 18:23:51 | INFO     | engineer             |   FE_glycemic_x_emergency    : glycemic_risk_score × has_prior_emergency
2026-08-04 18:23:51 | INFO     | engineer             |   FE_labs_per_day_x_comorbidity : labs_per_day × high_comorbidity
2026-08-04 18:23:51 | INFO     | engineer             | --------------------------------------------------
2026-08-04 18:23:51 | INFO     | engineer             | Null audit on FE_ columns [train]
2026-08-04 18:23:51 | INFO     | engineer             |   All 38 FE_ columns are null-free — OK
2026-08-04 18:23:51 | INFO     | engineer             | --------------------------------------------------
2026-08-04 18:23:51 | INFO     | engineer             | Leakage guard: FE_ features vs target correlation
2026-08-04 18:23:51 | INFO     | engineer             |   Leakage guard passed — no |r| > 0.80 among 38 FE_ features
2026-08-04 18:23:51 | INFO     | engineer             |   fe_train_stats.json saved -> C:\Users\sharg\Desktop\github\DriftSentinel\outputs\artifacts\fe_train_stats.json
2026-08-04 18:23:51 | INFO     | engineer             |   fe_feature_names.json saved -> C:\Users\sharg\Desktop\github\DriftSentinel\outputs\artifacts\fe_feature_names.json
2026-08-04 18:23:51 | INFO     | engineer             |   feature_engineer.pkl saved -> C:\Users\sharg\Desktop\github\DriftSentinel\outputs\artifacts\feature_engineer.pkl
2026-08-04 18:23:51 | INFO     | engineer             | ======================================================================
2026-08-04 18:23:51 | INFO     | engineer             | fit_transform complete — shape: (63492, 80)
2026-08-04 18:23:51 | INFO     | engineer             | FE_ features created: 38
2026-08-04 18:23:51 | INFO     | engineer             | ======================================================================
2026-08-04 18:23:51 | INFO     | engineer             | ======================================================================
2026-08-04 18:23:51 | INFO     | engineer             | DriftSentinel — Feature Engineer  [transform on VAL]
2026-08-04 18:23:51 | INFO     | engineer             | ======================================================================
2026-08-04 18:23:51 | INFO     | engineer             | Input shape  : (20949, 42)
2026-08-04 18:23:51 | INFO     | engineer             | --------------------------------------------------
2026-08-04 18:23:51 | INFO     | engineer             | Group A: Utilization Intensity
2026-08-04 18:23:51 | INFO     | engineer             |   FE_total_clinical_contacts : time + procedures + labs
2026-08-04 18:23:51 | INFO     | engineer             |   FE_labs_per_day            : num_lab_procedures / time_in_hospital
2026-08-04 18:23:51 | INFO     | engineer             |   FE_meds_per_day            : num_medications / time_in_hospital
2026-08-04 18:23:51 | INFO     | engineer             |   FE_procedure_density       : num_procedures / (num_lab_procedures + 1)
2026-08-04 18:23:51 | INFO     | engineer             |   FE_high_utilization        : >= 62.00  n=6,392
2026-08-04 18:23:51 | INFO     | engineer             | --------------------------------------------------
2026-08-04 18:23:51 | INFO     | engineer             | Group B: Medication Complexity
2026-08-04 18:23:51 | INFO     | engineer             |   FE_n_active_ordinal_meds   : sum of 9 ordinal meds > 0
2026-08-04 18:23:51 | INFO     | engineer             |   FE_n_active_binary_meds    : sum of 7 binary meds
2026-08-04 18:23:51 | INFO     | engineer             |   FE_total_active_meds       : ordinal_active + binary_active
2026-08-04 18:23:51 | INFO     | engineer             |   FE_n_med_changes           : meds with Up or Down dose
2026-08-04 18:23:51 | INFO     | engineer             |   FE_n_med_increases         : meds with Up dose only
2026-08-04 18:23:51 | INFO     | engineer             |   FE_n_med_decreases         : meds with Down dose only
2026-08-04 18:23:51 | INFO     | engineer             |   FE_any_med_changed         : binary flag, at least one dose change
2026-08-04 18:23:51 | INFO     | engineer             |   FE_polypharmacy            : total_active_meds >= 5 (clinical threshold)
2026-08-04 18:23:51 | INFO     | engineer             |   FE_med_coverage_ratio      : total_active_meds / (num_medications + 1)
2026-08-04 18:23:51 | INFO     | engineer             | --------------------------------------------------
2026-08-04 18:23:51 | INFO     | engineer             | Group C: Diagnosis Burden
2026-08-04 18:23:51 | INFO     | engineer             |   FE_high_comorbidity        : number_diagnoses >= 9
2026-08-04 18:23:51 | INFO     | engineer             |   FE_diagnoses_per_day       : number_diagnoses / time_in_hospital
2026-08-04 18:23:51 | INFO     | engineer             |   FE_diag_med_ratio          : number_diagnoses / (num_medications + 1)
2026-08-04 18:23:51 | INFO     | engineer             | --------------------------------------------------
2026-08-04 18:23:51 | INFO     | engineer             | Group D: Lab & Procedure Load
2026-08-04 18:23:51 | INFO     | engineer             |   FE_high_lab_load           : num_lab_procedures >= 56
2026-08-04 18:23:51 | INFO     | engineer             |   FE_no_procedures           : num_procedures == 0
2026-08-04 18:23:51 | INFO     | engineer             |   FE_lab_to_procedure_ratio  : num_lab_procedures / (num_procedures + 1)
2026-08-04 18:23:51 | INFO     | engineer             | --------------------------------------------------
2026-08-04 18:23:51 | INFO     | engineer             | Group E: Prior Utilization
2026-08-04 18:23:51 | INFO     | engineer             |   FE_total_prior_contacts    : inpatient + outpatient + emergency
2026-08-04 18:23:51 | INFO     | engineer             |   FE_has_prior_emergency     : number_emergency > 0
2026-08-04 18:23:51 | INFO     | engineer             |   FE_has_prior_inpatient     : number_inpatient > 0
2026-08-04 18:23:51 | INFO     | engineer             |   FE_high_prior_utilization  : total_prior_contacts >= 1.10
2026-08-04 18:23:51 | INFO     | engineer             |   FE_multi_channel_utilizer  : count of channels with > 0 visits
2026-08-04 18:23:51 | INFO     | engineer             | --------------------------------------------------
2026-08-04 18:23:51 | INFO     | engineer             | Group F: Diabetes Management
2026-08-04 18:23:51 | INFO     | engineer             |   FE_insulin_prescribed      : insulin > 0 (Steady/Up/Down)
2026-08-04 18:23:51 | INFO     | engineer             |   FE_insulin_changed         : insulin Up or Down
2026-08-04 18:23:51 | INFO     | engineer             |   FE_insulin_increased       : insulin Up only
2026-08-04 18:23:51 | INFO     | engineer             |   FE_metformin_prescribed    : metformin > 0
2026-08-04 18:23:51 | INFO     | engineer             |   FE_metformin_changed       : metformin Up or Down
2026-08-04 18:23:51 | INFO     | engineer             |   FE_on_diabetes_med         : diabetesMed (pass-through alias)
2026-08-04 18:23:51 | INFO     | engineer             |   FE_med_regimen_changed     : change (pass-through alias)
2026-08-04 18:23:51 | INFO     | engineer             |   FE_glycemic_risk_score     : sum of 3 glycemic indicators
2026-08-04 18:23:51 | INFO     | engineer             | --------------------------------------------------
2026-08-04 18:23:51 | INFO     | engineer             | Group G: Interaction Features
2026-08-04 18:23:51 | INFO     | engineer             |   FE_inpatient_x_polypharmacy : prior_inpatient × polypharmacy
2026-08-04 18:23:51 | INFO     | engineer             |   FE_high_util_x_med_change  : high_utilization × any_med_changed
2026-08-04 18:23:51 | INFO     | engineer             |   FE_comorbidity_x_lab_load  : high_comorbidity × high_lab_load
2026-08-04 18:23:51 | INFO     | engineer             |   FE_glycemic_x_emergency    : glycemic_risk_score × has_prior_emergency
2026-08-04 18:23:51 | INFO     | engineer             |   FE_labs_per_day_x_comorbidity : labs_per_day × high_comorbidity
2026-08-04 18:23:51 | INFO     | engineer             | --------------------------------------------------
2026-08-04 18:23:51 | INFO     | engineer             | Null audit on FE_ columns [val]
2026-08-04 18:23:51 | INFO     | engineer             |   All 38 FE_ columns are null-free — OK
2026-08-04 18:23:51 | INFO     | engineer             | ======================================================================
2026-08-04 18:23:51 | INFO     | engineer             | transform complete [val] — shape: (20949, 80)
2026-08-04 18:23:51 | INFO     | engineer             | ======================================================================
2026-08-04 18:23:51 | INFO     | engineer             | ======================================================================
2026-08-04 18:23:51 | INFO     | engineer             | DriftSentinel — Feature Engineer  [transform on TEST]
2026-08-04 18:23:51 | INFO     | engineer             | ======================================================================
2026-08-04 18:23:51 | INFO     | engineer             | Input shape  : (17325, 42)
2026-08-04 18:23:51 | INFO     | engineer             | --------------------------------------------------
2026-08-04 18:23:51 | INFO     | engineer             | Group A: Utilization Intensity
2026-08-04 18:23:51 | INFO     | engineer             |   FE_total_clinical_contacts : time + procedures + labs
2026-08-04 18:23:51 | INFO     | engineer             |   FE_labs_per_day            : num_lab_procedures / time_in_hospital
2026-08-04 18:23:51 | INFO     | engineer             |   FE_meds_per_day            : num_medications / time_in_hospital
2026-08-04 18:23:51 | INFO     | engineer             |   FE_procedure_density       : num_procedures / (num_lab_procedures + 1)
2026-08-04 18:23:51 | INFO     | engineer             |   FE_high_utilization        : >= 62.00  n=5,001
2026-08-04 18:23:51 | INFO     | engineer             | --------------------------------------------------
2026-08-04 18:23:51 | INFO     | engineer             | Group B: Medication Complexity
2026-08-04 18:23:51 | INFO     | engineer             |   FE_n_active_ordinal_meds   : sum of 9 ordinal meds > 0
2026-08-04 18:23:51 | INFO     | engineer             |   FE_n_active_binary_meds    : sum of 7 binary meds
2026-08-04 18:23:51 | INFO     | engineer             |   FE_total_active_meds       : ordinal_active + binary_active
2026-08-04 18:23:51 | INFO     | engineer             |   FE_n_med_changes           : meds with Up or Down dose
2026-08-04 18:23:51 | INFO     | engineer             |   FE_n_med_increases         : meds with Up dose only
2026-08-04 18:23:51 | INFO     | engineer             |   FE_n_med_decreases         : meds with Down dose only
2026-08-04 18:23:51 | INFO     | engineer             |   FE_any_med_changed         : binary flag, at least one dose change
2026-08-04 18:23:51 | INFO     | engineer             |   FE_polypharmacy            : total_active_meds >= 5 (clinical threshold)
2026-08-04 18:23:51 | INFO     | engineer             |   FE_med_coverage_ratio      : total_active_meds / (num_medications + 1)
2026-08-04 18:23:51 | INFO     | engineer             | --------------------------------------------------
2026-08-04 18:23:51 | INFO     | engineer             | Group C: Diagnosis Burden
2026-08-04 18:23:51 | INFO     | engineer             |   FE_high_comorbidity        : number_diagnoses >= 9
2026-08-04 18:23:51 | INFO     | engineer             |   FE_diagnoses_per_day       : number_diagnoses / time_in_hospital
2026-08-04 18:23:51 | INFO     | engineer             |   FE_diag_med_ratio          : number_diagnoses / (num_medications + 1)
2026-08-04 18:23:51 | INFO     | engineer             | --------------------------------------------------
2026-08-04 18:23:51 | INFO     | engineer             | Group D: Lab & Procedure Load
2026-08-04 18:23:51 | INFO     | engineer             |   FE_high_lab_load           : num_lab_procedures >= 56
2026-08-04 18:23:51 | INFO     | engineer             |   FE_no_procedures           : num_procedures == 0
2026-08-04 18:23:51 | INFO     | engineer             |   FE_lab_to_procedure_ratio  : num_lab_procedures / (num_procedures + 1)
2026-08-04 18:23:51 | INFO     | engineer             | --------------------------------------------------
2026-08-04 18:23:51 | INFO     | engineer             | Group E: Prior Utilization
2026-08-04 18:23:51 | INFO     | engineer             |   FE_total_prior_contacts    : inpatient + outpatient + emergency
2026-08-04 18:23:51 | INFO     | engineer             |   FE_has_prior_emergency     : number_emergency > 0
2026-08-04 18:23:51 | INFO     | engineer             |   FE_has_prior_inpatient     : number_inpatient > 0
2026-08-04 18:23:51 | INFO     | engineer             |   FE_high_prior_utilization  : total_prior_contacts >= 1.10
2026-08-04 18:23:51 | INFO     | engineer             |   FE_multi_channel_utilizer  : count of channels with > 0 visits
2026-08-04 18:23:51 | INFO     | engineer             | --------------------------------------------------
2026-08-04 18:23:51 | INFO     | engineer             | Group F: Diabetes Management
2026-08-04 18:23:51 | INFO     | engineer             |   FE_insulin_prescribed      : insulin > 0 (Steady/Up/Down)
2026-08-04 18:23:51 | INFO     | engineer             |   FE_insulin_changed         : insulin Up or Down
2026-08-04 18:23:51 | INFO     | engineer             |   FE_insulin_increased       : insulin Up only
2026-08-04 18:23:51 | INFO     | engineer             |   FE_metformin_prescribed    : metformin > 0
2026-08-04 18:23:51 | INFO     | engineer             |   FE_metformin_changed       : metformin Up or Down
2026-08-04 18:23:51 | INFO     | engineer             |   FE_on_diabetes_med         : diabetesMed (pass-through alias)
2026-08-04 18:23:51 | INFO     | engineer             |   FE_med_regimen_changed     : change (pass-through alias)
2026-08-04 18:23:51 | INFO     | engineer             |   FE_glycemic_risk_score     : sum of 3 glycemic indicators
2026-08-04 18:23:51 | INFO     | engineer             | --------------------------------------------------
2026-08-04 18:23:51 | INFO     | engineer             | Group G: Interaction Features
2026-08-04 18:23:51 | INFO     | engineer             |   FE_inpatient_x_polypharmacy : prior_inpatient × polypharmacy
2026-08-04 18:23:51 | INFO     | engineer             |   FE_high_util_x_med_change  : high_utilization × any_med_changed
2026-08-04 18:23:51 | INFO     | engineer             |   FE_comorbidity_x_lab_load  : high_comorbidity × high_lab_load
2026-08-04 18:23:51 | INFO     | engineer             |   FE_glycemic_x_emergency    : glycemic_risk_score × has_prior_emergency
2026-08-04 18:23:51 | INFO     | engineer             |   FE_labs_per_day_x_comorbidity : labs_per_day × high_comorbidity
2026-08-04 18:23:51 | INFO     | engineer             | --------------------------------------------------
2026-08-04 18:23:51 | INFO     | engineer             | Null audit on FE_ columns [test]
2026-08-04 18:23:51 | INFO     | engineer             |   All 38 FE_ columns are null-free — OK
2026-08-04 18:23:51 | INFO     | engineer             | ======================================================================
2026-08-04 18:23:51 | INFO     | engineer             | transform complete [test] — shape: (17325, 80)
2026-08-04 18:23:51 | INFO     | engineer             | ======================================================================
2026-08-04 18:24:50 | INFO     | engineer             | ===== RUN 20260804-182447-58fe82 | pid=23936 | started 2026-08-04 18:24:50 =====
2026-08-04 18:24:50 | INFO     | engineer             | ======================================================================
2026-08-04 18:24:50 | INFO     | engineer             | DriftSentinel — Feature Engineer  [fit_transform on TRAIN]
2026-08-04 18:24:50 | INFO     | engineer             | ======================================================================
2026-08-04 18:24:50 | INFO     | engineer             | Input shape  : (63492, 42)
2026-08-04 18:24:50 | INFO     | engineer             | Existing FE_ columns: 0
2026-08-04 18:24:50 | INFO     | engineer             | --------------------------------------------------
2026-08-04 18:24:50 | INFO     | engineer             | Group A: Utilization Intensity
2026-08-04 18:24:50 | INFO     | engineer             |   FE_total_clinical_contacts : time + procedures + labs
2026-08-04 18:24:50 | INFO     | engineer             |   FE_labs_per_day            : num_lab_procedures / time_in_hospital
2026-08-04 18:24:50 | INFO     | engineer             |   FE_meds_per_day            : num_medications / time_in_hospital
2026-08-04 18:24:50 | INFO     | engineer             |   FE_procedure_density       : num_procedures / (num_lab_procedures + 1)
2026-08-04 18:24:50 | INFO     | engineer             |   FE_high_utilization threshold (Q75, train) = 62.00
2026-08-04 18:24:50 | INFO     | engineer             |   FE_high_utilization        : >= 62.00  n=16,716
2026-08-04 18:24:50 | INFO     | engineer             | --------------------------------------------------
2026-08-04 18:24:50 | INFO     | engineer             | Group B: Medication Complexity
2026-08-04 18:24:50 | INFO     | engineer             |   FE_n_active_ordinal_meds   : sum of 9 ordinal meds > 0
2026-08-04 18:24:50 | INFO     | engineer             |   FE_n_active_binary_meds    : sum of 7 binary meds
2026-08-04 18:24:50 | INFO     | engineer             |   FE_total_active_meds       : ordinal_active + binary_active
2026-08-04 18:24:50 | INFO     | engineer             |   FE_n_med_changes           : meds with Up or Down dose
2026-08-04 18:24:50 | INFO     | engineer             |   FE_n_med_increases         : meds with Up dose only
2026-08-04 18:24:50 | INFO     | engineer             |   FE_n_med_decreases         : meds with Down dose only
2026-08-04 18:24:50 | INFO     | engineer             |   FE_any_med_changed         : binary flag, at least one dose change
2026-08-04 18:24:50 | INFO     | engineer             |   FE_polypharmacy            : total_active_meds >= 5 (clinical threshold)
2026-08-04 18:24:50 | INFO     | engineer             |   FE_med_coverage_ratio      : total_active_meds / (num_medications + 1)
2026-08-04 18:24:50 | INFO     | engineer             | --------------------------------------------------
2026-08-04 18:24:50 | INFO     | engineer             | Group C: Diagnosis Burden
2026-08-04 18:24:50 | INFO     | engineer             |   FE_high_comorbidity threshold (Q75, train) = 9.00
2026-08-04 18:24:50 | INFO     | engineer             |   FE_high_comorbidity        : number_diagnoses >= 9
2026-08-04 18:24:50 | INFO     | engineer             |   FE_diagnoses_per_day       : number_diagnoses / time_in_hospital
2026-08-04 18:24:50 | INFO     | engineer             |   FE_diag_med_ratio          : number_diagnoses / (num_medications + 1)
2026-08-04 18:24:50 | INFO     | engineer             | --------------------------------------------------
2026-08-04 18:24:50 | INFO     | engineer             | Group D: Lab & Procedure Load
2026-08-04 18:24:50 | INFO     | engineer             |   FE_high_lab_load threshold (Q75, train) = 56.00
2026-08-04 18:24:50 | INFO     | engineer             |   FE_high_lab_load           : num_lab_procedures >= 56
2026-08-04 18:24:50 | INFO     | engineer             |   FE_no_procedures           : num_procedures == 0
2026-08-04 18:24:50 | INFO     | engineer             |   FE_lab_to_procedure_ratio  : num_lab_procedures / (num_procedures + 1)
2026-08-04 18:24:50 | INFO     | engineer             | --------------------------------------------------
2026-08-04 18:24:50 | INFO     | engineer             | Group E: Prior Utilization
2026-08-04 18:24:50 | INFO     | engineer             |   FE_total_prior_contacts    : inpatient + outpatient + emergency
2026-08-04 18:24:50 | INFO     | engineer             |   FE_has_prior_emergency     : number_emergency > 0
2026-08-04 18:24:50 | INFO     | engineer             |   FE_has_prior_inpatient     : number_inpatient > 0
2026-08-04 18:24:50 | INFO     | engineer             |   FE_high_prior_utilization threshold (Q75, train) = 1.10
2026-08-04 18:24:50 | INFO     | engineer             |   FE_high_prior_utilization  : total_prior_contacts >= 1.10
2026-08-04 18:24:50 | INFO     | engineer             |   FE_multi_channel_utilizer  : count of channels with > 0 visits
2026-08-04 18:24:50 | INFO     | engineer             | --------------------------------------------------
2026-08-04 18:24:50 | INFO     | engineer             | Group F: Diabetes Management
2026-08-04 18:24:50 | INFO     | engineer             |   FE_insulin_prescribed      : insulin > 0 (Steady/Up/Down)
2026-08-04 18:24:50 | INFO     | engineer             |   FE_insulin_changed         : insulin Up or Down
2026-08-04 18:24:50 | INFO     | engineer             |   FE_insulin_increased       : insulin Up only
2026-08-04 18:24:50 | INFO     | engineer             |   FE_metformin_prescribed    : metformin > 0
2026-08-04 18:24:50 | INFO     | engineer             |   FE_metformin_changed       : metformin Up or Down
2026-08-04 18:24:50 | INFO     | engineer             |   FE_on_diabetes_med         : diabetesMed (pass-through alias)
2026-08-04 18:24:50 | INFO     | engineer             |   FE_med_regimen_changed     : change (pass-through alias)
2026-08-04 18:24:50 | INFO     | engineer             |   FE_glycemic_risk_score     : sum of 3 glycemic indicators
2026-08-04 18:24:50 | INFO     | engineer             | --------------------------------------------------
2026-08-04 18:24:50 | INFO     | engineer             | Group G: Interaction Features
2026-08-04 18:24:50 | INFO     | engineer             |   FE_inpatient_x_polypharmacy : prior_inpatient × polypharmacy
2026-08-04 18:24:50 | INFO     | engineer             |   FE_high_util_x_med_change  : high_utilization × any_med_changed
2026-08-04 18:24:50 | INFO     | engineer             |   FE_comorbidity_x_lab_load  : high_comorbidity × high_lab_load
2026-08-04 18:24:50 | INFO     | engineer             |   FE_glycemic_x_emergency    : glycemic_risk_score × has_prior_emergency
2026-08-04 18:24:50 | INFO     | engineer             |   FE_labs_per_day_x_comorbidity : labs_per_day × high_comorbidity
2026-08-04 18:24:50 | INFO     | engineer             | --------------------------------------------------
2026-08-04 18:24:50 | INFO     | engineer             | Null audit on FE_ columns [train]
2026-08-04 18:24:50 | INFO     | engineer             |   All 38 FE_ columns are null-free — OK
2026-08-04 18:24:50 | INFO     | engineer             | --------------------------------------------------
2026-08-04 18:24:50 | INFO     | engineer             | Leakage guard: FE_ features vs target correlation
2026-08-04 18:24:50 | INFO     | engineer             |   Leakage guard passed — no |r| > 0.80 among 38 FE_ features
2026-08-04 18:24:50 | INFO     | engineer             |   fe_train_stats.json saved -> C:\Users\sharg\Desktop\github\DriftSentinel\outputs\artifacts\fe_train_stats.json
2026-08-04 18:24:50 | INFO     | engineer             |   fe_feature_names.json saved -> C:\Users\sharg\Desktop\github\DriftSentinel\outputs\artifacts\fe_feature_names.json
2026-08-04 18:24:50 | INFO     | engineer             |   feature_engineer.pkl saved -> C:\Users\sharg\Desktop\github\DriftSentinel\outputs\artifacts\feature_engineer.pkl
2026-08-04 18:24:50 | INFO     | engineer             | ======================================================================
2026-08-04 18:24:50 | INFO     | engineer             | fit_transform complete — shape: (63492, 80)
2026-08-04 18:24:50 | INFO     | engineer             | FE_ features created: 38
2026-08-04 18:24:50 | INFO     | engineer             | ======================================================================
2026-08-04 18:24:50 | INFO     | engineer             | ======================================================================
2026-08-04 18:24:50 | INFO     | engineer             | DriftSentinel — Feature Engineer  [transform on VAL]
2026-08-04 18:24:50 | INFO     | engineer             | ======================================================================
2026-08-04 18:24:50 | INFO     | engineer             | Input shape  : (20949, 42)
2026-08-04 18:24:50 | INFO     | engineer             | --------------------------------------------------
2026-08-04 18:24:50 | INFO     | engineer             | Group A: Utilization Intensity
2026-08-04 18:24:50 | INFO     | engineer             |   FE_total_clinical_contacts : time + procedures + labs
2026-08-04 18:24:50 | INFO     | engineer             |   FE_labs_per_day            : num_lab_procedures / time_in_hospital
2026-08-04 18:24:50 | INFO     | engineer             |   FE_meds_per_day            : num_medications / time_in_hospital
2026-08-04 18:24:50 | INFO     | engineer             |   FE_procedure_density       : num_procedures / (num_lab_procedures + 1)
2026-08-04 18:24:50 | INFO     | engineer             |   FE_high_utilization        : >= 62.00  n=6,392
2026-08-04 18:24:50 | INFO     | engineer             | --------------------------------------------------
2026-08-04 18:24:50 | INFO     | engineer             | Group B: Medication Complexity
2026-08-04 18:24:50 | INFO     | engineer             |   FE_n_active_ordinal_meds   : sum of 9 ordinal meds > 0
2026-08-04 18:24:50 | INFO     | engineer             |   FE_n_active_binary_meds    : sum of 7 binary meds
2026-08-04 18:24:50 | INFO     | engineer             |   FE_total_active_meds       : ordinal_active + binary_active
2026-08-04 18:24:50 | INFO     | engineer             |   FE_n_med_changes           : meds with Up or Down dose
2026-08-04 18:24:50 | INFO     | engineer             |   FE_n_med_increases         : meds with Up dose only
2026-08-04 18:24:50 | INFO     | engineer             |   FE_n_med_decreases         : meds with Down dose only
2026-08-04 18:24:50 | INFO     | engineer             |   FE_any_med_changed         : binary flag, at least one dose change
2026-08-04 18:24:50 | INFO     | engineer             |   FE_polypharmacy            : total_active_meds >= 5 (clinical threshold)
2026-08-04 18:24:50 | INFO     | engineer             |   FE_med_coverage_ratio      : total_active_meds / (num_medications + 1)
2026-08-04 18:24:50 | INFO     | engineer             | --------------------------------------------------
2026-08-04 18:24:50 | INFO     | engineer             | Group C: Diagnosis Burden
2026-08-04 18:24:50 | INFO     | engineer             |   FE_high_comorbidity        : number_diagnoses >= 9
2026-08-04 18:24:50 | INFO     | engineer             |   FE_diagnoses_per_day       : number_diagnoses / time_in_hospital
2026-08-04 18:24:50 | INFO     | engineer             |   FE_diag_med_ratio          : number_diagnoses / (num_medications + 1)
2026-08-04 18:24:50 | INFO     | engineer             | --------------------------------------------------
2026-08-04 18:24:50 | INFO     | engineer             | Group D: Lab & Procedure Load
2026-08-04 18:24:50 | INFO     | engineer             |   FE_high_lab_load           : num_lab_procedures >= 56
2026-08-04 18:24:50 | INFO     | engineer             |   FE_no_procedures           : num_procedures == 0
2026-08-04 18:24:50 | INFO     | engineer             |   FE_lab_to_procedure_ratio  : num_lab_procedures / (num_procedures + 1)
2026-08-04 18:24:50 | INFO     | engineer             | --------------------------------------------------
2026-08-04 18:24:50 | INFO     | engineer             | Group E: Prior Utilization
2026-08-04 18:24:50 | INFO     | engineer             |   FE_total_prior_contacts    : inpatient + outpatient + emergency
2026-08-04 18:24:50 | INFO     | engineer             |   FE_has_prior_emergency     : number_emergency > 0
2026-08-04 18:24:50 | INFO     | engineer             |   FE_has_prior_inpatient     : number_inpatient > 0
2026-08-04 18:24:50 | INFO     | engineer             |   FE_high_prior_utilization  : total_prior_contacts >= 1.10
2026-08-04 18:24:50 | INFO     | engineer             |   FE_multi_channel_utilizer  : count of channels with > 0 visits
2026-08-04 18:24:50 | INFO     | engineer             | --------------------------------------------------
2026-08-04 18:24:50 | INFO     | engineer             | Group F: Diabetes Management
2026-08-04 18:24:50 | INFO     | engineer             |   FE_insulin_prescribed      : insulin > 0 (Steady/Up/Down)
2026-08-04 18:24:50 | INFO     | engineer             |   FE_insulin_changed         : insulin Up or Down
2026-08-04 18:24:50 | INFO     | engineer             |   FE_insulin_increased       : insulin Up only
2026-08-04 18:24:50 | INFO     | engineer             |   FE_metformin_prescribed    : metformin > 0
2026-08-04 18:24:50 | INFO     | engineer             |   FE_metformin_changed       : metformin Up or Down
2026-08-04 18:24:50 | INFO     | engineer             |   FE_on_diabetes_med         : diabetesMed (pass-through alias)
2026-08-04 18:24:50 | INFO     | engineer             |   FE_med_regimen_changed     : change (pass-through alias)
2026-08-04 18:24:50 | INFO     | engineer             |   FE_glycemic_risk_score     : sum of 3 glycemic indicators
2026-08-04 18:24:50 | INFO     | engineer             | --------------------------------------------------
2026-08-04 18:24:50 | INFO     | engineer             | Group G: Interaction Features
2026-08-04 18:24:50 | INFO     | engineer             |   FE_inpatient_x_polypharmacy : prior_inpatient × polypharmacy
2026-08-04 18:24:50 | INFO     | engineer             |   FE_high_util_x_med_change  : high_utilization × any_med_changed
2026-08-04 18:24:50 | INFO     | engineer             |   FE_comorbidity_x_lab_load  : high_comorbidity × high_lab_load
2026-08-04 18:24:50 | INFO     | engineer             |   FE_glycemic_x_emergency    : glycemic_risk_score × has_prior_emergency
2026-08-04 18:24:50 | INFO     | engineer             |   FE_labs_per_day_x_comorbidity : labs_per_day × high_comorbidity
2026-08-04 18:24:50 | INFO     | engineer             | --------------------------------------------------
2026-08-04 18:24:50 | INFO     | engineer             | Null audit on FE_ columns [val]
2026-08-04 18:24:50 | INFO     | engineer             |   All 38 FE_ columns are null-free — OK
2026-08-04 18:24:50 | INFO     | engineer             | ======================================================================
2026-08-04 18:24:50 | INFO     | engineer             | transform complete [val] — shape: (20949, 80)
2026-08-04 18:24:50 | INFO     | engineer             | ======================================================================
2026-08-04 18:24:50 | INFO     | engineer             | ======================================================================
2026-08-04 18:24:50 | INFO     | engineer             | DriftSentinel — Feature Engineer  [transform on TEST]
2026-08-04 18:24:50 | INFO     | engineer             | ======================================================================
2026-08-04 18:24:50 | INFO     | engineer             | Input shape  : (17325, 42)
2026-08-04 18:24:50 | INFO     | engineer             | --------------------------------------------------
2026-08-04 18:24:50 | INFO     | engineer             | Group A: Utilization Intensity
2026-08-04 18:24:50 | INFO     | engineer             |   FE_total_clinical_contacts : time + procedures + labs
2026-08-04 18:24:50 | INFO     | engineer             |   FE_labs_per_day            : num_lab_procedures / time_in_hospital
2026-08-04 18:24:50 | INFO     | engineer             |   FE_meds_per_day            : num_medications / time_in_hospital
2026-08-04 18:24:50 | INFO     | engineer             |   FE_procedure_density       : num_procedures / (num_lab_procedures + 1)
2026-08-04 18:24:50 | INFO     | engineer             |   FE_high_utilization        : >= 62.00  n=5,001
2026-08-04 18:24:50 | INFO     | engineer             | --------------------------------------------------
2026-08-04 18:24:50 | INFO     | engineer             | Group B: Medication Complexity
2026-08-04 18:24:50 | INFO     | engineer             |   FE_n_active_ordinal_meds   : sum of 9 ordinal meds > 0
2026-08-04 18:24:50 | INFO     | engineer             |   FE_n_active_binary_meds    : sum of 7 binary meds
2026-08-04 18:24:50 | INFO     | engineer             |   FE_total_active_meds       : ordinal_active + binary_active
2026-08-04 18:24:50 | INFO     | engineer             |   FE_n_med_changes           : meds with Up or Down dose
2026-08-04 18:24:50 | INFO     | engineer             |   FE_n_med_increases         : meds with Up dose only
2026-08-04 18:24:50 | INFO     | engineer             |   FE_n_med_decreases         : meds with Down dose only
2026-08-04 18:24:50 | INFO     | engineer             |   FE_any_med_changed         : binary flag, at least one dose change
2026-08-04 18:24:50 | INFO     | engineer             |   FE_polypharmacy            : total_active_meds >= 5 (clinical threshold)
2026-08-04 18:24:50 | INFO     | engineer             |   FE_med_coverage_ratio      : total_active_meds / (num_medications + 1)
2026-08-04 18:24:50 | INFO     | engineer             | --------------------------------------------------
2026-08-04 18:24:50 | INFO     | engineer             | Group C: Diagnosis Burden
2026-08-04 18:24:50 | INFO     | engineer             |   FE_high_comorbidity        : number_diagnoses >= 9
2026-08-04 18:24:50 | INFO     | engineer             |   FE_diagnoses_per_day       : number_diagnoses / time_in_hospital
2026-08-04 18:24:50 | INFO     | engineer             |   FE_diag_med_ratio          : number_diagnoses / (num_medications + 1)
2026-08-04 18:24:50 | INFO     | engineer             | --------------------------------------------------
2026-08-04 18:24:50 | INFO     | engineer             | Group D: Lab & Procedure Load
2026-08-04 18:24:50 | INFO     | engineer             |   FE_high_lab_load           : num_lab_procedures >= 56
2026-08-04 18:24:50 | INFO     | engineer             |   FE_no_procedures           : num_procedures == 0
2026-08-04 18:24:50 | INFO     | engineer             |   FE_lab_to_procedure_ratio  : num_lab_procedures / (num_procedures + 1)
2026-08-04 18:24:50 | INFO     | engineer             | --------------------------------------------------
2026-08-04 18:24:50 | INFO     | engineer             | Group E: Prior Utilization
2026-08-04 18:24:50 | INFO     | engineer             |   FE_total_prior_contacts    : inpatient + outpatient + emergency
2026-08-04 18:24:50 | INFO     | engineer             |   FE_has_prior_emergency     : number_emergency > 0
2026-08-04 18:24:50 | INFO     | engineer             |   FE_has_prior_inpatient     : number_inpatient > 0
2026-08-04 18:24:50 | INFO     | engineer             |   FE_high_prior_utilization  : total_prior_contacts >= 1.10
2026-08-04 18:24:50 | INFO     | engineer             |   FE_multi_channel_utilizer  : count of channels with > 0 visits
2026-08-04 18:24:50 | INFO     | engineer             | --------------------------------------------------
2026-08-04 18:24:50 | INFO     | engineer             | Group F: Diabetes Management
2026-08-04 18:24:50 | INFO     | engineer             |   FE_insulin_prescribed      : insulin > 0 (Steady/Up/Down)
2026-08-04 18:24:50 | INFO     | engineer             |   FE_insulin_changed         : insulin Up or Down
2026-08-04 18:24:50 | INFO     | engineer             |   FE_insulin_increased       : insulin Up only
2026-08-04 18:24:50 | INFO     | engineer             |   FE_metformin_prescribed    : metformin > 0
2026-08-04 18:24:50 | INFO     | engineer             |   FE_metformin_changed       : metformin Up or Down
2026-08-04 18:24:50 | INFO     | engineer             |   FE_on_diabetes_med         : diabetesMed (pass-through alias)
2026-08-04 18:24:50 | INFO     | engineer             |   FE_med_regimen_changed     : change (pass-through alias)
2026-08-04 18:24:50 | INFO     | engineer             |   FE_glycemic_risk_score     : sum of 3 glycemic indicators
2026-08-04 18:24:50 | INFO     | engineer             | --------------------------------------------------
2026-08-04 18:24:50 | INFO     | engineer             | Group G: Interaction Features
2026-08-04 18:24:50 | INFO     | engineer             |   FE_inpatient_x_polypharmacy : prior_inpatient × polypharmacy
2026-08-04 18:24:50 | INFO     | engineer             |   FE_high_util_x_med_change  : high_utilization × any_med_changed
2026-08-04 18:24:50 | INFO     | engineer             |   FE_comorbidity_x_lab_load  : high_comorbidity × high_lab_load
2026-08-04 18:24:50 | INFO     | engineer             |   FE_glycemic_x_emergency    : glycemic_risk_score × has_prior_emergency
2026-08-04 18:24:50 | INFO     | engineer             |   FE_labs_per_day_x_comorbidity : labs_per_day × high_comorbidity
2026-08-04 18:24:50 | INFO     | engineer             | --------------------------------------------------
2026-08-04 18:24:50 | INFO     | engineer             | Null audit on FE_ columns [test]
2026-08-04 18:24:50 | INFO     | engineer             |   All 38 FE_ columns are null-free — OK
2026-08-04 18:24:50 | INFO     | engineer             | ======================================================================
2026-08-04 18:24:50 | INFO     | engineer             | transform complete [test] — shape: (17325, 80)
2026-08-04 18:24:50 | INFO     | engineer             | ======================================================================
2026-08-04 18:26:19 | INFO     | engineer             | ===== RUN 20260804-182616-767803 | pid=22596 | started 2026-08-04 18:26:19 =====
2026-08-04 18:26:19 | INFO     | engineer             | ======================================================================
2026-08-04 18:26:19 | INFO     | engineer             | DriftSentinel — Feature Engineer  [fit_transform on TRAIN]
2026-08-04 18:26:19 | INFO     | engineer             | ======================================================================
2026-08-04 18:26:19 | INFO     | engineer             | Input shape  : (63492, 42)
2026-08-04 18:26:19 | INFO     | engineer             | Existing FE_ columns: 0
2026-08-04 18:26:19 | INFO     | engineer             | --------------------------------------------------
2026-08-04 18:26:19 | INFO     | engineer             | Group A: Utilization Intensity
2026-08-04 18:26:19 | INFO     | engineer             |   FE_total_clinical_contacts : time + procedures + labs
2026-08-04 18:26:19 | INFO     | engineer             |   FE_labs_per_day            : num_lab_procedures / time_in_hospital
2026-08-04 18:26:19 | INFO     | engineer             |   FE_meds_per_day            : num_medications / time_in_hospital
2026-08-04 18:26:19 | INFO     | engineer             |   FE_procedure_density       : num_procedures / (num_lab_procedures + 1)
2026-08-04 18:26:19 | INFO     | engineer             |   FE_high_utilization threshold (Q75, train) = 62.00
2026-08-04 18:26:19 | INFO     | engineer             |   FE_high_utilization        : >= 62.00  n=16,716
2026-08-04 18:26:19 | INFO     | engineer             | --------------------------------------------------
2026-08-04 18:26:19 | INFO     | engineer             | Group B: Medication Complexity
2026-08-04 18:26:19 | INFO     | engineer             |   FE_n_active_ordinal_meds   : sum of 9 ordinal meds > 0
2026-08-04 18:26:19 | INFO     | engineer             |   FE_n_active_binary_meds    : sum of 7 binary meds
2026-08-04 18:26:19 | INFO     | engineer             |   FE_total_active_meds       : ordinal_active + binary_active
2026-08-04 18:26:19 | INFO     | engineer             |   FE_n_med_changes           : meds with Up or Down dose
2026-08-04 18:26:19 | INFO     | engineer             |   FE_n_med_increases         : meds with Up dose only
2026-08-04 18:26:19 | INFO     | engineer             |   FE_n_med_decreases         : meds with Down dose only
2026-08-04 18:26:19 | INFO     | engineer             |   FE_any_med_changed         : binary flag, at least one dose change
2026-08-04 18:26:19 | INFO     | engineer             |   FE_polypharmacy            : total_active_meds >= 5 (clinical threshold)
2026-08-04 18:26:19 | INFO     | engineer             |   FE_med_coverage_ratio      : total_active_meds / (num_medications + 1)
2026-08-04 18:26:19 | INFO     | engineer             | --------------------------------------------------
2026-08-04 18:26:19 | INFO     | engineer             | Group C: Diagnosis Burden
2026-08-04 18:26:19 | INFO     | engineer             |   FE_high_comorbidity threshold (Q75, train) = 9.00
2026-08-04 18:26:19 | INFO     | engineer             |   FE_high_comorbidity        : number_diagnoses >= 9
2026-08-04 18:26:19 | INFO     | engineer             |   FE_diagnoses_per_day       : number_diagnoses / time_in_hospital
2026-08-04 18:26:19 | INFO     | engineer             |   FE_diag_med_ratio          : number_diagnoses / (num_medications + 1)
2026-08-04 18:26:19 | INFO     | engineer             | --------------------------------------------------
2026-08-04 18:26:19 | INFO     | engineer             | Group D: Lab & Procedure Load
2026-08-04 18:26:19 | INFO     | engineer             |   FE_high_lab_load threshold (Q75, train) = 56.00
2026-08-04 18:26:19 | INFO     | engineer             |   FE_high_lab_load           : num_lab_procedures >= 56
2026-08-04 18:26:19 | INFO     | engineer             |   FE_no_procedures           : num_procedures == 0
2026-08-04 18:26:19 | INFO     | engineer             |   FE_lab_to_procedure_ratio  : num_lab_procedures / (num_procedures + 1)
2026-08-04 18:26:19 | INFO     | engineer             | --------------------------------------------------
2026-08-04 18:26:19 | INFO     | engineer             | Group E: Prior Utilization
2026-08-04 18:26:19 | INFO     | engineer             |   FE_total_prior_contacts    : inpatient + outpatient + emergency
2026-08-04 18:26:19 | INFO     | engineer             |   FE_has_prior_emergency     : number_emergency > 0
2026-08-04 18:26:19 | INFO     | engineer             |   FE_has_prior_inpatient     : number_inpatient > 0
2026-08-04 18:26:19 | INFO     | engineer             |   FE_high_prior_utilization threshold (Q75, train) = 1.10
2026-08-04 18:26:19 | INFO     | engineer             |   FE_high_prior_utilization  : total_prior_contacts >= 1.10
2026-08-04 18:26:19 | INFO     | engineer             |   FE_multi_channel_utilizer  : count of channels with > 0 visits
2026-08-04 18:26:19 | INFO     | engineer             | --------------------------------------------------
2026-08-04 18:26:19 | INFO     | engineer             | Group F: Diabetes Management
2026-08-04 18:26:19 | INFO     | engineer             |   FE_insulin_prescribed      : insulin > 0 (Steady/Up/Down)
2026-08-04 18:26:19 | INFO     | engineer             |   FE_insulin_changed         : insulin Up or Down
2026-08-04 18:26:19 | INFO     | engineer             |   FE_insulin_increased       : insulin Up only
2026-08-04 18:26:19 | INFO     | engineer             |   FE_metformin_prescribed    : metformin > 0
2026-08-04 18:26:19 | INFO     | engineer             |   FE_metformin_changed       : metformin Up or Down
2026-08-04 18:26:19 | INFO     | engineer             |   FE_on_diabetes_med         : diabetesMed (pass-through alias)
2026-08-04 18:26:19 | INFO     | engineer             |   FE_med_regimen_changed     : change (pass-through alias)
2026-08-04 18:26:19 | INFO     | engineer             |   FE_glycemic_risk_score     : sum of 3 glycemic indicators
2026-08-04 18:26:19 | INFO     | engineer             | --------------------------------------------------
2026-08-04 18:26:19 | INFO     | engineer             | Group G: Interaction Features
2026-08-04 18:26:19 | INFO     | engineer             |   FE_inpatient_x_polypharmacy : prior_inpatient × polypharmacy
2026-08-04 18:26:19 | INFO     | engineer             |   FE_high_util_x_med_change  : high_utilization × any_med_changed
2026-08-04 18:26:19 | INFO     | engineer             |   FE_comorbidity_x_lab_load  : high_comorbidity × high_lab_load
2026-08-04 18:26:19 | INFO     | engineer             |   FE_glycemic_x_emergency    : glycemic_risk_score × has_prior_emergency
2026-08-04 18:26:19 | INFO     | engineer             |   FE_labs_per_day_x_comorbidity : labs_per_day × high_comorbidity
2026-08-04 18:26:19 | INFO     | engineer             | --------------------------------------------------
2026-08-04 18:26:19 | INFO     | engineer             | Null audit on FE_ columns [train]
2026-08-04 18:26:19 | INFO     | engineer             |   All 38 FE_ columns are null-free — OK
2026-08-04 18:26:19 | INFO     | engineer             | --------------------------------------------------
2026-08-04 18:26:19 | INFO     | engineer             | Leakage guard: FE_ features vs target correlation
2026-08-04 18:26:19 | INFO     | engineer             |   Leakage guard passed — no |r| > 0.80 among 38 FE_ features
2026-08-04 18:26:19 | INFO     | engineer             |   fe_train_stats.json saved -> C:\Users\sharg\Desktop\github\DriftSentinel\outputs\artifacts\fe_train_stats.json
2026-08-04 18:26:19 | INFO     | engineer             |   fe_feature_names.json saved -> C:\Users\sharg\Desktop\github\DriftSentinel\outputs\artifacts\fe_feature_names.json
2026-08-04 18:26:19 | INFO     | engineer             |   feature_engineer.pkl saved -> C:\Users\sharg\Desktop\github\DriftSentinel\outputs\artifacts\feature_engineer.pkl
2026-08-04 18:26:19 | INFO     | engineer             | ======================================================================
2026-08-04 18:26:19 | INFO     | engineer             | fit_transform complete — shape: (63492, 80)
2026-08-04 18:26:19 | INFO     | engineer             | FE_ features created: 38
2026-08-04 18:26:19 | INFO     | engineer             | ======================================================================
2026-08-04 18:26:19 | INFO     | engineer             | ======================================================================
2026-08-04 18:26:19 | INFO     | engineer             | DriftSentinel — Feature Engineer  [transform on VAL]
2026-08-04 18:26:19 | INFO     | engineer             | ======================================================================
2026-08-04 18:26:19 | INFO     | engineer             | Input shape  : (20949, 42)
2026-08-04 18:26:19 | INFO     | engineer             | --------------------------------------------------
2026-08-04 18:26:19 | INFO     | engineer             | Group A: Utilization Intensity
2026-08-04 18:26:19 | INFO     | engineer             |   FE_total_clinical_contacts : time + procedures + labs
2026-08-04 18:26:19 | INFO     | engineer             |   FE_labs_per_day            : num_lab_procedures / time_in_hospital
2026-08-04 18:26:19 | INFO     | engineer             |   FE_meds_per_day            : num_medications / time_in_hospital
2026-08-04 18:26:19 | INFO     | engineer             |   FE_procedure_density       : num_procedures / (num_lab_procedures + 1)
2026-08-04 18:26:19 | INFO     | engineer             |   FE_high_utilization        : >= 62.00  n=6,392
2026-08-04 18:26:19 | INFO     | engineer             | --------------------------------------------------
2026-08-04 18:26:19 | INFO     | engineer             | Group B: Medication Complexity
2026-08-04 18:26:19 | INFO     | engineer             |   FE_n_active_ordinal_meds   : sum of 9 ordinal meds > 0
2026-08-04 18:26:19 | INFO     | engineer             |   FE_n_active_binary_meds    : sum of 7 binary meds
2026-08-04 18:26:19 | INFO     | engineer             |   FE_total_active_meds       : ordinal_active + binary_active
2026-08-04 18:26:19 | INFO     | engineer             |   FE_n_med_changes           : meds with Up or Down dose
2026-08-04 18:26:19 | INFO     | engineer             |   FE_n_med_increases         : meds with Up dose only
2026-08-04 18:26:19 | INFO     | engineer             |   FE_n_med_decreases         : meds with Down dose only
2026-08-04 18:26:19 | INFO     | engineer             |   FE_any_med_changed         : binary flag, at least one dose change
2026-08-04 18:26:19 | INFO     | engineer             |   FE_polypharmacy            : total_active_meds >= 5 (clinical threshold)
2026-08-04 18:26:19 | INFO     | engineer             |   FE_med_coverage_ratio      : total_active_meds / (num_medications + 1)
2026-08-04 18:26:19 | INFO     | engineer             | --------------------------------------------------
2026-08-04 18:26:19 | INFO     | engineer             | Group C: Diagnosis Burden
2026-08-04 18:26:19 | INFO     | engineer             |   FE_high_comorbidity        : number_diagnoses >= 9
2026-08-04 18:26:19 | INFO     | engineer             |   FE_diagnoses_per_day       : number_diagnoses / time_in_hospital
2026-08-04 18:26:19 | INFO     | engineer             |   FE_diag_med_ratio          : number_diagnoses / (num_medications + 1)
2026-08-04 18:26:19 | INFO     | engineer             | --------------------------------------------------
2026-08-04 18:26:19 | INFO     | engineer             | Group D: Lab & Procedure Load
2026-08-04 18:26:19 | INFO     | engineer             |   FE_high_lab_load           : num_lab_procedures >= 56
2026-08-04 18:26:19 | INFO     | engineer             |   FE_no_procedures           : num_procedures == 0
2026-08-04 18:26:19 | INFO     | engineer             |   FE_lab_to_procedure_ratio  : num_lab_procedures / (num_procedures + 1)
2026-08-04 18:26:19 | INFO     | engineer             | --------------------------------------------------
2026-08-04 18:26:19 | INFO     | engineer             | Group E: Prior Utilization
2026-08-04 18:26:19 | INFO     | engineer             |   FE_total_prior_contacts    : inpatient + outpatient + emergency
2026-08-04 18:26:19 | INFO     | engineer             |   FE_has_prior_emergency     : number_emergency > 0
2026-08-04 18:26:19 | INFO     | engineer             |   FE_has_prior_inpatient     : number_inpatient > 0
2026-08-04 18:26:19 | INFO     | engineer             |   FE_high_prior_utilization  : total_prior_contacts >= 1.10
2026-08-04 18:26:19 | INFO     | engineer             |   FE_multi_channel_utilizer  : count of channels with > 0 visits
2026-08-04 18:26:19 | INFO     | engineer             | --------------------------------------------------
2026-08-04 18:26:19 | INFO     | engineer             | Group F: Diabetes Management
2026-08-04 18:26:19 | INFO     | engineer             |   FE_insulin_prescribed      : insulin > 0 (Steady/Up/Down)
2026-08-04 18:26:19 | INFO     | engineer             |   FE_insulin_changed         : insulin Up or Down
2026-08-04 18:26:19 | INFO     | engineer             |   FE_insulin_increased       : insulin Up only
2026-08-04 18:26:19 | INFO     | engineer             |   FE_metformin_prescribed    : metformin > 0
2026-08-04 18:26:19 | INFO     | engineer             |   FE_metformin_changed       : metformin Up or Down
2026-08-04 18:26:19 | INFO     | engineer             |   FE_on_diabetes_med         : diabetesMed (pass-through alias)
2026-08-04 18:26:19 | INFO     | engineer             |   FE_med_regimen_changed     : change (pass-through alias)
2026-08-04 18:26:19 | INFO     | engineer             |   FE_glycemic_risk_score     : sum of 3 glycemic indicators
2026-08-04 18:26:19 | INFO     | engineer             | --------------------------------------------------
2026-08-04 18:26:19 | INFO     | engineer             | Group G: Interaction Features
2026-08-04 18:26:19 | INFO     | engineer             |   FE_inpatient_x_polypharmacy : prior_inpatient × polypharmacy
2026-08-04 18:26:19 | INFO     | engineer             |   FE_high_util_x_med_change  : high_utilization × any_med_changed
2026-08-04 18:26:19 | INFO     | engineer             |   FE_comorbidity_x_lab_load  : high_comorbidity × high_lab_load
2026-08-04 18:26:19 | INFO     | engineer             |   FE_glycemic_x_emergency    : glycemic_risk_score × has_prior_emergency
2026-08-04 18:26:19 | INFO     | engineer             |   FE_labs_per_day_x_comorbidity : labs_per_day × high_comorbidity
2026-08-04 18:26:19 | INFO     | engineer             | --------------------------------------------------
2026-08-04 18:26:19 | INFO     | engineer             | Null audit on FE_ columns [val]
2026-08-04 18:26:19 | INFO     | engineer             |   All 38 FE_ columns are null-free — OK
2026-08-04 18:26:19 | INFO     | engineer             | ======================================================================
2026-08-04 18:26:19 | INFO     | engineer             | transform complete [val] — shape: (20949, 80)
2026-08-04 18:26:19 | INFO     | engineer             | ======================================================================
2026-08-04 18:26:19 | INFO     | engineer             | ======================================================================
2026-08-04 18:26:19 | INFO     | engineer             | DriftSentinel — Feature Engineer  [transform on TEST]
2026-08-04 18:26:19 | INFO     | engineer             | ======================================================================
2026-08-04 18:26:19 | INFO     | engineer             | Input shape  : (17325, 42)
2026-08-04 18:26:19 | INFO     | engineer             | --------------------------------------------------
2026-08-04 18:26:19 | INFO     | engineer             | Group A: Utilization Intensity
2026-08-04 18:26:19 | INFO     | engineer             |   FE_total_clinical_contacts : time + procedures + labs
2026-08-04 18:26:19 | INFO     | engineer             |   FE_labs_per_day            : num_lab_procedures / time_in_hospital
2026-08-04 18:26:19 | INFO     | engineer             |   FE_meds_per_day            : num_medications / time_in_hospital
2026-08-04 18:26:19 | INFO     | engineer             |   FE_procedure_density       : num_procedures / (num_lab_procedures + 1)
2026-08-04 18:26:19 | INFO     | engineer             |   FE_high_utilization        : >= 62.00  n=5,001
2026-08-04 18:26:19 | INFO     | engineer             | --------------------------------------------------
2026-08-04 18:26:19 | INFO     | engineer             | Group B: Medication Complexity
2026-08-04 18:26:19 | INFO     | engineer             |   FE_n_active_ordinal_meds   : sum of 9 ordinal meds > 0
2026-08-04 18:26:19 | INFO     | engineer             |   FE_n_active_binary_meds    : sum of 7 binary meds
2026-08-04 18:26:19 | INFO     | engineer             |   FE_total_active_meds       : ordinal_active + binary_active
2026-08-04 18:26:19 | INFO     | engineer             |   FE_n_med_changes           : meds with Up or Down dose
2026-08-04 18:26:19 | INFO     | engineer             |   FE_n_med_increases         : meds with Up dose only
2026-08-04 18:26:19 | INFO     | engineer             |   FE_n_med_decreases         : meds with Down dose only
2026-08-04 18:26:19 | INFO     | engineer             |   FE_any_med_changed         : binary flag, at least one dose change
2026-08-04 18:26:19 | INFO     | engineer             |   FE_polypharmacy            : total_active_meds >= 5 (clinical threshold)
2026-08-04 18:26:19 | INFO     | engineer             |   FE_med_coverage_ratio      : total_active_meds / (num_medications + 1)
2026-08-04 18:26:19 | INFO     | engineer             | --------------------------------------------------
2026-08-04 18:26:19 | INFO     | engineer             | Group C: Diagnosis Burden
2026-08-04 18:26:19 | INFO     | engineer             |   FE_high_comorbidity        : number_diagnoses >= 9
2026-08-04 18:26:19 | INFO     | engineer             |   FE_diagnoses_per_day       : number_diagnoses / time_in_hospital
2026-08-04 18:26:19 | INFO     | engineer             |   FE_diag_med_ratio          : number_diagnoses / (num_medications + 1)
2026-08-04 18:26:19 | INFO     | engineer             | --------------------------------------------------
2026-08-04 18:26:19 | INFO     | engineer             | Group D: Lab & Procedure Load
2026-08-04 18:26:19 | INFO     | engineer             |   FE_high_lab_load           : num_lab_procedures >= 56
2026-08-04 18:26:19 | INFO     | engineer             |   FE_no_procedures           : num_procedures == 0
2026-08-04 18:26:19 | INFO     | engineer             |   FE_lab_to_procedure_ratio  : num_lab_procedures / (num_procedures + 1)
2026-08-04 18:26:19 | INFO     | engineer             | --------------------------------------------------
2026-08-04 18:26:19 | INFO     | engineer             | Group E: Prior Utilization
2026-08-04 18:26:19 | INFO     | engineer             |   FE_total_prior_contacts    : inpatient + outpatient + emergency
2026-08-04 18:26:19 | INFO     | engineer             |   FE_has_prior_emergency     : number_emergency > 0
2026-08-04 18:26:19 | INFO     | engineer             |   FE_has_prior_inpatient     : number_inpatient > 0
2026-08-04 18:26:19 | INFO     | engineer             |   FE_high_prior_utilization  : total_prior_contacts >= 1.10
2026-08-04 18:26:19 | INFO     | engineer             |   FE_multi_channel_utilizer  : count of channels with > 0 visits
2026-08-04 18:26:19 | INFO     | engineer             | --------------------------------------------------
2026-08-04 18:26:19 | INFO     | engineer             | Group F: Diabetes Management
2026-08-04 18:26:19 | INFO     | engineer             |   FE_insulin_prescribed      : insulin > 0 (Steady/Up/Down)
2026-08-04 18:26:19 | INFO     | engineer             |   FE_insulin_changed         : insulin Up or Down
2026-08-04 18:26:19 | INFO     | engineer             |   FE_insulin_increased       : insulin Up only
2026-08-04 18:26:19 | INFO     | engineer             |   FE_metformin_prescribed    : metformin > 0
2026-08-04 18:26:19 | INFO     | engineer             |   FE_metformin_changed       : metformin Up or Down
2026-08-04 18:26:19 | INFO     | engineer             |   FE_on_diabetes_med         : diabetesMed (pass-through alias)
2026-08-04 18:26:19 | INFO     | engineer             |   FE_med_regimen_changed     : change (pass-through alias)
2026-08-04 18:26:19 | INFO     | engineer             |   FE_glycemic_risk_score     : sum of 3 glycemic indicators
2026-08-04 18:26:19 | INFO     | engineer             | --------------------------------------------------
2026-08-04 18:26:19 | INFO     | engineer             | Group G: Interaction Features
2026-08-04 18:26:19 | INFO     | engineer             |   FE_inpatient_x_polypharmacy : prior_inpatient × polypharmacy
2026-08-04 18:26:19 | INFO     | engineer             |   FE_high_util_x_med_change  : high_utilization × any_med_changed
2026-08-04 18:26:19 | INFO     | engineer             |   FE_comorbidity_x_lab_load  : high_comorbidity × high_lab_load
2026-08-04 18:26:19 | INFO     | engineer             |   FE_glycemic_x_emergency    : glycemic_risk_score × has_prior_emergency
2026-08-04 18:26:19 | INFO     | engineer             |   FE_labs_per_day_x_comorbidity : labs_per_day × high_comorbidity
2026-08-04 18:26:19 | INFO     | engineer             | --------------------------------------------------
2026-08-04 18:26:19 | INFO     | engineer             | Null audit on FE_ columns [test]
2026-08-04 18:26:19 | INFO     | engineer             |   All 38 FE_ columns are null-free — OK
2026-08-04 18:26:19 | INFO     | engineer             | ======================================================================
2026-08-04 18:26:19 | INFO     | engineer             | transform complete [test] — shape: (17325, 80)
2026-08-04 18:26:19 | INFO     | engineer             | ======================================================================
2026-08-04 18:27:54 | INFO     | engineer             | ===== RUN 20260804-182750-7cb05f | pid=31812 | started 2026-08-04 18:27:54 =====
2026-08-04 18:27:54 | INFO     | engineer             | ======================================================================
2026-08-04 18:27:54 | INFO     | engineer             | DriftSentinel — Feature Engineer  [fit_transform on TRAIN]
2026-08-04 18:27:54 | INFO     | engineer             | ======================================================================
2026-08-04 18:27:54 | INFO     | engineer             | Input shape  : (63492, 42)
2026-08-04 18:27:54 | INFO     | engineer             | Existing FE_ columns: 0
2026-08-04 18:27:54 | INFO     | engineer             | --------------------------------------------------
2026-08-04 18:27:54 | INFO     | engineer             | Group A: Utilization Intensity
2026-08-04 18:27:54 | INFO     | engineer             |   FE_total_clinical_contacts : time + procedures + labs
2026-08-04 18:27:54 | INFO     | engineer             |   FE_labs_per_day            : num_lab_procedures / time_in_hospital
2026-08-04 18:27:54 | INFO     | engineer             |   FE_meds_per_day            : num_medications / time_in_hospital
2026-08-04 18:27:54 | INFO     | engineer             |   FE_procedure_density       : num_procedures / (num_lab_procedures + 1)
2026-08-04 18:27:54 | INFO     | engineer             |   FE_high_utilization threshold (Q75, train) = 62.00
2026-08-04 18:27:54 | INFO     | engineer             |   FE_high_utilization        : >= 62.00  n=16,716
2026-08-04 18:27:54 | INFO     | engineer             | --------------------------------------------------
2026-08-04 18:27:54 | INFO     | engineer             | Group B: Medication Complexity
2026-08-04 18:27:54 | INFO     | engineer             |   FE_n_active_ordinal_meds   : sum of 9 ordinal meds > 0
2026-08-04 18:27:54 | INFO     | engineer             |   FE_n_active_binary_meds    : sum of 7 binary meds
2026-08-04 18:27:54 | INFO     | engineer             |   FE_total_active_meds       : ordinal_active + binary_active
2026-08-04 18:27:54 | INFO     | engineer             |   FE_n_med_changes           : meds with Up or Down dose
2026-08-04 18:27:54 | INFO     | engineer             |   FE_n_med_increases         : meds with Up dose only
2026-08-04 18:27:54 | INFO     | engineer             |   FE_n_med_decreases         : meds with Down dose only
2026-08-04 18:27:54 | INFO     | engineer             |   FE_any_med_changed         : binary flag, at least one dose change
2026-08-04 18:27:54 | INFO     | engineer             |   FE_polypharmacy            : total_active_meds >= 5 (clinical threshold)
2026-08-04 18:27:54 | INFO     | engineer             |   FE_med_coverage_ratio      : total_active_meds / (num_medications + 1)
2026-08-04 18:27:54 | INFO     | engineer             | --------------------------------------------------
2026-08-04 18:27:54 | INFO     | engineer             | Group C: Diagnosis Burden
2026-08-04 18:27:54 | INFO     | engineer             |   FE_high_comorbidity threshold (Q75, train) = 9.00
2026-08-04 18:27:54 | INFO     | engineer             |   FE_high_comorbidity        : number_diagnoses >= 9
2026-08-04 18:27:54 | INFO     | engineer             |   FE_diagnoses_per_day       : number_diagnoses / time_in_hospital
2026-08-04 18:27:54 | INFO     | engineer             |   FE_diag_med_ratio          : number_diagnoses / (num_medications + 1)
2026-08-04 18:27:54 | INFO     | engineer             | --------------------------------------------------
2026-08-04 18:27:54 | INFO     | engineer             | Group D: Lab & Procedure Load
2026-08-04 18:27:54 | INFO     | engineer             |   FE_high_lab_load threshold (Q75, train) = 56.00
2026-08-04 18:27:54 | INFO     | engineer             |   FE_high_lab_load           : num_lab_procedures >= 56
2026-08-04 18:27:54 | INFO     | engineer             |   FE_no_procedures           : num_procedures == 0
2026-08-04 18:27:54 | INFO     | engineer             |   FE_lab_to_procedure_ratio  : num_lab_procedures / (num_procedures + 1)
2026-08-04 18:27:54 | INFO     | engineer             | --------------------------------------------------
2026-08-04 18:27:54 | INFO     | engineer             | Group E: Prior Utilization
2026-08-04 18:27:54 | INFO     | engineer             |   FE_total_prior_contacts    : inpatient + outpatient + emergency
2026-08-04 18:27:54 | INFO     | engineer             |   FE_has_prior_emergency     : number_emergency > 0
2026-08-04 18:27:54 | INFO     | engineer             |   FE_has_prior_inpatient     : number_inpatient > 0
2026-08-04 18:27:54 | INFO     | engineer             |   FE_high_prior_utilization threshold (Q75, train) = 1.10
2026-08-04 18:27:54 | INFO     | engineer             |   FE_high_prior_utilization  : total_prior_contacts >= 1.10
2026-08-04 18:27:54 | INFO     | engineer             |   FE_multi_channel_utilizer  : count of channels with > 0 visits
2026-08-04 18:27:54 | INFO     | engineer             | --------------------------------------------------
2026-08-04 18:27:54 | INFO     | engineer             | Group F: Diabetes Management
2026-08-04 18:27:54 | INFO     | engineer             |   FE_insulin_prescribed      : insulin > 0 (Steady/Up/Down)
2026-08-04 18:27:54 | INFO     | engineer             |   FE_insulin_changed         : insulin Up or Down
2026-08-04 18:27:54 | INFO     | engineer             |   FE_insulin_increased       : insulin Up only
2026-08-04 18:27:54 | INFO     | engineer             |   FE_metformin_prescribed    : metformin > 0
2026-08-04 18:27:54 | INFO     | engineer             |   FE_metformin_changed       : metformin Up or Down
2026-08-04 18:27:54 | INFO     | engineer             |   FE_on_diabetes_med         : diabetesMed (pass-through alias)
2026-08-04 18:27:54 | INFO     | engineer             |   FE_med_regimen_changed     : change (pass-through alias)
2026-08-04 18:27:54 | INFO     | engineer             |   FE_glycemic_risk_score     : sum of 3 glycemic indicators
2026-08-04 18:27:54 | INFO     | engineer             | --------------------------------------------------
2026-08-04 18:27:54 | INFO     | engineer             | Group G: Interaction Features
2026-08-04 18:27:54 | INFO     | engineer             |   FE_inpatient_x_polypharmacy : prior_inpatient × polypharmacy
2026-08-04 18:27:54 | INFO     | engineer             |   FE_high_util_x_med_change  : high_utilization × any_med_changed
2026-08-04 18:27:54 | INFO     | engineer             |   FE_comorbidity_x_lab_load  : high_comorbidity × high_lab_load
2026-08-04 18:27:54 | INFO     | engineer             |   FE_glycemic_x_emergency    : glycemic_risk_score × has_prior_emergency
2026-08-04 18:27:54 | INFO     | engineer             |   FE_labs_per_day_x_comorbidity : labs_per_day × high_comorbidity
2026-08-04 18:27:54 | INFO     | engineer             | --------------------------------------------------
2026-08-04 18:27:54 | INFO     | engineer             | Null audit on FE_ columns [train]
2026-08-04 18:27:54 | INFO     | engineer             |   All 38 FE_ columns are null-free — OK
2026-08-04 18:27:54 | INFO     | engineer             | --------------------------------------------------
2026-08-04 18:27:54 | INFO     | engineer             | Leakage guard: FE_ features vs target correlation
2026-08-04 18:27:54 | INFO     | engineer             |   Leakage guard passed — no |r| > 0.80 among 38 FE_ features
2026-08-04 18:27:54 | INFO     | engineer             |   fe_train_stats.json saved -> C:\Users\sharg\Desktop\github\DriftSentinel\outputs\artifacts\fe_train_stats.json
2026-08-04 18:27:54 | INFO     | engineer             |   fe_feature_names.json saved -> C:\Users\sharg\Desktop\github\DriftSentinel\outputs\artifacts\fe_feature_names.json
2026-08-04 18:27:54 | INFO     | engineer             |   feature_engineer.pkl saved -> C:\Users\sharg\Desktop\github\DriftSentinel\outputs\artifacts\feature_engineer.pkl
2026-08-04 18:27:54 | INFO     | engineer             | ======================================================================
2026-08-04 18:27:54 | INFO     | engineer             | fit_transform complete — shape: (63492, 80)
2026-08-04 18:27:54 | INFO     | engineer             | FE_ features created: 38
2026-08-04 18:27:54 | INFO     | engineer             | ======================================================================
2026-08-04 18:27:54 | INFO     | engineer             | ======================================================================
2026-08-04 18:27:54 | INFO     | engineer             | DriftSentinel — Feature Engineer  [transform on VAL]
2026-08-04 18:27:54 | INFO     | engineer             | ======================================================================
2026-08-04 18:27:54 | INFO     | engineer             | Input shape  : (20949, 42)
2026-08-04 18:27:54 | INFO     | engineer             | --------------------------------------------------
2026-08-04 18:27:54 | INFO     | engineer             | Group A: Utilization Intensity
2026-08-04 18:27:54 | INFO     | engineer             |   FE_total_clinical_contacts : time + procedures + labs
2026-08-04 18:27:54 | INFO     | engineer             |   FE_labs_per_day            : num_lab_procedures / time_in_hospital
2026-08-04 18:27:54 | INFO     | engineer             |   FE_meds_per_day            : num_medications / time_in_hospital
2026-08-04 18:27:54 | INFO     | engineer             |   FE_procedure_density       : num_procedures / (num_lab_procedures + 1)
2026-08-04 18:27:54 | INFO     | engineer             |   FE_high_utilization        : >= 62.00  n=6,392
2026-08-04 18:27:54 | INFO     | engineer             | --------------------------------------------------
2026-08-04 18:27:54 | INFO     | engineer             | Group B: Medication Complexity
2026-08-04 18:27:54 | INFO     | engineer             |   FE_n_active_ordinal_meds   : sum of 9 ordinal meds > 0
2026-08-04 18:27:54 | INFO     | engineer             |   FE_n_active_binary_meds    : sum of 7 binary meds
2026-08-04 18:27:54 | INFO     | engineer             |   FE_total_active_meds       : ordinal_active + binary_active
2026-08-04 18:27:54 | INFO     | engineer             |   FE_n_med_changes           : meds with Up or Down dose
2026-08-04 18:27:54 | INFO     | engineer             |   FE_n_med_increases         : meds with Up dose only
2026-08-04 18:27:54 | INFO     | engineer             |   FE_n_med_decreases         : meds with Down dose only
2026-08-04 18:27:54 | INFO     | engineer             |   FE_any_med_changed         : binary flag, at least one dose change
2026-08-04 18:27:54 | INFO     | engineer             |   FE_polypharmacy            : total_active_meds >= 5 (clinical threshold)
2026-08-04 18:27:54 | INFO     | engineer             |   FE_med_coverage_ratio      : total_active_meds / (num_medications + 1)
2026-08-04 18:27:54 | INFO     | engineer             | --------------------------------------------------
2026-08-04 18:27:54 | INFO     | engineer             | Group C: Diagnosis Burden
2026-08-04 18:27:54 | INFO     | engineer             |   FE_high_comorbidity        : number_diagnoses >= 9
2026-08-04 18:27:54 | INFO     | engineer             |   FE_diagnoses_per_day       : number_diagnoses / time_in_hospital
2026-08-04 18:27:54 | INFO     | engineer             |   FE_diag_med_ratio          : number_diagnoses / (num_medications + 1)
2026-08-04 18:27:54 | INFO     | engineer             | --------------------------------------------------
2026-08-04 18:27:54 | INFO     | engineer             | Group D: Lab & Procedure Load
2026-08-04 18:27:54 | INFO     | engineer             |   FE_high_lab_load           : num_lab_procedures >= 56
2026-08-04 18:27:54 | INFO     | engineer             |   FE_no_procedures           : num_procedures == 0
2026-08-04 18:27:54 | INFO     | engineer             |   FE_lab_to_procedure_ratio  : num_lab_procedures / (num_procedures + 1)
2026-08-04 18:27:54 | INFO     | engineer             | --------------------------------------------------
2026-08-04 18:27:54 | INFO     | engineer             | Group E: Prior Utilization
2026-08-04 18:27:54 | INFO     | engineer             |   FE_total_prior_contacts    : inpatient + outpatient + emergency
2026-08-04 18:27:54 | INFO     | engineer             |   FE_has_prior_emergency     : number_emergency > 0
2026-08-04 18:27:54 | INFO     | engineer             |   FE_has_prior_inpatient     : number_inpatient > 0
2026-08-04 18:27:54 | INFO     | engineer             |   FE_high_prior_utilization  : total_prior_contacts >= 1.10
2026-08-04 18:27:54 | INFO     | engineer             |   FE_multi_channel_utilizer  : count of channels with > 0 visits
2026-08-04 18:27:54 | INFO     | engineer             | --------------------------------------------------
2026-08-04 18:27:54 | INFO     | engineer             | Group F: Diabetes Management
2026-08-04 18:27:54 | INFO     | engineer             |   FE_insulin_prescribed      : insulin > 0 (Steady/Up/Down)
2026-08-04 18:27:54 | INFO     | engineer             |   FE_insulin_changed         : insulin Up or Down
2026-08-04 18:27:54 | INFO     | engineer             |   FE_insulin_increased       : insulin Up only
2026-08-04 18:27:54 | INFO     | engineer             |   FE_metformin_prescribed    : metformin > 0
2026-08-04 18:27:54 | INFO     | engineer             |   FE_metformin_changed       : metformin Up or Down
2026-08-04 18:27:54 | INFO     | engineer             |   FE_on_diabetes_med         : diabetesMed (pass-through alias)
2026-08-04 18:27:54 | INFO     | engineer             |   FE_med_regimen_changed     : change (pass-through alias)
2026-08-04 18:27:54 | INFO     | engineer             |   FE_glycemic_risk_score     : sum of 3 glycemic indicators
2026-08-04 18:27:54 | INFO     | engineer             | --------------------------------------------------
2026-08-04 18:27:54 | INFO     | engineer             | Group G: Interaction Features
2026-08-04 18:27:54 | INFO     | engineer             |   FE_inpatient_x_polypharmacy : prior_inpatient × polypharmacy
2026-08-04 18:27:54 | INFO     | engineer             |   FE_high_util_x_med_change  : high_utilization × any_med_changed
2026-08-04 18:27:54 | INFO     | engineer             |   FE_comorbidity_x_lab_load  : high_comorbidity × high_lab_load
2026-08-04 18:27:54 | INFO     | engineer             |   FE_glycemic_x_emergency    : glycemic_risk_score × has_prior_emergency
2026-08-04 18:27:54 | INFO     | engineer             |   FE_labs_per_day_x_comorbidity : labs_per_day × high_comorbidity
2026-08-04 18:27:54 | INFO     | engineer             | --------------------------------------------------
2026-08-04 18:27:54 | INFO     | engineer             | Null audit on FE_ columns [val]
2026-08-04 18:27:54 | INFO     | engineer             |   All 38 FE_ columns are null-free — OK
2026-08-04 18:27:54 | INFO     | engineer             | ======================================================================
2026-08-04 18:27:54 | INFO     | engineer             | transform complete [val] — shape: (20949, 80)
2026-08-04 18:27:54 | INFO     | engineer             | ======================================================================
2026-08-04 18:27:54 | INFO     | engineer             | ======================================================================
2026-08-04 18:27:54 | INFO     | engineer             | DriftSentinel — Feature Engineer  [transform on TEST]
2026-08-04 18:27:54 | INFO     | engineer             | ======================================================================
2026-08-04 18:27:54 | INFO     | engineer             | Input shape  : (17325, 42)
2026-08-04 18:27:54 | INFO     | engineer             | --------------------------------------------------
2026-08-04 18:27:54 | INFO     | engineer             | Group A: Utilization Intensity
2026-08-04 18:27:54 | INFO     | engineer             |   FE_total_clinical_contacts : time + procedures + labs
2026-08-04 18:27:54 | INFO     | engineer             |   FE_labs_per_day            : num_lab_procedures / time_in_hospital
2026-08-04 18:27:54 | INFO     | engineer             |   FE_meds_per_day            : num_medications / time_in_hospital
2026-08-04 18:27:54 | INFO     | engineer             |   FE_procedure_density       : num_procedures / (num_lab_procedures + 1)
2026-08-04 18:27:54 | INFO     | engineer             |   FE_high_utilization        : >= 62.00  n=5,001
2026-08-04 18:27:54 | INFO     | engineer             | --------------------------------------------------
2026-08-04 18:27:54 | INFO     | engineer             | Group B: Medication Complexity
2026-08-04 18:27:54 | INFO     | engineer             |   FE_n_active_ordinal_meds   : sum of 9 ordinal meds > 0
2026-08-04 18:27:54 | INFO     | engineer             |   FE_n_active_binary_meds    : sum of 7 binary meds
2026-08-04 18:27:54 | INFO     | engineer             |   FE_total_active_meds       : ordinal_active + binary_active
2026-08-04 18:27:54 | INFO     | engineer             |   FE_n_med_changes           : meds with Up or Down dose
2026-08-04 18:27:54 | INFO     | engineer             |   FE_n_med_increases         : meds with Up dose only
2026-08-04 18:27:54 | INFO     | engineer             |   FE_n_med_decreases         : meds with Down dose only
2026-08-04 18:27:54 | INFO     | engineer             |   FE_any_med_changed         : binary flag, at least one dose change
2026-08-04 18:27:54 | INFO     | engineer             |   FE_polypharmacy            : total_active_meds >= 5 (clinical threshold)
2026-08-04 18:27:54 | INFO     | engineer             |   FE_med_coverage_ratio      : total_active_meds / (num_medications + 1)
2026-08-04 18:27:54 | INFO     | engineer             | --------------------------------------------------
2026-08-04 18:27:54 | INFO     | engineer             | Group C: Diagnosis Burden
2026-08-04 18:27:54 | INFO     | engineer             |   FE_high_comorbidity        : number_diagnoses >= 9
2026-08-04 18:27:54 | INFO     | engineer             |   FE_diagnoses_per_day       : number_diagnoses / time_in_hospital
2026-08-04 18:27:54 | INFO     | engineer             |   FE_diag_med_ratio          : number_diagnoses / (num_medications + 1)
2026-08-04 18:27:54 | INFO     | engineer             | --------------------------------------------------
2026-08-04 18:27:54 | INFO     | engineer             | Group D: Lab & Procedure Load
2026-08-04 18:27:54 | INFO     | engineer             |   FE_high_lab_load           : num_lab_procedures >= 56
2026-08-04 18:27:54 | INFO     | engineer             |   FE_no_procedures           : num_procedures == 0
2026-08-04 18:27:54 | INFO     | engineer             |   FE_lab_to_procedure_ratio  : num_lab_procedures / (num_procedures + 1)
2026-08-04 18:27:54 | INFO     | engineer             | --------------------------------------------------
2026-08-04 18:27:54 | INFO     | engineer             | Group E: Prior Utilization
2026-08-04 18:27:54 | INFO     | engineer             |   FE_total_prior_contacts    : inpatient + outpatient + emergency
2026-08-04 18:27:54 | INFO     | engineer             |   FE_has_prior_emergency     : number_emergency > 0
2026-08-04 18:27:54 | INFO     | engineer             |   FE_has_prior_inpatient     : number_inpatient > 0
2026-08-04 18:27:54 | INFO     | engineer             |   FE_high_prior_utilization  : total_prior_contacts >= 1.10
2026-08-04 18:27:54 | INFO     | engineer             |   FE_multi_channel_utilizer  : count of channels with > 0 visits
2026-08-04 18:27:54 | INFO     | engineer             | --------------------------------------------------
2026-08-04 18:27:54 | INFO     | engineer             | Group F: Diabetes Management
2026-08-04 18:27:54 | INFO     | engineer             |   FE_insulin_prescribed      : insulin > 0 (Steady/Up/Down)
2026-08-04 18:27:54 | INFO     | engineer             |   FE_insulin_changed         : insulin Up or Down
2026-08-04 18:27:54 | INFO     | engineer             |   FE_insulin_increased       : insulin Up only
2026-08-04 18:27:54 | INFO     | engineer             |   FE_metformin_prescribed    : metformin > 0
2026-08-04 18:27:54 | INFO     | engineer             |   FE_metformin_changed       : metformin Up or Down
2026-08-04 18:27:54 | INFO     | engineer             |   FE_on_diabetes_med         : diabetesMed (pass-through alias)
2026-08-04 18:27:54 | INFO     | engineer             |   FE_med_regimen_changed     : change (pass-through alias)
2026-08-04 18:27:54 | INFO     | engineer             |   FE_glycemic_risk_score     : sum of 3 glycemic indicators
2026-08-04 18:27:54 | INFO     | engineer             | --------------------------------------------------
2026-08-04 18:27:54 | INFO     | engineer             | Group G: Interaction Features
2026-08-04 18:27:54 | INFO     | engineer             |   FE_inpatient_x_polypharmacy : prior_inpatient × polypharmacy
2026-08-04 18:27:54 | INFO     | engineer             |   FE_high_util_x_med_change  : high_utilization × any_med_changed
2026-08-04 18:27:54 | INFO     | engineer             |   FE_comorbidity_x_lab_load  : high_comorbidity × high_lab_load
2026-08-04 18:27:54 | INFO     | engineer             |   FE_glycemic_x_emergency    : glycemic_risk_score × has_prior_emergency
2026-08-04 18:27:54 | INFO     | engineer             |   FE_labs_per_day_x_comorbidity : labs_per_day × high_comorbidity
2026-08-04 18:27:54 | INFO     | engineer             | --------------------------------------------------
2026-08-04 18:27:54 | INFO     | engineer             | Null audit on FE_ columns [test]
2026-08-04 18:27:54 | INFO     | engineer             |   All 38 FE_ columns are null-free — OK
2026-08-04 18:27:54 | INFO     | engineer             | ======================================================================
2026-08-04 18:27:54 | INFO     | engineer             | transform complete [test] — shape: (17325, 80)
2026-08-04 18:27:54 | INFO     | engineer             | ======================================================================
2026-08-04 18:30:20 | INFO     | engineer             | ===== RUN 20260804-183015-40a5e4 | pid=7752 | started 2026-08-04 18:30:20 =====
2026-08-04 18:30:20 | INFO     | engineer             | ======================================================================
2026-08-04 18:30:20 | INFO     | engineer             | DriftSentinel — Feature Engineer  [fit_transform on TRAIN]
2026-08-04 18:30:20 | INFO     | engineer             | ======================================================================
2026-08-04 18:30:20 | INFO     | engineer             | Input shape  : (63492, 42)
2026-08-04 18:30:20 | INFO     | engineer             | Existing FE_ columns: 0
2026-08-04 18:30:20 | INFO     | engineer             | --------------------------------------------------
2026-08-04 18:30:20 | INFO     | engineer             | Group A: Utilization Intensity
2026-08-04 18:30:20 | INFO     | engineer             |   FE_total_clinical_contacts : time + procedures + labs
2026-08-04 18:30:20 | INFO     | engineer             |   FE_labs_per_day            : num_lab_procedures / time_in_hospital
2026-08-04 18:30:20 | INFO     | engineer             |   FE_meds_per_day            : num_medications / time_in_hospital
2026-08-04 18:30:20 | INFO     | engineer             |   FE_procedure_density       : num_procedures / (num_lab_procedures + 1)
2026-08-04 18:30:20 | INFO     | engineer             |   FE_high_utilization threshold (Q75, train) = 62.00
2026-08-04 18:30:20 | INFO     | engineer             |   FE_high_utilization        : >= 62.00  n=16,716
2026-08-04 18:30:20 | INFO     | engineer             | --------------------------------------------------
2026-08-04 18:30:20 | INFO     | engineer             | Group B: Medication Complexity
2026-08-04 18:30:20 | INFO     | engineer             |   FE_n_active_ordinal_meds   : sum of 9 ordinal meds > 0
2026-08-04 18:30:20 | INFO     | engineer             |   FE_n_active_binary_meds    : sum of 7 binary meds
2026-08-04 18:30:20 | INFO     | engineer             |   FE_total_active_meds       : ordinal_active + binary_active
2026-08-04 18:30:20 | INFO     | engineer             |   FE_n_med_changes           : meds with Up or Down dose
2026-08-04 18:30:20 | INFO     | engineer             |   FE_n_med_increases         : meds with Up dose only
2026-08-04 18:30:20 | INFO     | engineer             |   FE_n_med_decreases         : meds with Down dose only
2026-08-04 18:30:20 | INFO     | engineer             |   FE_any_med_changed         : binary flag, at least one dose change
2026-08-04 18:30:20 | INFO     | engineer             |   FE_polypharmacy            : total_active_meds >= 5 (clinical threshold)
2026-08-04 18:30:20 | INFO     | engineer             |   FE_med_coverage_ratio      : total_active_meds / (num_medications + 1)
2026-08-04 18:30:20 | INFO     | engineer             | --------------------------------------------------
2026-08-04 18:30:20 | INFO     | engineer             | Group C: Diagnosis Burden
2026-08-04 18:30:20 | INFO     | engineer             |   FE_high_comorbidity threshold (Q75, train) = 9.00
2026-08-04 18:30:20 | INFO     | engineer             |   FE_high_comorbidity        : number_diagnoses >= 9
2026-08-04 18:30:20 | INFO     | engineer             |   FE_diagnoses_per_day       : number_diagnoses / time_in_hospital
2026-08-04 18:30:20 | INFO     | engineer             |   FE_diag_med_ratio          : number_diagnoses / (num_medications + 1)
2026-08-04 18:30:20 | INFO     | engineer             | --------------------------------------------------
2026-08-04 18:30:20 | INFO     | engineer             | Group D: Lab & Procedure Load
2026-08-04 18:30:20 | INFO     | engineer             |   FE_high_lab_load threshold (Q75, train) = 56.00
2026-08-04 18:30:20 | INFO     | engineer             |   FE_high_lab_load           : num_lab_procedures >= 56
2026-08-04 18:30:20 | INFO     | engineer             |   FE_no_procedures           : num_procedures == 0
2026-08-04 18:30:20 | INFO     | engineer             |   FE_lab_to_procedure_ratio  : num_lab_procedures / (num_procedures + 1)
2026-08-04 18:30:20 | INFO     | engineer             | --------------------------------------------------
2026-08-04 18:30:20 | INFO     | engineer             | Group E: Prior Utilization
2026-08-04 18:30:20 | INFO     | engineer             |   FE_total_prior_contacts    : inpatient + outpatient + emergency
2026-08-04 18:30:20 | INFO     | engineer             |   FE_has_prior_emergency     : number_emergency > 0
2026-08-04 18:30:20 | INFO     | engineer             |   FE_has_prior_inpatient     : number_inpatient > 0
2026-08-04 18:30:20 | INFO     | engineer             |   FE_high_prior_utilization threshold (Q75, train) = 1.10
2026-08-04 18:30:20 | INFO     | engineer             |   FE_high_prior_utilization  : total_prior_contacts >= 1.10
2026-08-04 18:30:20 | INFO     | engineer             |   FE_multi_channel_utilizer  : count of channels with > 0 visits
2026-08-04 18:30:20 | INFO     | engineer             | --------------------------------------------------
2026-08-04 18:30:20 | INFO     | engineer             | Group F: Diabetes Management
2026-08-04 18:30:20 | INFO     | engineer             |   FE_insulin_prescribed      : insulin > 0 (Steady/Up/Down)
2026-08-04 18:30:20 | INFO     | engineer             |   FE_insulin_changed         : insulin Up or Down
2026-08-04 18:30:20 | INFO     | engineer             |   FE_insulin_increased       : insulin Up only
2026-08-04 18:30:20 | INFO     | engineer             |   FE_metformin_prescribed    : metformin > 0
2026-08-04 18:30:20 | INFO     | engineer             |   FE_metformin_changed       : metformin Up or Down
2026-08-04 18:30:20 | INFO     | engineer             |   FE_on_diabetes_med         : diabetesMed (pass-through alias)
2026-08-04 18:30:20 | INFO     | engineer             |   FE_med_regimen_changed     : change (pass-through alias)
2026-08-04 18:30:20 | INFO     | engineer             |   FE_glycemic_risk_score     : sum of 3 glycemic indicators
2026-08-04 18:30:20 | INFO     | engineer             | --------------------------------------------------
2026-08-04 18:30:20 | INFO     | engineer             | Group G: Interaction Features
2026-08-04 18:30:20 | INFO     | engineer             |   FE_inpatient_x_polypharmacy : prior_inpatient × polypharmacy
2026-08-04 18:30:20 | INFO     | engineer             |   FE_high_util_x_med_change  : high_utilization × any_med_changed
2026-08-04 18:30:20 | INFO     | engineer             |   FE_comorbidity_x_lab_load  : high_comorbidity × high_lab_load
2026-08-04 18:30:20 | INFO     | engineer             |   FE_glycemic_x_emergency    : glycemic_risk_score × has_prior_emergency
2026-08-04 18:30:20 | INFO     | engineer             |   FE_labs_per_day_x_comorbidity : labs_per_day × high_comorbidity
2026-08-04 18:30:20 | INFO     | engineer             | --------------------------------------------------
2026-08-04 18:30:20 | INFO     | engineer             | Null audit on FE_ columns [train]
2026-08-04 18:30:20 | INFO     | engineer             |   All 38 FE_ columns are null-free — OK
2026-08-04 18:30:20 | INFO     | engineer             | --------------------------------------------------
2026-08-04 18:30:20 | INFO     | engineer             | Leakage guard: FE_ features vs target correlation
2026-08-04 18:30:20 | INFO     | engineer             |   Leakage guard passed — no |r| > 0.80 among 38 FE_ features
2026-08-04 18:30:20 | INFO     | engineer             |   fe_train_stats.json saved -> C:\Users\sharg\Desktop\github\DriftSentinel\outputs\artifacts\fe_train_stats.json
2026-08-04 18:30:20 | INFO     | engineer             |   fe_feature_names.json saved -> C:\Users\sharg\Desktop\github\DriftSentinel\outputs\artifacts\fe_feature_names.json
2026-08-04 18:30:20 | INFO     | engineer             |   feature_engineer.pkl saved -> C:\Users\sharg\Desktop\github\DriftSentinel\outputs\artifacts\feature_engineer.pkl
2026-08-04 18:30:20 | INFO     | engineer             | ======================================================================
2026-08-04 18:30:20 | INFO     | engineer             | fit_transform complete — shape: (63492, 80)
2026-08-04 18:30:20 | INFO     | engineer             | FE_ features created: 38
2026-08-04 18:30:20 | INFO     | engineer             | ======================================================================
2026-08-04 18:30:20 | INFO     | engineer             | ======================================================================
2026-08-04 18:30:20 | INFO     | engineer             | DriftSentinel — Feature Engineer  [transform on VAL]
2026-08-04 18:30:20 | INFO     | engineer             | ======================================================================
2026-08-04 18:30:20 | INFO     | engineer             | Input shape  : (20949, 42)
2026-08-04 18:30:20 | INFO     | engineer             | --------------------------------------------------
2026-08-04 18:30:20 | INFO     | engineer             | Group A: Utilization Intensity
2026-08-04 18:30:20 | INFO     | engineer             |   FE_total_clinical_contacts : time + procedures + labs
2026-08-04 18:30:20 | INFO     | engineer             |   FE_labs_per_day            : num_lab_procedures / time_in_hospital
2026-08-04 18:30:20 | INFO     | engineer             |   FE_meds_per_day            : num_medications / time_in_hospital
2026-08-04 18:30:20 | INFO     | engineer             |   FE_procedure_density       : num_procedures / (num_lab_procedures + 1)
2026-08-04 18:30:20 | INFO     | engineer             |   FE_high_utilization        : >= 62.00  n=6,392
2026-08-04 18:30:20 | INFO     | engineer             | --------------------------------------------------
2026-08-04 18:30:20 | INFO     | engineer             | Group B: Medication Complexity
2026-08-04 18:30:20 | INFO     | engineer             |   FE_n_active_ordinal_meds   : sum of 9 ordinal meds > 0
2026-08-04 18:30:20 | INFO     | engineer             |   FE_n_active_binary_meds    : sum of 7 binary meds
2026-08-04 18:30:20 | INFO     | engineer             |   FE_total_active_meds       : ordinal_active + binary_active
2026-08-04 18:30:20 | INFO     | engineer             |   FE_n_med_changes           : meds with Up or Down dose
2026-08-04 18:30:20 | INFO     | engineer             |   FE_n_med_increases         : meds with Up dose only
2026-08-04 18:30:20 | INFO     | engineer             |   FE_n_med_decreases         : meds with Down dose only
2026-08-04 18:30:20 | INFO     | engineer             |   FE_any_med_changed         : binary flag, at least one dose change
2026-08-04 18:30:20 | INFO     | engineer             |   FE_polypharmacy            : total_active_meds >= 5 (clinical threshold)
2026-08-04 18:30:20 | INFO     | engineer             |   FE_med_coverage_ratio      : total_active_meds / (num_medications + 1)
2026-08-04 18:30:20 | INFO     | engineer             | --------------------------------------------------
2026-08-04 18:30:20 | INFO     | engineer             | Group C: Diagnosis Burden
2026-08-04 18:30:20 | INFO     | engineer             |   FE_high_comorbidity        : number_diagnoses >= 9
2026-08-04 18:30:20 | INFO     | engineer             |   FE_diagnoses_per_day       : number_diagnoses / time_in_hospital
2026-08-04 18:30:20 | INFO     | engineer             |   FE_diag_med_ratio          : number_diagnoses / (num_medications + 1)
2026-08-04 18:30:20 | INFO     | engineer             | --------------------------------------------------
2026-08-04 18:30:20 | INFO     | engineer             | Group D: Lab & Procedure Load
2026-08-04 18:30:20 | INFO     | engineer             |   FE_high_lab_load           : num_lab_procedures >= 56
2026-08-04 18:30:20 | INFO     | engineer             |   FE_no_procedures           : num_procedures == 0
2026-08-04 18:30:20 | INFO     | engineer             |   FE_lab_to_procedure_ratio  : num_lab_procedures / (num_procedures + 1)
2026-08-04 18:30:20 | INFO     | engineer             | --------------------------------------------------
2026-08-04 18:30:20 | INFO     | engineer             | Group E: Prior Utilization
2026-08-04 18:30:20 | INFO     | engineer             |   FE_total_prior_contacts    : inpatient + outpatient + emergency
2026-08-04 18:30:20 | INFO     | engineer             |   FE_has_prior_emergency     : number_emergency > 0
2026-08-04 18:30:20 | INFO     | engineer             |   FE_has_prior_inpatient     : number_inpatient > 0
2026-08-04 18:30:20 | INFO     | engineer             |   FE_high_prior_utilization  : total_prior_contacts >= 1.10
2026-08-04 18:30:20 | INFO     | engineer             |   FE_multi_channel_utilizer  : count of channels with > 0 visits
2026-08-04 18:30:20 | INFO     | engineer             | --------------------------------------------------
2026-08-04 18:30:20 | INFO     | engineer             | Group F: Diabetes Management
2026-08-04 18:30:20 | INFO     | engineer             |   FE_insulin_prescribed      : insulin > 0 (Steady/Up/Down)
2026-08-04 18:30:20 | INFO     | engineer             |   FE_insulin_changed         : insulin Up or Down
2026-08-04 18:30:20 | INFO     | engineer             |   FE_insulin_increased       : insulin Up only
2026-08-04 18:30:20 | INFO     | engineer             |   FE_metformin_prescribed    : metformin > 0
2026-08-04 18:30:20 | INFO     | engineer             |   FE_metformin_changed       : metformin Up or Down
2026-08-04 18:30:20 | INFO     | engineer             |   FE_on_diabetes_med         : diabetesMed (pass-through alias)
2026-08-04 18:30:20 | INFO     | engineer             |   FE_med_regimen_changed     : change (pass-through alias)
2026-08-04 18:30:20 | INFO     | engineer             |   FE_glycemic_risk_score     : sum of 3 glycemic indicators
2026-08-04 18:30:20 | INFO     | engineer             | --------------------------------------------------
2026-08-04 18:30:20 | INFO     | engineer             | Group G: Interaction Features
2026-08-04 18:30:20 | INFO     | engineer             |   FE_inpatient_x_polypharmacy : prior_inpatient × polypharmacy
2026-08-04 18:30:20 | INFO     | engineer             |   FE_high_util_x_med_change  : high_utilization × any_med_changed
2026-08-04 18:30:20 | INFO     | engineer             |   FE_comorbidity_x_lab_load  : high_comorbidity × high_lab_load
2026-08-04 18:30:20 | INFO     | engineer             |   FE_glycemic_x_emergency    : glycemic_risk_score × has_prior_emergency
2026-08-04 18:30:20 | INFO     | engineer             |   FE_labs_per_day_x_comorbidity : labs_per_day × high_comorbidity
2026-08-04 18:30:20 | INFO     | engineer             | --------------------------------------------------
2026-08-04 18:30:20 | INFO     | engineer             | Null audit on FE_ columns [val]
2026-08-04 18:30:20 | INFO     | engineer             |   All 38 FE_ columns are null-free — OK
2026-08-04 18:30:20 | INFO     | engineer             | ======================================================================
2026-08-04 18:30:20 | INFO     | engineer             | transform complete [val] — shape: (20949, 80)
2026-08-04 18:30:20 | INFO     | engineer             | ======================================================================
2026-08-04 18:30:20 | INFO     | engineer             | ======================================================================
2026-08-04 18:30:20 | INFO     | engineer             | DriftSentinel — Feature Engineer  [transform on TEST]
2026-08-04 18:30:20 | INFO     | engineer             | ======================================================================
2026-08-04 18:30:20 | INFO     | engineer             | Input shape  : (17325, 42)
2026-08-04 18:30:20 | INFO     | engineer             | --------------------------------------------------
2026-08-04 18:30:20 | INFO     | engineer             | Group A: Utilization Intensity
2026-08-04 18:30:20 | INFO     | engineer             |   FE_total_clinical_contacts : time + procedures + labs
2026-08-04 18:30:20 | INFO     | engineer             |   FE_labs_per_day            : num_lab_procedures / time_in_hospital
2026-08-04 18:30:20 | INFO     | engineer             |   FE_meds_per_day            : num_medications / time_in_hospital
2026-08-04 18:30:20 | INFO     | engineer             |   FE_procedure_density       : num_procedures / (num_lab_procedures + 1)
2026-08-04 18:30:20 | INFO     | engineer             |   FE_high_utilization        : >= 62.00  n=5,001
2026-08-04 18:30:20 | INFO     | engineer             | --------------------------------------------------
2026-08-04 18:30:20 | INFO     | engineer             | Group B: Medication Complexity
2026-08-04 18:30:20 | INFO     | engineer             |   FE_n_active_ordinal_meds   : sum of 9 ordinal meds > 0
2026-08-04 18:30:20 | INFO     | engineer             |   FE_n_active_binary_meds    : sum of 7 binary meds
2026-08-04 18:30:20 | INFO     | engineer             |   FE_total_active_meds       : ordinal_active + binary_active
2026-08-04 18:30:20 | INFO     | engineer             |   FE_n_med_changes           : meds with Up or Down dose
2026-08-04 18:30:20 | INFO     | engineer             |   FE_n_med_increases         : meds with Up dose only
2026-08-04 18:30:20 | INFO     | engineer             |   FE_n_med_decreases         : meds with Down dose only
2026-08-04 18:30:20 | INFO     | engineer             |   FE_any_med_changed         : binary flag, at least one dose change
2026-08-04 18:30:20 | INFO     | engineer             |   FE_polypharmacy            : total_active_meds >= 5 (clinical threshold)
2026-08-04 18:30:20 | INFO     | engineer             |   FE_med_coverage_ratio      : total_active_meds / (num_medications + 1)
2026-08-04 18:30:20 | INFO     | engineer             | --------------------------------------------------
2026-08-04 18:30:20 | INFO     | engineer             | Group C: Diagnosis Burden
2026-08-04 18:30:20 | INFO     | engineer             |   FE_high_comorbidity        : number_diagnoses >= 9
2026-08-04 18:30:20 | INFO     | engineer             |   FE_diagnoses_per_day       : number_diagnoses / time_in_hospital
2026-08-04 18:30:20 | INFO     | engineer             |   FE_diag_med_ratio          : number_diagnoses / (num_medications + 1)
2026-08-04 18:30:20 | INFO     | engineer             | --------------------------------------------------
2026-08-04 18:30:20 | INFO     | engineer             | Group D: Lab & Procedure Load
2026-08-04 18:30:20 | INFO     | engineer             |   FE_high_lab_load           : num_lab_procedures >= 56
2026-08-04 18:30:20 | INFO     | engineer             |   FE_no_procedures           : num_procedures == 0
2026-08-04 18:30:20 | INFO     | engineer             |   FE_lab_to_procedure_ratio  : num_lab_procedures / (num_procedures + 1)
2026-08-04 18:30:20 | INFO     | engineer             | --------------------------------------------------
2026-08-04 18:30:20 | INFO     | engineer             | Group E: Prior Utilization
2026-08-04 18:30:20 | INFO     | engineer             |   FE_total_prior_contacts    : inpatient + outpatient + emergency
2026-08-04 18:30:20 | INFO     | engineer             |   FE_has_prior_emergency     : number_emergency > 0
2026-08-04 18:30:20 | INFO     | engineer             |   FE_has_prior_inpatient     : number_inpatient > 0
2026-08-04 18:30:20 | INFO     | engineer             |   FE_high_prior_utilization  : total_prior_contacts >= 1.10
2026-08-04 18:30:20 | INFO     | engineer             |   FE_multi_channel_utilizer  : count of channels with > 0 visits
2026-08-04 18:30:20 | INFO     | engineer             | --------------------------------------------------
2026-08-04 18:30:20 | INFO     | engineer             | Group F: Diabetes Management
2026-08-04 18:30:20 | INFO     | engineer             |   FE_insulin_prescribed      : insulin > 0 (Steady/Up/Down)
2026-08-04 18:30:20 | INFO     | engineer             |   FE_insulin_changed         : insulin Up or Down
2026-08-04 18:30:20 | INFO     | engineer             |   FE_insulin_increased       : insulin Up only
2026-08-04 18:30:20 | INFO     | engineer             |   FE_metformin_prescribed    : metformin > 0
2026-08-04 18:30:20 | INFO     | engineer             |   FE_metformin_changed       : metformin Up or Down
2026-08-04 18:30:20 | INFO     | engineer             |   FE_on_diabetes_med         : diabetesMed (pass-through alias)
2026-08-04 18:30:20 | INFO     | engineer             |   FE_med_regimen_changed     : change (pass-through alias)
2026-08-04 18:30:20 | INFO     | engineer             |   FE_glycemic_risk_score     : sum of 3 glycemic indicators
2026-08-04 18:30:20 | INFO     | engineer             | --------------------------------------------------
2026-08-04 18:30:20 | INFO     | engineer             | Group G: Interaction Features
2026-08-04 18:30:20 | INFO     | engineer             |   FE_inpatient_x_polypharmacy : prior_inpatient × polypharmacy
2026-08-04 18:30:20 | INFO     | engineer             |   FE_high_util_x_med_change  : high_utilization × any_med_changed
2026-08-04 18:30:20 | INFO     | engineer             |   FE_comorbidity_x_lab_load  : high_comorbidity × high_lab_load
2026-08-04 18:30:20 | INFO     | engineer             |   FE_glycemic_x_emergency    : glycemic_risk_score × has_prior_emergency
2026-08-04 18:30:20 | INFO     | engineer             |   FE_labs_per_day_x_comorbidity : labs_per_day × high_comorbidity
2026-08-04 18:30:20 | INFO     | engineer             | --------------------------------------------------
2026-08-04 18:30:20 | INFO     | engineer             | Null audit on FE_ columns [test]
2026-08-04 18:30:20 | INFO     | engineer             |   All 38 FE_ columns are null-free — OK
2026-08-04 18:30:20 | INFO     | engineer             | ======================================================================
2026-08-04 18:30:20 | INFO     | engineer             | transform complete [test] — shape: (17325, 80)
2026-08-04 18:30:20 | INFO     | engineer             | ======================================================================
2026-08-04 18:33:34 | INFO     | engineer             | ===== RUN 20260804-183329-4cf69f | pid=16904 | started 2026-08-04 18:33:34 =====
2026-08-04 18:33:34 | INFO     | engineer             | ======================================================================
2026-08-04 18:33:34 | INFO     | engineer             | DriftSentinel — Feature Engineer  [fit_transform on TRAIN]
2026-08-04 18:33:34 | INFO     | engineer             | ======================================================================
2026-08-04 18:33:34 | INFO     | engineer             | Input shape  : (63492, 42)
2026-08-04 18:33:34 | INFO     | engineer             | Existing FE_ columns: 0
2026-08-04 18:33:34 | INFO     | engineer             | --------------------------------------------------
2026-08-04 18:33:34 | INFO     | engineer             | Group A: Utilization Intensity
2026-08-04 18:33:34 | INFO     | engineer             |   FE_total_clinical_contacts : time + procedures + labs
2026-08-04 18:33:34 | INFO     | engineer             |   FE_labs_per_day            : num_lab_procedures / time_in_hospital
2026-08-04 18:33:34 | INFO     | engineer             |   FE_meds_per_day            : num_medications / time_in_hospital
2026-08-04 18:33:34 | INFO     | engineer             |   FE_procedure_density       : num_procedures / (num_lab_procedures + 1)
2026-08-04 18:33:34 | INFO     | engineer             |   FE_high_utilization threshold (Q75, train) = 62.00
2026-08-04 18:33:34 | INFO     | engineer             |   FE_high_utilization        : >= 62.00  n=16,716
2026-08-04 18:33:34 | INFO     | engineer             | --------------------------------------------------
2026-08-04 18:33:34 | INFO     | engineer             | Group B: Medication Complexity
2026-08-04 18:33:34 | INFO     | engineer             |   FE_n_active_ordinal_meds   : sum of 9 ordinal meds > 0
2026-08-04 18:33:34 | INFO     | engineer             |   FE_n_active_binary_meds    : sum of 7 binary meds
2026-08-04 18:33:34 | INFO     | engineer             |   FE_total_active_meds       : ordinal_active + binary_active
2026-08-04 18:33:34 | INFO     | engineer             |   FE_n_med_changes           : meds with Up or Down dose
2026-08-04 18:33:34 | INFO     | engineer             |   FE_n_med_increases         : meds with Up dose only
2026-08-04 18:33:34 | INFO     | engineer             |   FE_n_med_decreases         : meds with Down dose only
2026-08-04 18:33:34 | INFO     | engineer             |   FE_any_med_changed         : binary flag, at least one dose change
2026-08-04 18:33:34 | INFO     | engineer             |   FE_polypharmacy            : total_active_meds >= 5 (clinical threshold)
2026-08-04 18:33:34 | INFO     | engineer             |   FE_med_coverage_ratio      : total_active_meds / (num_medications + 1)
2026-08-04 18:33:34 | INFO     | engineer             | --------------------------------------------------
2026-08-04 18:33:34 | INFO     | engineer             | Group C: Diagnosis Burden
2026-08-04 18:33:34 | INFO     | engineer             |   FE_high_comorbidity threshold (Q75, train) = 9.00
2026-08-04 18:33:34 | INFO     | engineer             |   FE_high_comorbidity        : number_diagnoses >= 9
2026-08-04 18:33:34 | INFO     | engineer             |   FE_diagnoses_per_day       : number_diagnoses / time_in_hospital
2026-08-04 18:33:34 | INFO     | engineer             |   FE_diag_med_ratio          : number_diagnoses / (num_medications + 1)
2026-08-04 18:33:34 | INFO     | engineer             | --------------------------------------------------
2026-08-04 18:33:34 | INFO     | engineer             | Group D: Lab & Procedure Load
2026-08-04 18:33:34 | INFO     | engineer             |   FE_high_lab_load threshold (Q75, train) = 56.00
2026-08-04 18:33:34 | INFO     | engineer             |   FE_high_lab_load           : num_lab_procedures >= 56
2026-08-04 18:33:34 | INFO     | engineer             |   FE_no_procedures           : num_procedures == 0
2026-08-04 18:33:34 | INFO     | engineer             |   FE_lab_to_procedure_ratio  : num_lab_procedures / (num_procedures + 1)
2026-08-04 18:33:34 | INFO     | engineer             | --------------------------------------------------
2026-08-04 18:33:34 | INFO     | engineer             | Group E: Prior Utilization
2026-08-04 18:33:34 | INFO     | engineer             |   FE_total_prior_contacts    : inpatient + outpatient + emergency
2026-08-04 18:33:34 | INFO     | engineer             |   FE_has_prior_emergency     : number_emergency > 0
2026-08-04 18:33:34 | INFO     | engineer             |   FE_has_prior_inpatient     : number_inpatient > 0
2026-08-04 18:33:34 | INFO     | engineer             |   FE_high_prior_utilization threshold (Q75, train) = 1.10
2026-08-04 18:33:34 | INFO     | engineer             |   FE_high_prior_utilization  : total_prior_contacts >= 1.10
2026-08-04 18:33:34 | INFO     | engineer             |   FE_multi_channel_utilizer  : count of channels with > 0 visits
2026-08-04 18:33:34 | INFO     | engineer             | --------------------------------------------------
2026-08-04 18:33:34 | INFO     | engineer             | Group F: Diabetes Management
2026-08-04 18:33:34 | INFO     | engineer             |   FE_insulin_prescribed      : insulin > 0 (Steady/Up/Down)
2026-08-04 18:33:34 | INFO     | engineer             |   FE_insulin_changed         : insulin Up or Down
2026-08-04 18:33:34 | INFO     | engineer             |   FE_insulin_increased       : insulin Up only
2026-08-04 18:33:34 | INFO     | engineer             |   FE_metformin_prescribed    : metformin > 0
2026-08-04 18:33:34 | INFO     | engineer             |   FE_metformin_changed       : metformin Up or Down
2026-08-04 18:33:34 | INFO     | engineer             |   FE_on_diabetes_med         : diabetesMed (pass-through alias)
2026-08-04 18:33:34 | INFO     | engineer             |   FE_med_regimen_changed     : change (pass-through alias)
2026-08-04 18:33:34 | INFO     | engineer             |   FE_glycemic_risk_score     : sum of 3 glycemic indicators
2026-08-04 18:33:34 | INFO     | engineer             | --------------------------------------------------
2026-08-04 18:33:34 | INFO     | engineer             | Group G: Interaction Features
2026-08-04 18:33:34 | INFO     | engineer             |   FE_inpatient_x_polypharmacy : prior_inpatient × polypharmacy
2026-08-04 18:33:34 | INFO     | engineer             |   FE_high_util_x_med_change  : high_utilization × any_med_changed
2026-08-04 18:33:34 | INFO     | engineer             |   FE_comorbidity_x_lab_load  : high_comorbidity × high_lab_load
2026-08-04 18:33:34 | INFO     | engineer             |   FE_glycemic_x_emergency    : glycemic_risk_score × has_prior_emergency
2026-08-04 18:33:34 | INFO     | engineer             |   FE_labs_per_day_x_comorbidity : labs_per_day × high_comorbidity
2026-08-04 18:33:34 | INFO     | engineer             | --------------------------------------------------
2026-08-04 18:33:34 | INFO     | engineer             | Null audit on FE_ columns [train]
2026-08-04 18:33:34 | INFO     | engineer             |   All 38 FE_ columns are null-free — OK
2026-08-04 18:33:34 | INFO     | engineer             | --------------------------------------------------
2026-08-04 18:33:34 | INFO     | engineer             | Leakage guard: FE_ features vs target correlation
2026-08-04 18:33:34 | INFO     | engineer             |   Leakage guard passed — no |r| > 0.80 among 38 FE_ features
2026-08-04 18:33:34 | INFO     | engineer             |   fe_train_stats.json saved -> C:\Users\sharg\Desktop\github\DriftSentinel\outputs\artifacts\fe_train_stats.json
2026-08-04 18:33:34 | INFO     | engineer             |   fe_feature_names.json saved -> C:\Users\sharg\Desktop\github\DriftSentinel\outputs\artifacts\fe_feature_names.json
2026-08-04 18:33:34 | INFO     | engineer             |   feature_engineer.pkl saved -> C:\Users\sharg\Desktop\github\DriftSentinel\outputs\artifacts\feature_engineer.pkl
2026-08-04 18:33:34 | INFO     | engineer             | ======================================================================
2026-08-04 18:33:34 | INFO     | engineer             | fit_transform complete — shape: (63492, 80)
2026-08-04 18:33:34 | INFO     | engineer             | FE_ features created: 38
2026-08-04 18:33:34 | INFO     | engineer             | ======================================================================
2026-08-04 18:33:34 | INFO     | engineer             | ======================================================================
2026-08-04 18:33:34 | INFO     | engineer             | DriftSentinel — Feature Engineer  [transform on VAL]
2026-08-04 18:33:34 | INFO     | engineer             | ======================================================================
2026-08-04 18:33:34 | INFO     | engineer             | Input shape  : (20949, 42)
2026-08-04 18:33:34 | INFO     | engineer             | --------------------------------------------------
2026-08-04 18:33:34 | INFO     | engineer             | Group A: Utilization Intensity
2026-08-04 18:33:34 | INFO     | engineer             |   FE_total_clinical_contacts : time + procedures + labs
2026-08-04 18:33:34 | INFO     | engineer             |   FE_labs_per_day            : num_lab_procedures / time_in_hospital
2026-08-04 18:33:34 | INFO     | engineer             |   FE_meds_per_day            : num_medications / time_in_hospital
2026-08-04 18:33:34 | INFO     | engineer             |   FE_procedure_density       : num_procedures / (num_lab_procedures + 1)
2026-08-04 18:33:34 | INFO     | engineer             |   FE_high_utilization        : >= 62.00  n=6,392
2026-08-04 18:33:34 | INFO     | engineer             | --------------------------------------------------
2026-08-04 18:33:34 | INFO     | engineer             | Group B: Medication Complexity
2026-08-04 18:33:34 | INFO     | engineer             |   FE_n_active_ordinal_meds   : sum of 9 ordinal meds > 0
2026-08-04 18:33:34 | INFO     | engineer             |   FE_n_active_binary_meds    : sum of 7 binary meds
2026-08-04 18:33:34 | INFO     | engineer             |   FE_total_active_meds       : ordinal_active + binary_active
2026-08-04 18:33:34 | INFO     | engineer             |   FE_n_med_changes           : meds with Up or Down dose
2026-08-04 18:33:34 | INFO     | engineer             |   FE_n_med_increases         : meds with Up dose only
2026-08-04 18:33:34 | INFO     | engineer             |   FE_n_med_decreases         : meds with Down dose only
2026-08-04 18:33:34 | INFO     | engineer             |   FE_any_med_changed         : binary flag, at least one dose change
2026-08-04 18:33:34 | INFO     | engineer             |   FE_polypharmacy            : total_active_meds >= 5 (clinical threshold)
2026-08-04 18:33:34 | INFO     | engineer             |   FE_med_coverage_ratio      : total_active_meds / (num_medications + 1)
2026-08-04 18:33:34 | INFO     | engineer             | --------------------------------------------------
2026-08-04 18:33:34 | INFO     | engineer             | Group C: Diagnosis Burden
2026-08-04 18:33:34 | INFO     | engineer             |   FE_high_comorbidity        : number_diagnoses >= 9
2026-08-04 18:33:34 | INFO     | engineer             |   FE_diagnoses_per_day       : number_diagnoses / time_in_hospital
2026-08-04 18:33:34 | INFO     | engineer             |   FE_diag_med_ratio          : number_diagnoses / (num_medications + 1)
2026-08-04 18:33:34 | INFO     | engineer             | --------------------------------------------------
2026-08-04 18:33:34 | INFO     | engineer             | Group D: Lab & Procedure Load
2026-08-04 18:33:34 | INFO     | engineer             |   FE_high_lab_load           : num_lab_procedures >= 56
2026-08-04 18:33:34 | INFO     | engineer             |   FE_no_procedures           : num_procedures == 0
2026-08-04 18:33:34 | INFO     | engineer             |   FE_lab_to_procedure_ratio  : num_lab_procedures / (num_procedures + 1)
2026-08-04 18:33:34 | INFO     | engineer             | --------------------------------------------------
2026-08-04 18:33:34 | INFO     | engineer             | Group E: Prior Utilization
2026-08-04 18:33:34 | INFO     | engineer             |   FE_total_prior_contacts    : inpatient + outpatient + emergency
2026-08-04 18:33:34 | INFO     | engineer             |   FE_has_prior_emergency     : number_emergency > 0
2026-08-04 18:33:34 | INFO     | engineer             |   FE_has_prior_inpatient     : number_inpatient > 0
2026-08-04 18:33:34 | INFO     | engineer             |   FE_high_prior_utilization  : total_prior_contacts >= 1.10
2026-08-04 18:33:34 | INFO     | engineer             |   FE_multi_channel_utilizer  : count of channels with > 0 visits
2026-08-04 18:33:34 | INFO     | engineer             | --------------------------------------------------
2026-08-04 18:33:34 | INFO     | engineer             | Group F: Diabetes Management
2026-08-04 18:33:34 | INFO     | engineer             |   FE_insulin_prescribed      : insulin > 0 (Steady/Up/Down)
2026-08-04 18:33:34 | INFO     | engineer             |   FE_insulin_changed         : insulin Up or Down
2026-08-04 18:33:34 | INFO     | engineer             |   FE_insulin_increased       : insulin Up only
2026-08-04 18:33:34 | INFO     | engineer             |   FE_metformin_prescribed    : metformin > 0
2026-08-04 18:33:34 | INFO     | engineer             |   FE_metformin_changed       : metformin Up or Down
2026-08-04 18:33:34 | INFO     | engineer             |   FE_on_diabetes_med         : diabetesMed (pass-through alias)
2026-08-04 18:33:34 | INFO     | engineer             |   FE_med_regimen_changed     : change (pass-through alias)
2026-08-04 18:33:34 | INFO     | engineer             |   FE_glycemic_risk_score     : sum of 3 glycemic indicators
2026-08-04 18:33:34 | INFO     | engineer             | --------------------------------------------------
2026-08-04 18:33:34 | INFO     | engineer             | Group G: Interaction Features
2026-08-04 18:33:34 | INFO     | engineer             |   FE_inpatient_x_polypharmacy : prior_inpatient × polypharmacy
2026-08-04 18:33:34 | INFO     | engineer             |   FE_high_util_x_med_change  : high_utilization × any_med_changed
2026-08-04 18:33:34 | INFO     | engineer             |   FE_comorbidity_x_lab_load  : high_comorbidity × high_lab_load
2026-08-04 18:33:34 | INFO     | engineer             |   FE_glycemic_x_emergency    : glycemic_risk_score × has_prior_emergency
2026-08-04 18:33:34 | INFO     | engineer             |   FE_labs_per_day_x_comorbidity : labs_per_day × high_comorbidity
2026-08-04 18:33:34 | INFO     | engineer             | --------------------------------------------------
2026-08-04 18:33:34 | INFO     | engineer             | Null audit on FE_ columns [val]
2026-08-04 18:33:34 | INFO     | engineer             |   All 38 FE_ columns are null-free — OK
2026-08-04 18:33:34 | INFO     | engineer             | ======================================================================
2026-08-04 18:33:34 | INFO     | engineer             | transform complete [val] — shape: (20949, 80)
2026-08-04 18:33:34 | INFO     | engineer             | ======================================================================
2026-08-04 18:33:34 | INFO     | engineer             | ======================================================================
2026-08-04 18:33:34 | INFO     | engineer             | DriftSentinel — Feature Engineer  [transform on TEST]
2026-08-04 18:33:34 | INFO     | engineer             | ======================================================================
2026-08-04 18:33:34 | INFO     | engineer             | Input shape  : (17325, 42)
2026-08-04 18:33:34 | INFO     | engineer             | --------------------------------------------------
2026-08-04 18:33:34 | INFO     | engineer             | Group A: Utilization Intensity
2026-08-04 18:33:34 | INFO     | engineer             |   FE_total_clinical_contacts : time + procedures + labs
2026-08-04 18:33:34 | INFO     | engineer             |   FE_labs_per_day            : num_lab_procedures / time_in_hospital
2026-08-04 18:33:34 | INFO     | engineer             |   FE_meds_per_day            : num_medications / time_in_hospital
2026-08-04 18:33:34 | INFO     | engineer             |   FE_procedure_density       : num_procedures / (num_lab_procedures + 1)
2026-08-04 18:33:34 | INFO     | engineer             |   FE_high_utilization        : >= 62.00  n=5,001
2026-08-04 18:33:34 | INFO     | engineer             | --------------------------------------------------
2026-08-04 18:33:34 | INFO     | engineer             | Group B: Medication Complexity
2026-08-04 18:33:34 | INFO     | engineer             |   FE_n_active_ordinal_meds   : sum of 9 ordinal meds > 0
2026-08-04 18:33:34 | INFO     | engineer             |   FE_n_active_binary_meds    : sum of 7 binary meds
2026-08-04 18:33:34 | INFO     | engineer             |   FE_total_active_meds       : ordinal_active + binary_active
2026-08-04 18:33:34 | INFO     | engineer             |   FE_n_med_changes           : meds with Up or Down dose
2026-08-04 18:33:34 | INFO     | engineer             |   FE_n_med_increases         : meds with Up dose only
2026-08-04 18:33:34 | INFO     | engineer             |   FE_n_med_decreases         : meds with Down dose only
2026-08-04 18:33:34 | INFO     | engineer             |   FE_any_med_changed         : binary flag, at least one dose change
2026-08-04 18:33:34 | INFO     | engineer             |   FE_polypharmacy            : total_active_meds >= 5 (clinical threshold)
2026-08-04 18:33:34 | INFO     | engineer             |   FE_med_coverage_ratio      : total_active_meds / (num_medications + 1)
2026-08-04 18:33:34 | INFO     | engineer             | --------------------------------------------------
2026-08-04 18:33:34 | INFO     | engineer             | Group C: Diagnosis Burden
2026-08-04 18:33:34 | INFO     | engineer             |   FE_high_comorbidity        : number_diagnoses >= 9
2026-08-04 18:33:34 | INFO     | engineer             |   FE_diagnoses_per_day       : number_diagnoses / time_in_hospital
2026-08-04 18:33:34 | INFO     | engineer             |   FE_diag_med_ratio          : number_diagnoses / (num_medications + 1)
2026-08-04 18:33:34 | INFO     | engineer             | --------------------------------------------------
2026-08-04 18:33:34 | INFO     | engineer             | Group D: Lab & Procedure Load
2026-08-04 18:33:34 | INFO     | engineer             |   FE_high_lab_load           : num_lab_procedures >= 56
2026-08-04 18:33:34 | INFO     | engineer             |   FE_no_procedures           : num_procedures == 0
2026-08-04 18:33:34 | INFO     | engineer             |   FE_lab_to_procedure_ratio  : num_lab_procedures / (num_procedures + 1)
2026-08-04 18:33:34 | INFO     | engineer             | --------------------------------------------------
2026-08-04 18:33:34 | INFO     | engineer             | Group E: Prior Utilization
2026-08-04 18:33:34 | INFO     | engineer             |   FE_total_prior_contacts    : inpatient + outpatient + emergency
2026-08-04 18:33:34 | INFO     | engineer             |   FE_has_prior_emergency     : number_emergency > 0
2026-08-04 18:33:34 | INFO     | engineer             |   FE_has_prior_inpatient     : number_inpatient > 0
2026-08-04 18:33:34 | INFO     | engineer             |   FE_high_prior_utilization  : total_prior_contacts >= 1.10
2026-08-04 18:33:34 | INFO     | engineer             |   FE_multi_channel_utilizer  : count of channels with > 0 visits
2026-08-04 18:33:34 | INFO     | engineer             | --------------------------------------------------
2026-08-04 18:33:34 | INFO     | engineer             | Group F: Diabetes Management
2026-08-04 18:33:34 | INFO     | engineer             |   FE_insulin_prescribed      : insulin > 0 (Steady/Up/Down)
2026-08-04 18:33:34 | INFO     | engineer             |   FE_insulin_changed         : insulin Up or Down
2026-08-04 18:33:34 | INFO     | engineer             |   FE_insulin_increased       : insulin Up only
2026-08-04 18:33:34 | INFO     | engineer             |   FE_metformin_prescribed    : metformin > 0
2026-08-04 18:33:34 | INFO     | engineer             |   FE_metformin_changed       : metformin Up or Down
2026-08-04 18:33:34 | INFO     | engineer             |   FE_on_diabetes_med         : diabetesMed (pass-through alias)
2026-08-04 18:33:34 | INFO     | engineer             |   FE_med_regimen_changed     : change (pass-through alias)
2026-08-04 18:33:34 | INFO     | engineer             |   FE_glycemic_risk_score     : sum of 3 glycemic indicators
2026-08-04 18:33:34 | INFO     | engineer             | --------------------------------------------------
2026-08-04 18:33:34 | INFO     | engineer             | Group G: Interaction Features
2026-08-04 18:33:34 | INFO     | engineer             |   FE_inpatient_x_polypharmacy : prior_inpatient × polypharmacy
2026-08-04 18:33:34 | INFO     | engineer             |   FE_high_util_x_med_change  : high_utilization × any_med_changed
2026-08-04 18:33:34 | INFO     | engineer             |   FE_comorbidity_x_lab_load  : high_comorbidity × high_lab_load
2026-08-04 18:33:34 | INFO     | engineer             |   FE_glycemic_x_emergency    : glycemic_risk_score × has_prior_emergency
2026-08-04 18:33:34 | INFO     | engineer             |   FE_labs_per_day_x_comorbidity : labs_per_day × high_comorbidity
2026-08-04 18:33:34 | INFO     | engineer             | --------------------------------------------------
2026-08-04 18:33:34 | INFO     | engineer             | Null audit on FE_ columns [test]
2026-08-04 18:33:34 | INFO     | engineer             |   All 38 FE_ columns are null-free — OK
2026-08-04 18:33:34 | INFO     | engineer             | ======================================================================
2026-08-04 18:33:34 | INFO     | engineer             | transform complete [test] — shape: (17325, 80)
2026-08-04 18:33:34 | INFO     | engineer             | ======================================================================
2026-08-04 18:37:24 | INFO     | engineer             | ===== RUN 20260804-183719-0dc347 | pid=22080 | started 2026-08-04 18:37:24 =====
2026-08-04 18:37:24 | INFO     | engineer             | ======================================================================
2026-08-04 18:37:24 | INFO     | engineer             | DriftSentinel — Feature Engineer  [fit_transform on TRAIN]
2026-08-04 18:37:24 | INFO     | engineer             | ======================================================================
2026-08-04 18:37:24 | INFO     | engineer             | Input shape  : (63492, 42)
2026-08-04 18:37:24 | INFO     | engineer             | Existing FE_ columns: 0
2026-08-04 18:37:24 | INFO     | engineer             | --------------------------------------------------
2026-08-04 18:37:24 | INFO     | engineer             | Group A: Utilization Intensity
2026-08-04 18:37:24 | INFO     | engineer             |   FE_total_clinical_contacts : time + procedures + labs
2026-08-04 18:37:24 | INFO     | engineer             |   FE_labs_per_day            : num_lab_procedures / time_in_hospital
2026-08-04 18:37:24 | INFO     | engineer             |   FE_meds_per_day            : num_medications / time_in_hospital
2026-08-04 18:37:24 | INFO     | engineer             |   FE_procedure_density       : num_procedures / (num_lab_procedures + 1)
2026-08-04 18:37:24 | INFO     | engineer             |   FE_high_utilization threshold (Q75, train) = 62.00
2026-08-04 18:37:24 | INFO     | engineer             |   FE_high_utilization        : >= 62.00  n=16,716
2026-08-04 18:37:24 | INFO     | engineer             | --------------------------------------------------
2026-08-04 18:37:24 | INFO     | engineer             | Group B: Medication Complexity
2026-08-04 18:37:24 | INFO     | engineer             |   FE_n_active_ordinal_meds   : sum of 9 ordinal meds > 0
2026-08-04 18:37:24 | INFO     | engineer             |   FE_n_active_binary_meds    : sum of 7 binary meds
2026-08-04 18:37:24 | INFO     | engineer             |   FE_total_active_meds       : ordinal_active + binary_active
2026-08-04 18:37:24 | INFO     | engineer             |   FE_n_med_changes           : meds with Up or Down dose
2026-08-04 18:37:24 | INFO     | engineer             |   FE_n_med_increases         : meds with Up dose only
2026-08-04 18:37:24 | INFO     | engineer             |   FE_n_med_decreases         : meds with Down dose only
2026-08-04 18:37:24 | INFO     | engineer             |   FE_any_med_changed         : binary flag, at least one dose change
2026-08-04 18:37:24 | INFO     | engineer             |   FE_polypharmacy            : total_active_meds >= 5 (clinical threshold)
2026-08-04 18:37:24 | INFO     | engineer             |   FE_med_coverage_ratio      : total_active_meds / (num_medications + 1)
2026-08-04 18:37:24 | INFO     | engineer             | --------------------------------------------------
2026-08-04 18:37:24 | INFO     | engineer             | Group C: Diagnosis Burden
2026-08-04 18:37:24 | INFO     | engineer             |   FE_high_comorbidity threshold (Q75, train) = 9.00
2026-08-04 18:37:24 | INFO     | engineer             |   FE_high_comorbidity        : number_diagnoses >= 9
2026-08-04 18:37:24 | INFO     | engineer             |   FE_diagnoses_per_day       : number_diagnoses / time_in_hospital
2026-08-04 18:37:24 | INFO     | engineer             |   FE_diag_med_ratio          : number_diagnoses / (num_medications + 1)
2026-08-04 18:37:24 | INFO     | engineer             | --------------------------------------------------
2026-08-04 18:37:24 | INFO     | engineer             | Group D: Lab & Procedure Load
2026-08-04 18:37:24 | INFO     | engineer             |   FE_high_lab_load threshold (Q75, train) = 56.00
2026-08-04 18:37:24 | INFO     | engineer             |   FE_high_lab_load           : num_lab_procedures >= 56
2026-08-04 18:37:24 | INFO     | engineer             |   FE_no_procedures           : num_procedures == 0
2026-08-04 18:37:24 | INFO     | engineer             |   FE_lab_to_procedure_ratio  : num_lab_procedures / (num_procedures + 1)
2026-08-04 18:37:24 | INFO     | engineer             | --------------------------------------------------
2026-08-04 18:37:24 | INFO     | engineer             | Group E: Prior Utilization
2026-08-04 18:37:24 | INFO     | engineer             |   FE_total_prior_contacts    : inpatient + outpatient + emergency
2026-08-04 18:37:24 | INFO     | engineer             |   FE_has_prior_emergency     : number_emergency > 0
2026-08-04 18:37:24 | INFO     | engineer             |   FE_has_prior_inpatient     : number_inpatient > 0
2026-08-04 18:37:24 | INFO     | engineer             |   FE_high_prior_utilization threshold (Q75, train) = 1.10
2026-08-04 18:37:24 | INFO     | engineer             |   FE_high_prior_utilization  : total_prior_contacts >= 1.10
2026-08-04 18:37:24 | INFO     | engineer             |   FE_multi_channel_utilizer  : count of channels with > 0 visits
2026-08-04 18:37:24 | INFO     | engineer             | --------------------------------------------------
2026-08-04 18:37:24 | INFO     | engineer             | Group F: Diabetes Management
2026-08-04 18:37:24 | INFO     | engineer             |   FE_insulin_prescribed      : insulin > 0 (Steady/Up/Down)
2026-08-04 18:37:24 | INFO     | engineer             |   FE_insulin_changed         : insulin Up or Down
2026-08-04 18:37:24 | INFO     | engineer             |   FE_insulin_increased       : insulin Up only
2026-08-04 18:37:24 | INFO     | engineer             |   FE_metformin_prescribed    : metformin > 0
2026-08-04 18:37:24 | INFO     | engineer             |   FE_metformin_changed       : metformin Up or Down
2026-08-04 18:37:24 | INFO     | engineer             |   FE_on_diabetes_med         : diabetesMed (pass-through alias)
2026-08-04 18:37:24 | INFO     | engineer             |   FE_med_regimen_changed     : change (pass-through alias)
2026-08-04 18:37:24 | INFO     | engineer             |   FE_glycemic_risk_score     : sum of 3 glycemic indicators
2026-08-04 18:37:24 | INFO     | engineer             | --------------------------------------------------
2026-08-04 18:37:24 | INFO     | engineer             | Group G: Interaction Features
2026-08-04 18:37:24 | INFO     | engineer             |   FE_inpatient_x_polypharmacy : prior_inpatient × polypharmacy
2026-08-04 18:37:24 | INFO     | engineer             |   FE_high_util_x_med_change  : high_utilization × any_med_changed
2026-08-04 18:37:24 | INFO     | engineer             |   FE_comorbidity_x_lab_load  : high_comorbidity × high_lab_load
2026-08-04 18:37:24 | INFO     | engineer             |   FE_glycemic_x_emergency    : glycemic_risk_score × has_prior_emergency
2026-08-04 18:37:24 | INFO     | engineer             |   FE_labs_per_day_x_comorbidity : labs_per_day × high_comorbidity
2026-08-04 18:37:24 | INFO     | engineer             | --------------------------------------------------
2026-08-04 18:37:24 | INFO     | engineer             | Null audit on FE_ columns [train]
2026-08-04 18:37:24 | INFO     | engineer             |   All 38 FE_ columns are null-free — OK
2026-08-04 18:37:24 | INFO     | engineer             | --------------------------------------------------
2026-08-04 18:37:24 | INFO     | engineer             | Leakage guard: FE_ features vs target correlation
2026-08-04 18:37:24 | INFO     | engineer             |   Leakage guard passed — no |r| > 0.80 among 38 FE_ features
2026-08-04 18:37:24 | INFO     | engineer             |   fe_train_stats.json saved -> C:\Users\sharg\Desktop\github\DriftSentinel\outputs\artifacts\fe_train_stats.json
2026-08-04 18:37:24 | INFO     | engineer             |   fe_feature_names.json saved -> C:\Users\sharg\Desktop\github\DriftSentinel\outputs\artifacts\fe_feature_names.json
2026-08-04 18:37:24 | INFO     | engineer             |   feature_engineer.pkl saved -> C:\Users\sharg\Desktop\github\DriftSentinel\outputs\artifacts\feature_engineer.pkl
2026-08-04 18:37:24 | INFO     | engineer             | ======================================================================
2026-08-04 18:37:24 | INFO     | engineer             | fit_transform complete — shape: (63492, 80)
2026-08-04 18:37:24 | INFO     | engineer             | FE_ features created: 38
2026-08-04 18:37:24 | INFO     | engineer             | ======================================================================
2026-08-04 18:37:24 | INFO     | engineer             | ======================================================================
2026-08-04 18:37:24 | INFO     | engineer             | DriftSentinel — Feature Engineer  [transform on VAL]
2026-08-04 18:37:24 | INFO     | engineer             | ======================================================================
2026-08-04 18:37:24 | INFO     | engineer             | Input shape  : (20949, 42)
2026-08-04 18:37:24 | INFO     | engineer             | --------------------------------------------------
2026-08-04 18:37:24 | INFO     | engineer             | Group A: Utilization Intensity
2026-08-04 18:37:24 | INFO     | engineer             |   FE_total_clinical_contacts : time + procedures + labs
2026-08-04 18:37:24 | INFO     | engineer             |   FE_labs_per_day            : num_lab_procedures / time_in_hospital
2026-08-04 18:37:24 | INFO     | engineer             |   FE_meds_per_day            : num_medications / time_in_hospital
2026-08-04 18:37:24 | INFO     | engineer             |   FE_procedure_density       : num_procedures / (num_lab_procedures + 1)
2026-08-04 18:37:24 | INFO     | engineer             |   FE_high_utilization        : >= 62.00  n=6,392
2026-08-04 18:37:24 | INFO     | engineer             | --------------------------------------------------
2026-08-04 18:37:24 | INFO     | engineer             | Group B: Medication Complexity
2026-08-04 18:37:24 | INFO     | engineer             |   FE_n_active_ordinal_meds   : sum of 9 ordinal meds > 0
2026-08-04 18:37:24 | INFO     | engineer             |   FE_n_active_binary_meds    : sum of 7 binary meds
2026-08-04 18:37:24 | INFO     | engineer             |   FE_total_active_meds       : ordinal_active + binary_active
2026-08-04 18:37:24 | INFO     | engineer             |   FE_n_med_changes           : meds with Up or Down dose
2026-08-04 18:37:24 | INFO     | engineer             |   FE_n_med_increases         : meds with Up dose only
2026-08-04 18:37:24 | INFO     | engineer             |   FE_n_med_decreases         : meds with Down dose only
2026-08-04 18:37:24 | INFO     | engineer             |   FE_any_med_changed         : binary flag, at least one dose change
2026-08-04 18:37:24 | INFO     | engineer             |   FE_polypharmacy            : total_active_meds >= 5 (clinical threshold)
2026-08-04 18:37:24 | INFO     | engineer             |   FE_med_coverage_ratio      : total_active_meds / (num_medications + 1)
2026-08-04 18:37:24 | INFO     | engineer             | --------------------------------------------------
2026-08-04 18:37:24 | INFO     | engineer             | Group C: Diagnosis Burden
2026-08-04 18:37:24 | INFO     | engineer             |   FE_high_comorbidity        : number_diagnoses >= 9
2026-08-04 18:37:24 | INFO     | engineer             |   FE_diagnoses_per_day       : number_diagnoses / time_in_hospital
2026-08-04 18:37:24 | INFO     | engineer             |   FE_diag_med_ratio          : number_diagnoses / (num_medications + 1)
2026-08-04 18:37:24 | INFO     | engineer             | --------------------------------------------------
2026-08-04 18:37:24 | INFO     | engineer             | Group D: Lab & Procedure Load
2026-08-04 18:37:24 | INFO     | engineer             |   FE_high_lab_load           : num_lab_procedures >= 56
2026-08-04 18:37:24 | INFO     | engineer             |   FE_no_procedures           : num_procedures == 0
2026-08-04 18:37:24 | INFO     | engineer             |   FE_lab_to_procedure_ratio  : num_lab_procedures / (num_procedures + 1)
2026-08-04 18:37:24 | INFO     | engineer             | --------------------------------------------------
2026-08-04 18:37:24 | INFO     | engineer             | Group E: Prior Utilization
2026-08-04 18:37:24 | INFO     | engineer             |   FE_total_prior_contacts    : inpatient + outpatient + emergency
2026-08-04 18:37:24 | INFO     | engineer             |   FE_has_prior_emergency     : number_emergency > 0
2026-08-04 18:37:24 | INFO     | engineer             |   FE_has_prior_inpatient     : number_inpatient > 0
2026-08-04 18:37:24 | INFO     | engineer             |   FE_high_prior_utilization  : total_prior_contacts >= 1.10
2026-08-04 18:37:24 | INFO     | engineer             |   FE_multi_channel_utilizer  : count of channels with > 0 visits
2026-08-04 18:37:24 | INFO     | engineer             | --------------------------------------------------
2026-08-04 18:37:24 | INFO     | engineer             | Group F: Diabetes Management
2026-08-04 18:37:24 | INFO     | engineer             |   FE_insulin_prescribed      : insulin > 0 (Steady/Up/Down)
2026-08-04 18:37:24 | INFO     | engineer             |   FE_insulin_changed         : insulin Up or Down
2026-08-04 18:37:24 | INFO     | engineer             |   FE_insulin_increased       : insulin Up only
2026-08-04 18:37:24 | INFO     | engineer             |   FE_metformin_prescribed    : metformin > 0
2026-08-04 18:37:24 | INFO     | engineer             |   FE_metformin_changed       : metformin Up or Down
2026-08-04 18:37:24 | INFO     | engineer             |   FE_on_diabetes_med         : diabetesMed (pass-through alias)
2026-08-04 18:37:24 | INFO     | engineer             |   FE_med_regimen_changed     : change (pass-through alias)
2026-08-04 18:37:24 | INFO     | engineer             |   FE_glycemic_risk_score     : sum of 3 glycemic indicators
2026-08-04 18:37:24 | INFO     | engineer             | --------------------------------------------------
2026-08-04 18:37:24 | INFO     | engineer             | Group G: Interaction Features
2026-08-04 18:37:24 | INFO     | engineer             |   FE_inpatient_x_polypharmacy : prior_inpatient × polypharmacy
2026-08-04 18:37:24 | INFO     | engineer             |   FE_high_util_x_med_change  : high_utilization × any_med_changed
2026-08-04 18:37:24 | INFO     | engineer             |   FE_comorbidity_x_lab_load  : high_comorbidity × high_lab_load
2026-08-04 18:37:24 | INFO     | engineer             |   FE_glycemic_x_emergency    : glycemic_risk_score × has_prior_emergency
2026-08-04 18:37:24 | INFO     | engineer             |   FE_labs_per_day_x_comorbidity : labs_per_day × high_comorbidity
2026-08-04 18:37:24 | INFO     | engineer             | --------------------------------------------------
2026-08-04 18:37:24 | INFO     | engineer             | Null audit on FE_ columns [val]
2026-08-04 18:37:24 | INFO     | engineer             |   All 38 FE_ columns are null-free — OK
2026-08-04 18:37:24 | INFO     | engineer             | ======================================================================
2026-08-04 18:37:24 | INFO     | engineer             | transform complete [val] — shape: (20949, 80)
2026-08-04 18:37:24 | INFO     | engineer             | ======================================================================
2026-08-04 18:37:24 | INFO     | engineer             | ======================================================================
2026-08-04 18:37:24 | INFO     | engineer             | DriftSentinel — Feature Engineer  [transform on TEST]
2026-08-04 18:37:24 | INFO     | engineer             | ======================================================================
2026-08-04 18:37:24 | INFO     | engineer             | Input shape  : (17325, 42)
2026-08-04 18:37:24 | INFO     | engineer             | --------------------------------------------------
2026-08-04 18:37:24 | INFO     | engineer             | Group A: Utilization Intensity
2026-08-04 18:37:24 | INFO     | engineer             |   FE_total_clinical_contacts : time + procedures + labs
2026-08-04 18:37:24 | INFO     | engineer             |   FE_labs_per_day            : num_lab_procedures / time_in_hospital
2026-08-04 18:37:24 | INFO     | engineer             |   FE_meds_per_day            : num_medications / time_in_hospital
2026-08-04 18:37:24 | INFO     | engineer             |   FE_procedure_density       : num_procedures / (num_lab_procedures + 1)
2026-08-04 18:37:24 | INFO     | engineer             |   FE_high_utilization        : >= 62.00  n=5,001
2026-08-04 18:37:24 | INFO     | engineer             | --------------------------------------------------
2026-08-04 18:37:24 | INFO     | engineer             | Group B: Medication Complexity
2026-08-04 18:37:24 | INFO     | engineer             |   FE_n_active_ordinal_meds   : sum of 9 ordinal meds > 0
2026-08-04 18:37:24 | INFO     | engineer             |   FE_n_active_binary_meds    : sum of 7 binary meds
2026-08-04 18:37:24 | INFO     | engineer             |   FE_total_active_meds       : ordinal_active + binary_active
2026-08-04 18:37:24 | INFO     | engineer             |   FE_n_med_changes           : meds with Up or Down dose
2026-08-04 18:37:24 | INFO     | engineer             |   FE_n_med_increases         : meds with Up dose only
2026-08-04 18:37:24 | INFO     | engineer             |   FE_n_med_decreases         : meds with Down dose only
2026-08-04 18:37:24 | INFO     | engineer             |   FE_any_med_changed         : binary flag, at least one dose change
2026-08-04 18:37:24 | INFO     | engineer             |   FE_polypharmacy            : total_active_meds >= 5 (clinical threshold)
2026-08-04 18:37:24 | INFO     | engineer             |   FE_med_coverage_ratio      : total_active_meds / (num_medications + 1)
2026-08-04 18:37:24 | INFO     | engineer             | --------------------------------------------------
2026-08-04 18:37:24 | INFO     | engineer             | Group C: Diagnosis Burden
2026-08-04 18:37:24 | INFO     | engineer             |   FE_high_comorbidity        : number_diagnoses >= 9
2026-08-04 18:37:24 | INFO     | engineer             |   FE_diagnoses_per_day       : number_diagnoses / time_in_hospital
2026-08-04 18:37:24 | INFO     | engineer             |   FE_diag_med_ratio          : number_diagnoses / (num_medications + 1)
2026-08-04 18:37:24 | INFO     | engineer             | --------------------------------------------------
2026-08-04 18:37:24 | INFO     | engineer             | Group D: Lab & Procedure Load
2026-08-04 18:37:24 | INFO     | engineer             |   FE_high_lab_load           : num_lab_procedures >= 56
2026-08-04 18:37:24 | INFO     | engineer             |   FE_no_procedures           : num_procedures == 0
2026-08-04 18:37:24 | INFO     | engineer             |   FE_lab_to_procedure_ratio  : num_lab_procedures / (num_procedures + 1)
2026-08-04 18:37:24 | INFO     | engineer             | --------------------------------------------------
2026-08-04 18:37:24 | INFO     | engineer             | Group E: Prior Utilization
2026-08-04 18:37:24 | INFO     | engineer             |   FE_total_prior_contacts    : inpatient + outpatient + emergency
2026-08-04 18:37:24 | INFO     | engineer             |   FE_has_prior_emergency     : number_emergency > 0
2026-08-04 18:37:24 | INFO     | engineer             |   FE_has_prior_inpatient     : number_inpatient > 0
2026-08-04 18:37:24 | INFO     | engineer             |   FE_high_prior_utilization  : total_prior_contacts >= 1.10
2026-08-04 18:37:24 | INFO     | engineer             |   FE_multi_channel_utilizer  : count of channels with > 0 visits
2026-08-04 18:37:24 | INFO     | engineer             | --------------------------------------------------
2026-08-04 18:37:24 | INFO     | engineer             | Group F: Diabetes Management
2026-08-04 18:37:24 | INFO     | engineer             |   FE_insulin_prescribed      : insulin > 0 (Steady/Up/Down)
2026-08-04 18:37:24 | INFO     | engineer             |   FE_insulin_changed         : insulin Up or Down
2026-08-04 18:37:24 | INFO     | engineer             |   FE_insulin_increased       : insulin Up only
2026-08-04 18:37:24 | INFO     | engineer             |   FE_metformin_prescribed    : metformin > 0
2026-08-04 18:37:24 | INFO     | engineer             |   FE_metformin_changed       : metformin Up or Down
2026-08-04 18:37:24 | INFO     | engineer             |   FE_on_diabetes_med         : diabetesMed (pass-through alias)
2026-08-04 18:37:24 | INFO     | engineer             |   FE_med_regimen_changed     : change (pass-through alias)
2026-08-04 18:37:24 | INFO     | engineer             |   FE_glycemic_risk_score     : sum of 3 glycemic indicators
2026-08-04 18:37:24 | INFO     | engineer             | --------------------------------------------------
2026-08-04 18:37:24 | INFO     | engineer             | Group G: Interaction Features
2026-08-04 18:37:24 | INFO     | engineer             |   FE_inpatient_x_polypharmacy : prior_inpatient × polypharmacy
2026-08-04 18:37:24 | INFO     | engineer             |   FE_high_util_x_med_change  : high_utilization × any_med_changed
2026-08-04 18:37:24 | INFO     | engineer             |   FE_comorbidity_x_lab_load  : high_comorbidity × high_lab_load
2026-08-04 18:37:24 | INFO     | engineer             |   FE_glycemic_x_emergency    : glycemic_risk_score × has_prior_emergency
2026-08-04 18:37:24 | INFO     | engineer             |   FE_labs_per_day_x_comorbidity : labs_per_day × high_comorbidity
2026-08-04 18:37:24 | INFO     | engineer             | --------------------------------------------------
2026-08-04 18:37:24 | INFO     | engineer             | Null audit on FE_ columns [test]
2026-08-04 18:37:24 | INFO     | engineer             |   All 38 FE_ columns are null-free — OK
2026-08-04 18:37:24 | INFO     | engineer             | ======================================================================
2026-08-04 18:37:24 | INFO     | engineer             | transform complete [test] — shape: (17325, 80)
2026-08-04 18:37:24 | INFO     | engineer             | ======================================================================
2026-08-04 18:40:36 | INFO     | engineer             | ===== RUN 20260804-184031-3b38c4 | pid=31168 | started 2026-08-04 18:40:36 =====
2026-08-04 18:40:36 | INFO     | engineer             | ======================================================================
2026-08-04 18:40:36 | INFO     | engineer             | DriftSentinel — Feature Engineer  [fit_transform on TRAIN]
2026-08-04 18:40:36 | INFO     | engineer             | ======================================================================
2026-08-04 18:40:36 | INFO     | engineer             | Input shape  : (63492, 42)
2026-08-04 18:40:36 | INFO     | engineer             | Existing FE_ columns: 0
2026-08-04 18:40:36 | INFO     | engineer             | --------------------------------------------------
2026-08-04 18:40:36 | INFO     | engineer             | Group A: Utilization Intensity
2026-08-04 18:40:36 | INFO     | engineer             |   FE_total_clinical_contacts : time + procedures + labs
2026-08-04 18:40:36 | INFO     | engineer             |   FE_labs_per_day            : num_lab_procedures / time_in_hospital
2026-08-04 18:40:36 | INFO     | engineer             |   FE_meds_per_day            : num_medications / time_in_hospital
2026-08-04 18:40:36 | INFO     | engineer             |   FE_procedure_density       : num_procedures / (num_lab_procedures + 1)
2026-08-04 18:40:36 | INFO     | engineer             |   FE_high_utilization threshold (Q75, train) = 62.00
2026-08-04 18:40:36 | INFO     | engineer             |   FE_high_utilization        : >= 62.00  n=16,716
2026-08-04 18:40:36 | INFO     | engineer             | --------------------------------------------------
2026-08-04 18:40:36 | INFO     | engineer             | Group B: Medication Complexity
2026-08-04 18:40:36 | INFO     | engineer             |   FE_n_active_ordinal_meds   : sum of 9 ordinal meds > 0
2026-08-04 18:40:36 | INFO     | engineer             |   FE_n_active_binary_meds    : sum of 7 binary meds
2026-08-04 18:40:36 | INFO     | engineer             |   FE_total_active_meds       : ordinal_active + binary_active
2026-08-04 18:40:36 | INFO     | engineer             |   FE_n_med_changes           : meds with Up or Down dose
2026-08-04 18:40:36 | INFO     | engineer             |   FE_n_med_increases         : meds with Up dose only
2026-08-04 18:40:36 | INFO     | engineer             |   FE_n_med_decreases         : meds with Down dose only
2026-08-04 18:40:36 | INFO     | engineer             |   FE_any_med_changed         : binary flag, at least one dose change
2026-08-04 18:40:36 | INFO     | engineer             |   FE_polypharmacy            : total_active_meds >= 5 (clinical threshold)
2026-08-04 18:40:36 | INFO     | engineer             |   FE_med_coverage_ratio      : total_active_meds / (num_medications + 1)
2026-08-04 18:40:36 | INFO     | engineer             | --------------------------------------------------
2026-08-04 18:40:36 | INFO     | engineer             | Group C: Diagnosis Burden
2026-08-04 18:40:36 | INFO     | engineer             |   FE_high_comorbidity threshold (Q75, train) = 9.00
2026-08-04 18:40:36 | INFO     | engineer             |   FE_high_comorbidity        : number_diagnoses >= 9
2026-08-04 18:40:36 | INFO     | engineer             |   FE_diagnoses_per_day       : number_diagnoses / time_in_hospital
2026-08-04 18:40:36 | INFO     | engineer             |   FE_diag_med_ratio          : number_diagnoses / (num_medications + 1)
2026-08-04 18:40:36 | INFO     | engineer             | --------------------------------------------------
2026-08-04 18:40:36 | INFO     | engineer             | Group D: Lab & Procedure Load
2026-08-04 18:40:36 | INFO     | engineer             |   FE_high_lab_load threshold (Q75, train) = 56.00
2026-08-04 18:40:36 | INFO     | engineer             |   FE_high_lab_load           : num_lab_procedures >= 56
2026-08-04 18:40:36 | INFO     | engineer             |   FE_no_procedures           : num_procedures == 0
2026-08-04 18:40:36 | INFO     | engineer             |   FE_lab_to_procedure_ratio  : num_lab_procedures / (num_procedures + 1)
2026-08-04 18:40:36 | INFO     | engineer             | --------------------------------------------------
2026-08-04 18:40:36 | INFO     | engineer             | Group E: Prior Utilization
2026-08-04 18:40:36 | INFO     | engineer             |   FE_total_prior_contacts    : inpatient + outpatient + emergency
2026-08-04 18:40:36 | INFO     | engineer             |   FE_has_prior_emergency     : number_emergency > 0
2026-08-04 18:40:36 | INFO     | engineer             |   FE_has_prior_inpatient     : number_inpatient > 0
2026-08-04 18:40:36 | INFO     | engineer             |   FE_high_prior_utilization threshold (Q75, train) = 1.10
2026-08-04 18:40:36 | INFO     | engineer             |   FE_high_prior_utilization  : total_prior_contacts >= 1.10
2026-08-04 18:40:36 | INFO     | engineer             |   FE_multi_channel_utilizer  : count of channels with > 0 visits
2026-08-04 18:40:36 | INFO     | engineer             | --------------------------------------------------
2026-08-04 18:40:36 | INFO     | engineer             | Group F: Diabetes Management
2026-08-04 18:40:36 | INFO     | engineer             |   FE_insulin_prescribed      : insulin > 0 (Steady/Up/Down)
2026-08-04 18:40:36 | INFO     | engineer             |   FE_insulin_changed         : insulin Up or Down
2026-08-04 18:40:36 | INFO     | engineer             |   FE_insulin_increased       : insulin Up only
2026-08-04 18:40:36 | INFO     | engineer             |   FE_metformin_prescribed    : metformin > 0
2026-08-04 18:40:36 | INFO     | engineer             |   FE_metformin_changed       : metformin Up or Down
2026-08-04 18:40:36 | INFO     | engineer             |   FE_on_diabetes_med         : diabetesMed (pass-through alias)
2026-08-04 18:40:36 | INFO     | engineer             |   FE_med_regimen_changed     : change (pass-through alias)
2026-08-04 18:40:36 | INFO     | engineer             |   FE_glycemic_risk_score     : sum of 3 glycemic indicators
2026-08-04 18:40:36 | INFO     | engineer             | --------------------------------------------------
2026-08-04 18:40:36 | INFO     | engineer             | Group G: Interaction Features
2026-08-04 18:40:36 | INFO     | engineer             |   FE_inpatient_x_polypharmacy : prior_inpatient × polypharmacy
2026-08-04 18:40:36 | INFO     | engineer             |   FE_high_util_x_med_change  : high_utilization × any_med_changed
2026-08-04 18:40:36 | INFO     | engineer             |   FE_comorbidity_x_lab_load  : high_comorbidity × high_lab_load
2026-08-04 18:40:36 | INFO     | engineer             |   FE_glycemic_x_emergency    : glycemic_risk_score × has_prior_emergency
2026-08-04 18:40:36 | INFO     | engineer             |   FE_labs_per_day_x_comorbidity : labs_per_day × high_comorbidity
2026-08-04 18:40:36 | INFO     | engineer             | --------------------------------------------------
2026-08-04 18:40:36 | INFO     | engineer             | Null audit on FE_ columns [train]
2026-08-04 18:40:36 | INFO     | engineer             |   All 38 FE_ columns are null-free — OK
2026-08-04 18:40:36 | INFO     | engineer             | --------------------------------------------------
2026-08-04 18:40:36 | INFO     | engineer             | Leakage guard: FE_ features vs target correlation
2026-08-04 18:40:36 | INFO     | engineer             |   Leakage guard passed — no |r| > 0.80 among 38 FE_ features
2026-08-04 18:40:36 | INFO     | engineer             |   fe_train_stats.json saved -> C:\Users\sharg\Desktop\github\DriftSentinel\outputs\artifacts\fe_train_stats.json
2026-08-04 18:40:36 | INFO     | engineer             |   fe_feature_names.json saved -> C:\Users\sharg\Desktop\github\DriftSentinel\outputs\artifacts\fe_feature_names.json
2026-08-04 18:40:36 | INFO     | engineer             |   feature_engineer.pkl saved -> C:\Users\sharg\Desktop\github\DriftSentinel\outputs\artifacts\feature_engineer.pkl
2026-08-04 18:40:36 | INFO     | engineer             | ======================================================================
2026-08-04 18:40:36 | INFO     | engineer             | fit_transform complete — shape: (63492, 80)
2026-08-04 18:40:36 | INFO     | engineer             | FE_ features created: 38
2026-08-04 18:40:36 | INFO     | engineer             | ======================================================================
2026-08-04 18:40:36 | INFO     | engineer             | ======================================================================
2026-08-04 18:40:36 | INFO     | engineer             | DriftSentinel — Feature Engineer  [transform on VAL]
2026-08-04 18:40:36 | INFO     | engineer             | ======================================================================
2026-08-04 18:40:36 | INFO     | engineer             | Input shape  : (20949, 42)
2026-08-04 18:40:36 | INFO     | engineer             | --------------------------------------------------
2026-08-04 18:40:36 | INFO     | engineer             | Group A: Utilization Intensity
2026-08-04 18:40:36 | INFO     | engineer             |   FE_total_clinical_contacts : time + procedures + labs
2026-08-04 18:40:36 | INFO     | engineer             |   FE_labs_per_day            : num_lab_procedures / time_in_hospital
2026-08-04 18:40:36 | INFO     | engineer             |   FE_meds_per_day            : num_medications / time_in_hospital
2026-08-04 18:40:36 | INFO     | engineer             |   FE_procedure_density       : num_procedures / (num_lab_procedures + 1)
2026-08-04 18:40:36 | INFO     | engineer             |   FE_high_utilization        : >= 62.00  n=6,392
2026-08-04 18:40:36 | INFO     | engineer             | --------------------------------------------------
2026-08-04 18:40:36 | INFO     | engineer             | Group B: Medication Complexity
2026-08-04 18:40:36 | INFO     | engineer             |   FE_n_active_ordinal_meds   : sum of 9 ordinal meds > 0
2026-08-04 18:40:36 | INFO     | engineer             |   FE_n_active_binary_meds    : sum of 7 binary meds
2026-08-04 18:40:36 | INFO     | engineer             |   FE_total_active_meds       : ordinal_active + binary_active
2026-08-04 18:40:36 | INFO     | engineer             |   FE_n_med_changes           : meds with Up or Down dose
2026-08-04 18:40:36 | INFO     | engineer             |   FE_n_med_increases         : meds with Up dose only
2026-08-04 18:40:36 | INFO     | engineer             |   FE_n_med_decreases         : meds with Down dose only
2026-08-04 18:40:36 | INFO     | engineer             |   FE_any_med_changed         : binary flag, at least one dose change
2026-08-04 18:40:36 | INFO     | engineer             |   FE_polypharmacy            : total_active_meds >= 5 (clinical threshold)
2026-08-04 18:40:36 | INFO     | engineer             |   FE_med_coverage_ratio      : total_active_meds / (num_medications + 1)
2026-08-04 18:40:36 | INFO     | engineer             | --------------------------------------------------
2026-08-04 18:40:36 | INFO     | engineer             | Group C: Diagnosis Burden
2026-08-04 18:40:36 | INFO     | engineer             |   FE_high_comorbidity        : number_diagnoses >= 9
2026-08-04 18:40:36 | INFO     | engineer             |   FE_diagnoses_per_day       : number_diagnoses / time_in_hospital
2026-08-04 18:40:36 | INFO     | engineer             |   FE_diag_med_ratio          : number_diagnoses / (num_medications + 1)
2026-08-04 18:40:36 | INFO     | engineer             | --------------------------------------------------
2026-08-04 18:40:36 | INFO     | engineer             | Group D: Lab & Procedure Load
2026-08-04 18:40:36 | INFO     | engineer             |   FE_high_lab_load           : num_lab_procedures >= 56
2026-08-04 18:40:36 | INFO     | engineer             |   FE_no_procedures           : num_procedures == 0
2026-08-04 18:40:36 | INFO     | engineer             |   FE_lab_to_procedure_ratio  : num_lab_procedures / (num_procedures + 1)
2026-08-04 18:40:36 | INFO     | engineer             | --------------------------------------------------
2026-08-04 18:40:36 | INFO     | engineer             | Group E: Prior Utilization
2026-08-04 18:40:36 | INFO     | engineer             |   FE_total_prior_contacts    : inpatient + outpatient + emergency
2026-08-04 18:40:36 | INFO     | engineer             |   FE_has_prior_emergency     : number_emergency > 0
2026-08-04 18:40:36 | INFO     | engineer             |   FE_has_prior_inpatient     : number_inpatient > 0
2026-08-04 18:40:36 | INFO     | engineer             |   FE_high_prior_utilization  : total_prior_contacts >= 1.10
2026-08-04 18:40:36 | INFO     | engineer             |   FE_multi_channel_utilizer  : count of channels with > 0 visits
2026-08-04 18:40:36 | INFO     | engineer             | --------------------------------------------------
2026-08-04 18:40:36 | INFO     | engineer             | Group F: Diabetes Management
2026-08-04 18:40:36 | INFO     | engineer             |   FE_insulin_prescribed      : insulin > 0 (Steady/Up/Down)
2026-08-04 18:40:36 | INFO     | engineer             |   FE_insulin_changed         : insulin Up or Down
2026-08-04 18:40:36 | INFO     | engineer             |   FE_insulin_increased       : insulin Up only
2026-08-04 18:40:36 | INFO     | engineer             |   FE_metformin_prescribed    : metformin > 0
2026-08-04 18:40:36 | INFO     | engineer             |   FE_metformin_changed       : metformin Up or Down
2026-08-04 18:40:36 | INFO     | engineer             |   FE_on_diabetes_med         : diabetesMed (pass-through alias)
2026-08-04 18:40:36 | INFO     | engineer             |   FE_med_regimen_changed     : change (pass-through alias)
2026-08-04 18:40:36 | INFO     | engineer             |   FE_glycemic_risk_score     : sum of 3 glycemic indicators
2026-08-04 18:40:36 | INFO     | engineer             | --------------------------------------------------
2026-08-04 18:40:36 | INFO     | engineer             | Group G: Interaction Features
2026-08-04 18:40:36 | INFO     | engineer             |   FE_inpatient_x_polypharmacy : prior_inpatient × polypharmacy
2026-08-04 18:40:36 | INFO     | engineer             |   FE_high_util_x_med_change  : high_utilization × any_med_changed
2026-08-04 18:40:36 | INFO     | engineer             |   FE_comorbidity_x_lab_load  : high_comorbidity × high_lab_load
2026-08-04 18:40:36 | INFO     | engineer             |   FE_glycemic_x_emergency    : glycemic_risk_score × has_prior_emergency
2026-08-04 18:40:36 | INFO     | engineer             |   FE_labs_per_day_x_comorbidity : labs_per_day × high_comorbidity
2026-08-04 18:40:36 | INFO     | engineer             | --------------------------------------------------
2026-08-04 18:40:36 | INFO     | engineer             | Null audit on FE_ columns [val]
2026-08-04 18:40:36 | INFO     | engineer             |   All 38 FE_ columns are null-free — OK
2026-08-04 18:40:36 | INFO     | engineer             | ======================================================================
2026-08-04 18:40:36 | INFO     | engineer             | transform complete [val] — shape: (20949, 80)
2026-08-04 18:40:36 | INFO     | engineer             | ======================================================================
2026-08-04 18:40:36 | INFO     | engineer             | ======================================================================
2026-08-04 18:40:36 | INFO     | engineer             | DriftSentinel — Feature Engineer  [transform on TEST]
2026-08-04 18:40:36 | INFO     | engineer             | ======================================================================
2026-08-04 18:40:36 | INFO     | engineer             | Input shape  : (17325, 42)
2026-08-04 18:40:36 | INFO     | engineer             | --------------------------------------------------
2026-08-04 18:40:36 | INFO     | engineer             | Group A: Utilization Intensity
2026-08-04 18:40:36 | INFO     | engineer             |   FE_total_clinical_contacts : time + procedures + labs
2026-08-04 18:40:36 | INFO     | engineer             |   FE_labs_per_day            : num_lab_procedures / time_in_hospital
2026-08-04 18:40:36 | INFO     | engineer             |   FE_meds_per_day            : num_medications / time_in_hospital
2026-08-04 18:40:36 | INFO     | engineer             |   FE_procedure_density       : num_procedures / (num_lab_procedures + 1)
2026-08-04 18:40:36 | INFO     | engineer             |   FE_high_utilization        : >= 62.00  n=5,001
2026-08-04 18:40:36 | INFO     | engineer             | --------------------------------------------------
2026-08-04 18:40:36 | INFO     | engineer             | Group B: Medication Complexity
2026-08-04 18:40:36 | INFO     | engineer             |   FE_n_active_ordinal_meds   : sum of 9 ordinal meds > 0
2026-08-04 18:40:36 | INFO     | engineer             |   FE_n_active_binary_meds    : sum of 7 binary meds
2026-08-04 18:40:36 | INFO     | engineer             |   FE_total_active_meds       : ordinal_active + binary_active
2026-08-04 18:40:36 | INFO     | engineer             |   FE_n_med_changes           : meds with Up or Down dose
2026-08-04 18:40:36 | INFO     | engineer             |   FE_n_med_increases         : meds with Up dose only
2026-08-04 18:40:36 | INFO     | engineer             |   FE_n_med_decreases         : meds with Down dose only
2026-08-04 18:40:36 | INFO     | engineer             |   FE_any_med_changed         : binary flag, at least one dose change
2026-08-04 18:40:36 | INFO     | engineer             |   FE_polypharmacy            : total_active_meds >= 5 (clinical threshold)
2026-08-04 18:40:36 | INFO     | engineer             |   FE_med_coverage_ratio      : total_active_meds / (num_medications + 1)
2026-08-04 18:40:36 | INFO     | engineer             | --------------------------------------------------
2026-08-04 18:40:36 | INFO     | engineer             | Group C: Diagnosis Burden
2026-08-04 18:40:36 | INFO     | engineer             |   FE_high_comorbidity        : number_diagnoses >= 9
2026-08-04 18:40:36 | INFO     | engineer             |   FE_diagnoses_per_day       : number_diagnoses / time_in_hospital
2026-08-04 18:40:36 | INFO     | engineer             |   FE_diag_med_ratio          : number_diagnoses / (num_medications + 1)
2026-08-04 18:40:36 | INFO     | engineer             | --------------------------------------------------
2026-08-04 18:40:36 | INFO     | engineer             | Group D: Lab & Procedure Load
2026-08-04 18:40:36 | INFO     | engineer             |   FE_high_lab_load           : num_lab_procedures >= 56
2026-08-04 18:40:36 | INFO     | engineer             |   FE_no_procedures           : num_procedures == 0
2026-08-04 18:40:36 | INFO     | engineer             |   FE_lab_to_procedure_ratio  : num_lab_procedures / (num_procedures + 1)
2026-08-04 18:40:36 | INFO     | engineer             | --------------------------------------------------
2026-08-04 18:40:36 | INFO     | engineer             | Group E: Prior Utilization
2026-08-04 18:40:36 | INFO     | engineer             |   FE_total_prior_contacts    : inpatient + outpatient + emergency
2026-08-04 18:40:36 | INFO     | engineer             |   FE_has_prior_emergency     : number_emergency > 0
2026-08-04 18:40:36 | INFO     | engineer             |   FE_has_prior_inpatient     : number_inpatient > 0
2026-08-04 18:40:36 | INFO     | engineer             |   FE_high_prior_utilization  : total_prior_contacts >= 1.10
2026-08-04 18:40:36 | INFO     | engineer             |   FE_multi_channel_utilizer  : count of channels with > 0 visits
2026-08-04 18:40:36 | INFO     | engineer             | --------------------------------------------------
2026-08-04 18:40:36 | INFO     | engineer             | Group F: Diabetes Management
2026-08-04 18:40:36 | INFO     | engineer             |   FE_insulin_prescribed      : insulin > 0 (Steady/Up/Down)
2026-08-04 18:40:36 | INFO     | engineer             |   FE_insulin_changed         : insulin Up or Down
2026-08-04 18:40:36 | INFO     | engineer             |   FE_insulin_increased       : insulin Up only
2026-08-04 18:40:36 | INFO     | engineer             |   FE_metformin_prescribed    : metformin > 0
2026-08-04 18:40:36 | INFO     | engineer             |   FE_metformin_changed       : metformin Up or Down
2026-08-04 18:40:36 | INFO     | engineer             |   FE_on_diabetes_med         : diabetesMed (pass-through alias)
2026-08-04 18:40:36 | INFO     | engineer             |   FE_med_regimen_changed     : change (pass-through alias)
2026-08-04 18:40:36 | INFO     | engineer             |   FE_glycemic_risk_score     : sum of 3 glycemic indicators
2026-08-04 18:40:36 | INFO     | engineer             | --------------------------------------------------
2026-08-04 18:40:36 | INFO     | engineer             | Group G: Interaction Features
2026-08-04 18:40:36 | INFO     | engineer             |   FE_inpatient_x_polypharmacy : prior_inpatient × polypharmacy
2026-08-04 18:40:36 | INFO     | engineer             |   FE_high_util_x_med_change  : high_utilization × any_med_changed
2026-08-04 18:40:36 | INFO     | engineer             |   FE_comorbidity_x_lab_load  : high_comorbidity × high_lab_load
2026-08-04 18:40:36 | INFO     | engineer             |   FE_glycemic_x_emergency    : glycemic_risk_score × has_prior_emergency
2026-08-04 18:40:36 | INFO     | engineer             |   FE_labs_per_day_x_comorbidity : labs_per_day × high_comorbidity
2026-08-04 18:40:36 | INFO     | engineer             | --------------------------------------------------
2026-08-04 18:40:36 | INFO     | engineer             | Null audit on FE_ columns [test]
2026-08-04 18:40:36 | INFO     | engineer             |   All 38 FE_ columns are null-free — OK
2026-08-04 18:40:36 | INFO     | engineer             | ======================================================================
2026-08-04 18:40:36 | INFO     | engineer             | transform complete [test] — shape: (17325, 80)
2026-08-04 18:40:36 | INFO     | engineer             | ======================================================================
2026-08-04 19:43:59 | INFO     | engineer             | ===== RUN 20260804-194356-ee2c50 | pid=28552 | started 2026-08-04 19:43:59 =====
2026-08-04 19:43:59 | INFO     | engineer             | ======================================================================
2026-08-04 19:43:59 | INFO     | engineer             | DriftSentinel — Feature Engineer  [fit_transform on TRAIN]
2026-08-04 19:43:59 | INFO     | engineer             | ======================================================================
2026-08-04 19:43:59 | INFO     | engineer             | Input shape  : (63492, 42)
2026-08-04 19:43:59 | INFO     | engineer             | Existing FE_ columns: 0
2026-08-04 19:43:59 | INFO     | engineer             | --------------------------------------------------
2026-08-04 19:43:59 | INFO     | engineer             | Group A: Utilization Intensity
2026-08-04 19:43:59 | INFO     | engineer             |   FE_total_clinical_contacts : time + procedures + labs
2026-08-04 19:43:59 | INFO     | engineer             |   FE_labs_per_day            : num_lab_procedures / time_in_hospital
2026-08-04 19:44:00 | INFO     | engineer             |   FE_meds_per_day            : num_medications / time_in_hospital
2026-08-04 19:44:00 | INFO     | engineer             |   FE_procedure_density       : num_procedures / (num_lab_procedures + 1)
2026-08-04 19:44:00 | INFO     | engineer             |   FE_high_utilization threshold (Q75, train) = 62.00
2026-08-04 19:44:00 | INFO     | engineer             |   FE_high_utilization        : >= 62.00  n=16,716
2026-08-04 19:44:00 | INFO     | engineer             | --------------------------------------------------
2026-08-04 19:44:00 | INFO     | engineer             | Group B: Medication Complexity
2026-08-04 19:44:00 | INFO     | engineer             |   FE_n_active_ordinal_meds   : sum of 9 ordinal meds > 0
2026-08-04 19:44:00 | INFO     | engineer             |   FE_n_active_binary_meds    : sum of 7 binary meds
2026-08-04 19:44:00 | INFO     | engineer             |   FE_total_active_meds       : ordinal_active + binary_active
2026-08-04 19:44:00 | INFO     | engineer             |   FE_n_med_changes           : meds with Up or Down dose
2026-08-04 19:44:00 | INFO     | engineer             |   FE_n_med_increases         : meds with Up dose only
2026-08-04 19:44:00 | INFO     | engineer             |   FE_n_med_decreases         : meds with Down dose only
2026-08-04 19:44:00 | INFO     | engineer             |   FE_any_med_changed         : binary flag, at least one dose change
2026-08-04 19:44:00 | INFO     | engineer             |   FE_polypharmacy            : total_active_meds >= 5 (clinical threshold)
2026-08-04 19:44:00 | INFO     | engineer             |   FE_med_coverage_ratio      : total_active_meds / (num_medications + 1)
2026-08-04 19:44:00 | INFO     | engineer             | --------------------------------------------------
2026-08-04 19:44:00 | INFO     | engineer             | Group C: Diagnosis Burden
2026-08-04 19:44:00 | INFO     | engineer             |   FE_high_comorbidity threshold (Q75, train) = 9.00
2026-08-04 19:44:00 | INFO     | engineer             |   FE_high_comorbidity        : number_diagnoses >= 9
2026-08-04 19:44:00 | INFO     | engineer             |   FE_diagnoses_per_day       : number_diagnoses / time_in_hospital
2026-08-04 19:44:00 | INFO     | engineer             |   FE_diag_med_ratio          : number_diagnoses / (num_medications + 1)
2026-08-04 19:44:00 | INFO     | engineer             | --------------------------------------------------
2026-08-04 19:44:00 | INFO     | engineer             | Group D: Lab & Procedure Load
2026-08-04 19:44:00 | INFO     | engineer             |   FE_high_lab_load threshold (Q75, train) = 56.00
2026-08-04 19:44:00 | INFO     | engineer             |   FE_high_lab_load           : num_lab_procedures >= 56
2026-08-04 19:44:00 | INFO     | engineer             |   FE_no_procedures           : num_procedures == 0
2026-08-04 19:44:00 | INFO     | engineer             |   FE_lab_to_procedure_ratio  : num_lab_procedures / (num_procedures + 1)
2026-08-04 19:44:00 | INFO     | engineer             | --------------------------------------------------
2026-08-04 19:44:00 | INFO     | engineer             | Group E: Prior Utilization
2026-08-04 19:44:00 | INFO     | engineer             |   FE_total_prior_contacts    : inpatient + outpatient + emergency
2026-08-04 19:44:00 | INFO     | engineer             |   FE_has_prior_emergency     : number_emergency > 0
2026-08-04 19:44:00 | INFO     | engineer             |   FE_has_prior_inpatient     : number_inpatient > 0
2026-08-04 19:44:00 | INFO     | engineer             |   FE_high_prior_utilization threshold (Q75, train) = 1.10
2026-08-04 19:44:00 | INFO     | engineer             |   FE_high_prior_utilization  : total_prior_contacts >= 1.10
2026-08-04 19:44:00 | INFO     | engineer             |   FE_multi_channel_utilizer  : count of channels with > 0 visits
2026-08-04 19:44:00 | INFO     | engineer             | --------------------------------------------------
2026-08-04 19:44:00 | INFO     | engineer             | Group F: Diabetes Management
2026-08-04 19:44:00 | INFO     | engineer             |   FE_insulin_prescribed      : insulin > 0 (Steady/Up/Down)
2026-08-04 19:44:00 | INFO     | engineer             |   FE_insulin_changed         : insulin Up or Down
2026-08-04 19:44:00 | INFO     | engineer             |   FE_insulin_increased       : insulin Up only
2026-08-04 19:44:00 | INFO     | engineer             |   FE_metformin_prescribed    : metformin > 0
2026-08-04 19:44:00 | INFO     | engineer             |   FE_metformin_changed       : metformin Up or Down
2026-08-04 19:44:00 | INFO     | engineer             |   FE_on_diabetes_med         : diabetesMed (pass-through alias)
2026-08-04 19:44:00 | INFO     | engineer             |   FE_med_regimen_changed     : change (pass-through alias)
2026-08-04 19:44:00 | INFO     | engineer             |   FE_glycemic_risk_score     : sum of 3 glycemic indicators
2026-08-04 19:44:00 | INFO     | engineer             | --------------------------------------------------
2026-08-04 19:44:00 | INFO     | engineer             | Group G: Interaction Features
2026-08-04 19:44:00 | INFO     | engineer             |   FE_inpatient_x_polypharmacy : prior_inpatient × polypharmacy
2026-08-04 19:44:00 | INFO     | engineer             |   FE_high_util_x_med_change  : high_utilization × any_med_changed
2026-08-04 19:44:00 | INFO     | engineer             |   FE_comorbidity_x_lab_load  : high_comorbidity × high_lab_load
2026-08-04 19:44:00 | INFO     | engineer             |   FE_glycemic_x_emergency    : glycemic_risk_score × has_prior_emergency
2026-08-04 19:44:00 | INFO     | engineer             |   FE_labs_per_day_x_comorbidity : labs_per_day × high_comorbidity
2026-08-04 19:44:00 | INFO     | engineer             | --------------------------------------------------
2026-08-04 19:44:00 | INFO     | engineer             | Null audit on FE_ columns [train]
2026-08-04 19:44:00 | INFO     | engineer             |   All 38 FE_ columns are null-free — OK
2026-08-04 19:44:00 | INFO     | engineer             | --------------------------------------------------
2026-08-04 19:44:00 | INFO     | engineer             | Leakage guard: FE_ features vs target correlation
2026-08-04 19:44:00 | INFO     | engineer             |   Leakage guard passed — no |r| > 0.80 among 38 FE_ features
2026-08-04 19:44:00 | INFO     | engineer             |   fe_train_stats.json saved -> C:\Users\sharg\Desktop\github\DriftSentinel\outputs\artifacts\fe_train_stats.json
2026-08-04 19:44:00 | INFO     | engineer             |   fe_feature_names.json saved -> C:\Users\sharg\Desktop\github\DriftSentinel\outputs\artifacts\fe_feature_names.json
2026-08-04 19:44:00 | INFO     | engineer             |   feature_engineer.pkl saved -> C:\Users\sharg\Desktop\github\DriftSentinel\outputs\artifacts\feature_engineer.pkl
2026-08-04 19:44:00 | INFO     | engineer             | ======================================================================
2026-08-04 19:44:00 | INFO     | engineer             | fit_transform complete — shape: (63492, 80)
2026-08-04 19:44:00 | INFO     | engineer             | FE_ features created: 38
2026-08-04 19:44:00 | INFO     | engineer             | ======================================================================
2026-08-04 19:44:00 | INFO     | engineer             | ======================================================================
2026-08-04 19:44:00 | INFO     | engineer             | DriftSentinel — Feature Engineer  [transform on VAL]
2026-08-04 19:44:00 | INFO     | engineer             | ======================================================================
2026-08-04 19:44:00 | INFO     | engineer             | Input shape  : (20949, 42)
2026-08-04 19:44:00 | INFO     | engineer             | --------------------------------------------------
2026-08-04 19:44:00 | INFO     | engineer             | Group A: Utilization Intensity
2026-08-04 19:44:00 | INFO     | engineer             |   FE_total_clinical_contacts : time + procedures + labs
2026-08-04 19:44:00 | INFO     | engineer             |   FE_labs_per_day            : num_lab_procedures / time_in_hospital
2026-08-04 19:44:00 | INFO     | engineer             |   FE_meds_per_day            : num_medications / time_in_hospital
2026-08-04 19:44:00 | INFO     | engineer             |   FE_procedure_density       : num_procedures / (num_lab_procedures + 1)
2026-08-04 19:44:00 | INFO     | engineer             |   FE_high_utilization        : >= 62.00  n=6,392
2026-08-04 19:44:00 | INFO     | engineer             | --------------------------------------------------
2026-08-04 19:44:00 | INFO     | engineer             | Group B: Medication Complexity
2026-08-04 19:44:00 | INFO     | engineer             |   FE_n_active_ordinal_meds   : sum of 9 ordinal meds > 0
2026-08-04 19:44:00 | INFO     | engineer             |   FE_n_active_binary_meds    : sum of 7 binary meds
2026-08-04 19:44:00 | INFO     | engineer             |   FE_total_active_meds       : ordinal_active + binary_active
2026-08-04 19:44:00 | INFO     | engineer             |   FE_n_med_changes           : meds with Up or Down dose
2026-08-04 19:44:00 | INFO     | engineer             |   FE_n_med_increases         : meds with Up dose only
2026-08-04 19:44:00 | INFO     | engineer             |   FE_n_med_decreases         : meds with Down dose only
2026-08-04 19:44:00 | INFO     | engineer             |   FE_any_med_changed         : binary flag, at least one dose change
2026-08-04 19:44:00 | INFO     | engineer             |   FE_polypharmacy            : total_active_meds >= 5 (clinical threshold)
2026-08-04 19:44:00 | INFO     | engineer             |   FE_med_coverage_ratio      : total_active_meds / (num_medications + 1)
2026-08-04 19:44:00 | INFO     | engineer             | --------------------------------------------------
2026-08-04 19:44:00 | INFO     | engineer             | Group C: Diagnosis Burden
2026-08-04 19:44:00 | INFO     | engineer             |   FE_high_comorbidity        : number_diagnoses >= 9
2026-08-04 19:44:00 | INFO     | engineer             |   FE_diagnoses_per_day       : number_diagnoses / time_in_hospital
2026-08-04 19:44:00 | INFO     | engineer             |   FE_diag_med_ratio          : number_diagnoses / (num_medications + 1)
2026-08-04 19:44:00 | INFO     | engineer             | --------------------------------------------------
2026-08-04 19:44:00 | INFO     | engineer             | Group D: Lab & Procedure Load
2026-08-04 19:44:00 | INFO     | engineer             |   FE_high_lab_load           : num_lab_procedures >= 56
2026-08-04 19:44:00 | INFO     | engineer             |   FE_no_procedures           : num_procedures == 0
2026-08-04 19:44:00 | INFO     | engineer             |   FE_lab_to_procedure_ratio  : num_lab_procedures / (num_procedures + 1)
2026-08-04 19:44:00 | INFO     | engineer             | --------------------------------------------------
2026-08-04 19:44:00 | INFO     | engineer             | Group E: Prior Utilization
2026-08-04 19:44:00 | INFO     | engineer             |   FE_total_prior_contacts    : inpatient + outpatient + emergency
2026-08-04 19:44:00 | INFO     | engineer             |   FE_has_prior_emergency     : number_emergency > 0
2026-08-04 19:44:00 | INFO     | engineer             |   FE_has_prior_inpatient     : number_inpatient > 0
2026-08-04 19:44:00 | INFO     | engineer             |   FE_high_prior_utilization  : total_prior_contacts >= 1.10
2026-08-04 19:44:00 | INFO     | engineer             |   FE_multi_channel_utilizer  : count of channels with > 0 visits
2026-08-04 19:44:00 | INFO     | engineer             | --------------------------------------------------
2026-08-04 19:44:00 | INFO     | engineer             | Group F: Diabetes Management
2026-08-04 19:44:00 | INFO     | engineer             |   FE_insulin_prescribed      : insulin > 0 (Steady/Up/Down)
2026-08-04 19:44:00 | INFO     | engineer             |   FE_insulin_changed         : insulin Up or Down
2026-08-04 19:44:00 | INFO     | engineer             |   FE_insulin_increased       : insulin Up only
2026-08-04 19:44:00 | INFO     | engineer             |   FE_metformin_prescribed    : metformin > 0
2026-08-04 19:44:00 | INFO     | engineer             |   FE_metformin_changed       : metformin Up or Down
2026-08-04 19:44:00 | INFO     | engineer             |   FE_on_diabetes_med         : diabetesMed (pass-through alias)
2026-08-04 19:44:00 | INFO     | engineer             |   FE_med_regimen_changed     : change (pass-through alias)
2026-08-04 19:44:00 | INFO     | engineer             |   FE_glycemic_risk_score     : sum of 3 glycemic indicators
2026-08-04 19:44:00 | INFO     | engineer             | --------------------------------------------------
2026-08-04 19:44:00 | INFO     | engineer             | Group G: Interaction Features
2026-08-04 19:44:00 | INFO     | engineer             |   FE_inpatient_x_polypharmacy : prior_inpatient × polypharmacy
2026-08-04 19:44:00 | INFO     | engineer             |   FE_high_util_x_med_change  : high_utilization × any_med_changed
2026-08-04 19:44:00 | INFO     | engineer             |   FE_comorbidity_x_lab_load  : high_comorbidity × high_lab_load
2026-08-04 19:44:00 | INFO     | engineer             |   FE_glycemic_x_emergency    : glycemic_risk_score × has_prior_emergency
2026-08-04 19:44:00 | INFO     | engineer             |   FE_labs_per_day_x_comorbidity : labs_per_day × high_comorbidity
2026-08-04 19:44:00 | INFO     | engineer             | --------------------------------------------------
2026-08-04 19:44:00 | INFO     | engineer             | Null audit on FE_ columns [val]
2026-08-04 19:44:00 | INFO     | engineer             |   All 38 FE_ columns are null-free — OK
2026-08-04 19:44:00 | INFO     | engineer             | ======================================================================
2026-08-04 19:44:00 | INFO     | engineer             | transform complete [val] — shape: (20949, 80)
2026-08-04 19:44:00 | INFO     | engineer             | ======================================================================
2026-08-04 19:44:00 | INFO     | engineer             | ======================================================================
2026-08-04 19:44:00 | INFO     | engineer             | DriftSentinel — Feature Engineer  [transform on TEST]
2026-08-04 19:44:00 | INFO     | engineer             | ======================================================================
2026-08-04 19:44:00 | INFO     | engineer             | Input shape  : (17325, 42)
2026-08-04 19:44:00 | INFO     | engineer             | --------------------------------------------------
2026-08-04 19:44:00 | INFO     | engineer             | Group A: Utilization Intensity
2026-08-04 19:44:00 | INFO     | engineer             |   FE_total_clinical_contacts : time + procedures + labs
2026-08-04 19:44:00 | INFO     | engineer             |   FE_labs_per_day            : num_lab_procedures / time_in_hospital
2026-08-04 19:44:00 | INFO     | engineer             |   FE_meds_per_day            : num_medications / time_in_hospital
2026-08-04 19:44:00 | INFO     | engineer             |   FE_procedure_density       : num_procedures / (num_lab_procedures + 1)
2026-08-04 19:44:00 | INFO     | engineer             |   FE_high_utilization        : >= 62.00  n=5,001
2026-08-04 19:44:00 | INFO     | engineer             | --------------------------------------------------
2026-08-04 19:44:00 | INFO     | engineer             | Group B: Medication Complexity
2026-08-04 19:44:00 | INFO     | engineer             |   FE_n_active_ordinal_meds   : sum of 9 ordinal meds > 0
2026-08-04 19:44:00 | INFO     | engineer             |   FE_n_active_binary_meds    : sum of 7 binary meds
2026-08-04 19:44:00 | INFO     | engineer             |   FE_total_active_meds       : ordinal_active + binary_active
2026-08-04 19:44:00 | INFO     | engineer             |   FE_n_med_changes           : meds with Up or Down dose
2026-08-04 19:44:00 | INFO     | engineer             |   FE_n_med_increases         : meds with Up dose only
2026-08-04 19:44:00 | INFO     | engineer             |   FE_n_med_decreases         : meds with Down dose only
2026-08-04 19:44:00 | INFO     | engineer             |   FE_any_med_changed         : binary flag, at least one dose change
2026-08-04 19:44:00 | INFO     | engineer             |   FE_polypharmacy            : total_active_meds >= 5 (clinical threshold)
2026-08-04 19:44:00 | INFO     | engineer             |   FE_med_coverage_ratio      : total_active_meds / (num_medications + 1)
2026-08-04 19:44:00 | INFO     | engineer             | --------------------------------------------------
2026-08-04 19:44:00 | INFO     | engineer             | Group C: Diagnosis Burden
2026-08-04 19:44:00 | INFO     | engineer             |   FE_high_comorbidity        : number_diagnoses >= 9
2026-08-04 19:44:00 | INFO     | engineer             |   FE_diagnoses_per_day       : number_diagnoses / time_in_hospital
2026-08-04 19:44:00 | INFO     | engineer             |   FE_diag_med_ratio          : number_diagnoses / (num_medications + 1)
2026-08-04 19:44:00 | INFO     | engineer             | --------------------------------------------------
2026-08-04 19:44:00 | INFO     | engineer             | Group D: Lab & Procedure Load
2026-08-04 19:44:00 | INFO     | engineer             |   FE_high_lab_load           : num_lab_procedures >= 56
2026-08-04 19:44:00 | INFO     | engineer             |   FE_no_procedures           : num_procedures == 0
2026-08-04 19:44:00 | INFO     | engineer             |   FE_lab_to_procedure_ratio  : num_lab_procedures / (num_procedures + 1)
2026-08-04 19:44:00 | INFO     | engineer             | --------------------------------------------------
2026-08-04 19:44:00 | INFO     | engineer             | Group E: Prior Utilization
2026-08-04 19:44:00 | INFO     | engineer             |   FE_total_prior_contacts    : inpatient + outpatient + emergency
2026-08-04 19:44:00 | INFO     | engineer             |   FE_has_prior_emergency     : number_emergency > 0
2026-08-04 19:44:00 | INFO     | engineer             |   FE_has_prior_inpatient     : number_inpatient > 0
2026-08-04 19:44:00 | INFO     | engineer             |   FE_high_prior_utilization  : total_prior_contacts >= 1.10
2026-08-04 19:44:00 | INFO     | engineer             |   FE_multi_channel_utilizer  : count of channels with > 0 visits
2026-08-04 19:44:00 | INFO     | engineer             | --------------------------------------------------
2026-08-04 19:44:00 | INFO     | engineer             | Group F: Diabetes Management
2026-08-04 19:44:00 | INFO     | engineer             |   FE_insulin_prescribed      : insulin > 0 (Steady/Up/Down)
2026-08-04 19:44:00 | INFO     | engineer             |   FE_insulin_changed         : insulin Up or Down
2026-08-04 19:44:00 | INFO     | engineer             |   FE_insulin_increased       : insulin Up only
2026-08-04 19:44:00 | INFO     | engineer             |   FE_metformin_prescribed    : metformin > 0
2026-08-04 19:44:00 | INFO     | engineer             |   FE_metformin_changed       : metformin Up or Down
2026-08-04 19:44:00 | INFO     | engineer             |   FE_on_diabetes_med         : diabetesMed (pass-through alias)
2026-08-04 19:44:00 | INFO     | engineer             |   FE_med_regimen_changed     : change (pass-through alias)
2026-08-04 19:44:00 | INFO     | engineer             |   FE_glycemic_risk_score     : sum of 3 glycemic indicators
2026-08-04 19:44:00 | INFO     | engineer             | --------------------------------------------------
2026-08-04 19:44:00 | INFO     | engineer             | Group G: Interaction Features
2026-08-04 19:44:00 | INFO     | engineer             |   FE_inpatient_x_polypharmacy : prior_inpatient × polypharmacy
2026-08-04 19:44:00 | INFO     | engineer             |   FE_high_util_x_med_change  : high_utilization × any_med_changed
2026-08-04 19:44:00 | INFO     | engineer             |   FE_comorbidity_x_lab_load  : high_comorbidity × high_lab_load
2026-08-04 19:44:00 | INFO     | engineer             |   FE_glycemic_x_emergency    : glycemic_risk_score × has_prior_emergency
2026-08-04 19:44:00 | INFO     | engineer             |   FE_labs_per_day_x_comorbidity : labs_per_day × high_comorbidity
2026-08-04 19:44:00 | INFO     | engineer             | --------------------------------------------------
2026-08-04 19:44:00 | INFO     | engineer             | Null audit on FE_ columns [test]
2026-08-04 19:44:00 | INFO     | engineer             |   All 38 FE_ columns are null-free — OK
2026-08-04 19:44:00 | INFO     | engineer             | ======================================================================
2026-08-04 19:44:00 | INFO     | engineer             | transform complete [test] — shape: (17325, 80)
2026-08-04 19:44:00 | INFO     | engineer             | ======================================================================
2026-08-04 20:43:42 | INFO     | engineer             | ===== RUN 20260804-204337-c95509 | pid=23936 | started 2026-08-04 20:43:42 =====
2026-08-04 20:43:42 | INFO     | engineer             | ======================================================================
2026-08-04 20:43:42 | INFO     | engineer             | DriftSentinel — Feature Engineer  [fit_transform on TRAIN]
2026-08-04 20:43:42 | INFO     | engineer             | ======================================================================
2026-08-04 20:43:42 | INFO     | engineer             | Input shape  : (63492, 42)
2026-08-04 20:43:42 | INFO     | engineer             | Existing FE_ columns: 0
2026-08-04 20:43:42 | INFO     | engineer             | --------------------------------------------------
2026-08-04 20:43:42 | INFO     | engineer             | Group A: Utilization Intensity
2026-08-04 20:43:42 | INFO     | engineer             |   FE_total_clinical_contacts : time + procedures + labs
2026-08-04 20:43:42 | INFO     | engineer             |   FE_labs_per_day            : num_lab_procedures / time_in_hospital
2026-08-04 20:43:42 | INFO     | engineer             |   FE_meds_per_day            : num_medications / time_in_hospital
2026-08-04 20:43:42 | INFO     | engineer             |   FE_procedure_density       : num_procedures / (num_lab_procedures + 1)
2026-08-04 20:43:42 | INFO     | engineer             |   FE_high_utilization threshold (Q75, train) = 62.00
2026-08-04 20:43:42 | INFO     | engineer             |   FE_high_utilization        : >= 62.00  n=16,716
2026-08-04 20:43:42 | INFO     | engineer             | --------------------------------------------------
2026-08-04 20:43:42 | INFO     | engineer             | Group B: Medication Complexity
2026-08-04 20:43:42 | INFO     | engineer             |   FE_n_active_ordinal_meds   : sum of 9 ordinal meds > 0
2026-08-04 20:43:42 | INFO     | engineer             |   FE_n_active_binary_meds    : sum of 7 binary meds
2026-08-04 20:43:42 | INFO     | engineer             |   FE_total_active_meds       : ordinal_active + binary_active
2026-08-04 20:43:42 | INFO     | engineer             |   FE_n_med_changes           : meds with Up or Down dose
2026-08-04 20:43:42 | INFO     | engineer             |   FE_n_med_increases         : meds with Up dose only
2026-08-04 20:43:42 | INFO     | engineer             |   FE_n_med_decreases         : meds with Down dose only
2026-08-04 20:43:42 | INFO     | engineer             |   FE_any_med_changed         : binary flag, at least one dose change
2026-08-04 20:43:42 | INFO     | engineer             |   FE_polypharmacy            : total_active_meds >= 5 (clinical threshold)
2026-08-04 20:43:42 | INFO     | engineer             |   FE_med_coverage_ratio      : total_active_meds / (num_medications + 1)
2026-08-04 20:43:42 | INFO     | engineer             | --------------------------------------------------
2026-08-04 20:43:42 | INFO     | engineer             | Group C: Diagnosis Burden
2026-08-04 20:43:42 | INFO     | engineer             |   FE_high_comorbidity threshold (Q75, train) = 9.00
2026-08-04 20:43:42 | INFO     | engineer             |   FE_high_comorbidity        : number_diagnoses >= 9
2026-08-04 20:43:42 | INFO     | engineer             |   FE_diagnoses_per_day       : number_diagnoses / time_in_hospital
2026-08-04 20:43:42 | INFO     | engineer             |   FE_diag_med_ratio          : number_diagnoses / (num_medications + 1)
2026-08-04 20:43:42 | INFO     | engineer             | --------------------------------------------------
2026-08-04 20:43:42 | INFO     | engineer             | Group D: Lab & Procedure Load
2026-08-04 20:43:42 | INFO     | engineer             |   FE_high_lab_load threshold (Q75, train) = 56.00
2026-08-04 20:43:42 | INFO     | engineer             |   FE_high_lab_load           : num_lab_procedures >= 56
2026-08-04 20:43:42 | INFO     | engineer             |   FE_no_procedures           : num_procedures == 0
2026-08-04 20:43:42 | INFO     | engineer             |   FE_lab_to_procedure_ratio  : num_lab_procedures / (num_procedures + 1)
2026-08-04 20:43:42 | INFO     | engineer             | --------------------------------------------------
2026-08-04 20:43:42 | INFO     | engineer             | Group E: Prior Utilization
2026-08-04 20:43:42 | INFO     | engineer             |   FE_total_prior_contacts    : inpatient + outpatient + emergency
2026-08-04 20:43:42 | INFO     | engineer             |   FE_has_prior_emergency     : number_emergency > 0
2026-08-04 20:43:42 | INFO     | engineer             |   FE_has_prior_inpatient     : number_inpatient > 0
2026-08-04 20:43:42 | INFO     | engineer             |   FE_high_prior_utilization threshold (Q75, train) = 1.10
2026-08-04 20:43:42 | INFO     | engineer             |   FE_high_prior_utilization  : total_prior_contacts >= 1.10
2026-08-04 20:43:42 | INFO     | engineer             |   FE_multi_channel_utilizer  : count of channels with > 0 visits
2026-08-04 20:43:42 | INFO     | engineer             | --------------------------------------------------
2026-08-04 20:43:42 | INFO     | engineer             | Group F: Diabetes Management
2026-08-04 20:43:42 | INFO     | engineer             |   FE_insulin_prescribed      : insulin > 0 (Steady/Up/Down)
2026-08-04 20:43:42 | INFO     | engineer             |   FE_insulin_changed         : insulin Up or Down
2026-08-04 20:43:42 | INFO     | engineer             |   FE_insulin_increased       : insulin Up only
2026-08-04 20:43:42 | INFO     | engineer             |   FE_metformin_prescribed    : metformin > 0
2026-08-04 20:43:42 | INFO     | engineer             |   FE_metformin_changed       : metformin Up or Down
2026-08-04 20:43:42 | INFO     | engineer             |   FE_on_diabetes_med         : diabetesMed (pass-through alias)
2026-08-04 20:43:42 | INFO     | engineer             |   FE_med_regimen_changed     : change (pass-through alias)
2026-08-04 20:43:42 | INFO     | engineer             |   FE_glycemic_risk_score     : sum of 3 glycemic indicators
2026-08-04 20:43:42 | INFO     | engineer             | --------------------------------------------------
2026-08-04 20:43:42 | INFO     | engineer             | Group G: Interaction Features
2026-08-04 20:43:42 | INFO     | engineer             |   FE_inpatient_x_polypharmacy : prior_inpatient × polypharmacy
2026-08-04 20:43:42 | INFO     | engineer             |   FE_high_util_x_med_change  : high_utilization × any_med_changed
2026-08-04 20:43:42 | INFO     | engineer             |   FE_comorbidity_x_lab_load  : high_comorbidity × high_lab_load
2026-08-04 20:43:42 | INFO     | engineer             |   FE_glycemic_x_emergency    : glycemic_risk_score × has_prior_emergency
2026-08-04 20:43:42 | INFO     | engineer             |   FE_labs_per_day_x_comorbidity : labs_per_day × high_comorbidity
2026-08-04 20:43:42 | INFO     | engineer             | --------------------------------------------------
2026-08-04 20:43:42 | INFO     | engineer             | Null audit on FE_ columns [train]
2026-08-04 20:43:42 | INFO     | engineer             |   All 38 FE_ columns are null-free — OK
2026-08-04 20:43:42 | INFO     | engineer             | --------------------------------------------------
2026-08-04 20:43:42 | INFO     | engineer             | Leakage guard: FE_ features vs target correlation
2026-08-04 20:43:42 | INFO     | engineer             |   Leakage guard passed — no |r| > 0.80 among 38 FE_ features
2026-08-04 20:43:42 | INFO     | engineer             |   fe_train_stats.json saved -> C:\Users\sharg\Desktop\github\DriftSentinel\outputs\artifacts\fe_train_stats.json
2026-08-04 20:43:42 | INFO     | engineer             |   fe_feature_names.json saved -> C:\Users\sharg\Desktop\github\DriftSentinel\outputs\artifacts\fe_feature_names.json
2026-08-04 20:43:42 | INFO     | engineer             |   feature_engineer.pkl saved -> C:\Users\sharg\Desktop\github\DriftSentinel\outputs\artifacts\feature_engineer.pkl
2026-08-04 20:43:42 | INFO     | engineer             | ======================================================================
2026-08-04 20:43:42 | INFO     | engineer             | fit_transform complete — shape: (63492, 80)
2026-08-04 20:43:42 | INFO     | engineer             | FE_ features created: 38
2026-08-04 20:43:42 | INFO     | engineer             | ======================================================================
2026-08-04 20:43:42 | INFO     | engineer             | ======================================================================
2026-08-04 20:43:42 | INFO     | engineer             | DriftSentinel — Feature Engineer  [transform on VAL]
2026-08-04 20:43:42 | INFO     | engineer             | ======================================================================
2026-08-04 20:43:42 | INFO     | engineer             | Input shape  : (20949, 42)
2026-08-04 20:43:42 | INFO     | engineer             | --------------------------------------------------
2026-08-04 20:43:42 | INFO     | engineer             | Group A: Utilization Intensity
2026-08-04 20:43:42 | INFO     | engineer             |   FE_total_clinical_contacts : time + procedures + labs
2026-08-04 20:43:42 | INFO     | engineer             |   FE_labs_per_day            : num_lab_procedures / time_in_hospital
2026-08-04 20:43:42 | INFO     | engineer             |   FE_meds_per_day            : num_medications / time_in_hospital
2026-08-04 20:43:42 | INFO     | engineer             |   FE_procedure_density       : num_procedures / (num_lab_procedures + 1)
2026-08-04 20:43:42 | INFO     | engineer             |   FE_high_utilization        : >= 62.00  n=6,392
2026-08-04 20:43:42 | INFO     | engineer             | --------------------------------------------------
2026-08-04 20:43:42 | INFO     | engineer             | Group B: Medication Complexity
2026-08-04 20:43:42 | INFO     | engineer             |   FE_n_active_ordinal_meds   : sum of 9 ordinal meds > 0
2026-08-04 20:43:42 | INFO     | engineer             |   FE_n_active_binary_meds    : sum of 7 binary meds
2026-08-04 20:43:42 | INFO     | engineer             |   FE_total_active_meds       : ordinal_active + binary_active
2026-08-04 20:43:42 | INFO     | engineer             |   FE_n_med_changes           : meds with Up or Down dose
2026-08-04 20:43:42 | INFO     | engineer             |   FE_n_med_increases         : meds with Up dose only
2026-08-04 20:43:42 | INFO     | engineer             |   FE_n_med_decreases         : meds with Down dose only
2026-08-04 20:43:42 | INFO     | engineer             |   FE_any_med_changed         : binary flag, at least one dose change
2026-08-04 20:43:42 | INFO     | engineer             |   FE_polypharmacy            : total_active_meds >= 5 (clinical threshold)
2026-08-04 20:43:42 | INFO     | engineer             |   FE_med_coverage_ratio      : total_active_meds / (num_medications + 1)
2026-08-04 20:43:42 | INFO     | engineer             | --------------------------------------------------
2026-08-04 20:43:42 | INFO     | engineer             | Group C: Diagnosis Burden
2026-08-04 20:43:42 | INFO     | engineer             |   FE_high_comorbidity        : number_diagnoses >= 9
2026-08-04 20:43:42 | INFO     | engineer             |   FE_diagnoses_per_day       : number_diagnoses / time_in_hospital
2026-08-04 20:43:42 | INFO     | engineer             |   FE_diag_med_ratio          : number_diagnoses / (num_medications + 1)
2026-08-04 20:43:42 | INFO     | engineer             | --------------------------------------------------
2026-08-04 20:43:42 | INFO     | engineer             | Group D: Lab & Procedure Load
2026-08-04 20:43:42 | INFO     | engineer             |   FE_high_lab_load           : num_lab_procedures >= 56
2026-08-04 20:43:42 | INFO     | engineer             |   FE_no_procedures           : num_procedures == 0
2026-08-04 20:43:42 | INFO     | engineer             |   FE_lab_to_procedure_ratio  : num_lab_procedures / (num_procedures + 1)
2026-08-04 20:43:42 | INFO     | engineer             | --------------------------------------------------
2026-08-04 20:43:42 | INFO     | engineer             | Group E: Prior Utilization
2026-08-04 20:43:42 | INFO     | engineer             |   FE_total_prior_contacts    : inpatient + outpatient + emergency
2026-08-04 20:43:42 | INFO     | engineer             |   FE_has_prior_emergency     : number_emergency > 0
2026-08-04 20:43:42 | INFO     | engineer             |   FE_has_prior_inpatient     : number_inpatient > 0
2026-08-04 20:43:42 | INFO     | engineer             |   FE_high_prior_utilization  : total_prior_contacts >= 1.10
2026-08-04 20:43:42 | INFO     | engineer             |   FE_multi_channel_utilizer  : count of channels with > 0 visits
2026-08-04 20:43:42 | INFO     | engineer             | --------------------------------------------------
2026-08-04 20:43:42 | INFO     | engineer             | Group F: Diabetes Management
2026-08-04 20:43:42 | INFO     | engineer             |   FE_insulin_prescribed      : insulin > 0 (Steady/Up/Down)
2026-08-04 20:43:42 | INFO     | engineer             |   FE_insulin_changed         : insulin Up or Down
2026-08-04 20:43:42 | INFO     | engineer             |   FE_insulin_increased       : insulin Up only
2026-08-04 20:43:42 | INFO     | engineer             |   FE_metformin_prescribed    : metformin > 0
2026-08-04 20:43:42 | INFO     | engineer             |   FE_metformin_changed       : metformin Up or Down
2026-08-04 20:43:42 | INFO     | engineer             |   FE_on_diabetes_med         : diabetesMed (pass-through alias)
2026-08-04 20:43:42 | INFO     | engineer             |   FE_med_regimen_changed     : change (pass-through alias)
2026-08-04 20:43:42 | INFO     | engineer             |   FE_glycemic_risk_score     : sum of 3 glycemic indicators
2026-08-04 20:43:42 | INFO     | engineer             | --------------------------------------------------
2026-08-04 20:43:42 | INFO     | engineer             | Group G: Interaction Features
2026-08-04 20:43:42 | INFO     | engineer             |   FE_inpatient_x_polypharmacy : prior_inpatient × polypharmacy
2026-08-04 20:43:42 | INFO     | engineer             |   FE_high_util_x_med_change  : high_utilization × any_med_changed
2026-08-04 20:43:42 | INFO     | engineer             |   FE_comorbidity_x_lab_load  : high_comorbidity × high_lab_load
2026-08-04 20:43:42 | INFO     | engineer             |   FE_glycemic_x_emergency    : glycemic_risk_score × has_prior_emergency
2026-08-04 20:43:42 | INFO     | engineer             |   FE_labs_per_day_x_comorbidity : labs_per_day × high_comorbidity
2026-08-04 20:43:42 | INFO     | engineer             | --------------------------------------------------
2026-08-04 20:43:42 | INFO     | engineer             | Null audit on FE_ columns [val]
2026-08-04 20:43:42 | INFO     | engineer             |   All 38 FE_ columns are null-free — OK
2026-08-04 20:43:42 | INFO     | engineer             | ======================================================================
2026-08-04 20:43:42 | INFO     | engineer             | transform complete [val] — shape: (20949, 80)
2026-08-04 20:43:42 | INFO     | engineer             | ======================================================================
2026-08-04 20:43:42 | INFO     | engineer             | ======================================================================
2026-08-04 20:43:42 | INFO     | engineer             | DriftSentinel — Feature Engineer  [transform on TEST]
2026-08-04 20:43:42 | INFO     | engineer             | ======================================================================
2026-08-04 20:43:42 | INFO     | engineer             | Input shape  : (17325, 42)
2026-08-04 20:43:42 | INFO     | engineer             | --------------------------------------------------
2026-08-04 20:43:42 | INFO     | engineer             | Group A: Utilization Intensity
2026-08-04 20:43:42 | INFO     | engineer             |   FE_total_clinical_contacts : time + procedures + labs
2026-08-04 20:43:42 | INFO     | engineer             |   FE_labs_per_day            : num_lab_procedures / time_in_hospital
2026-08-04 20:43:42 | INFO     | engineer             |   FE_meds_per_day            : num_medications / time_in_hospital
2026-08-04 20:43:42 | INFO     | engineer             |   FE_procedure_density       : num_procedures / (num_lab_procedures + 1)
2026-08-04 20:43:42 | INFO     | engineer             |   FE_high_utilization        : >= 62.00  n=5,001
2026-08-04 20:43:42 | INFO     | engineer             | --------------------------------------------------
2026-08-04 20:43:42 | INFO     | engineer             | Group B: Medication Complexity
2026-08-04 20:43:42 | INFO     | engineer             |   FE_n_active_ordinal_meds   : sum of 9 ordinal meds > 0
2026-08-04 20:43:42 | INFO     | engineer             |   FE_n_active_binary_meds    : sum of 7 binary meds
2026-08-04 20:43:42 | INFO     | engineer             |   FE_total_active_meds       : ordinal_active + binary_active
2026-08-04 20:43:42 | INFO     | engineer             |   FE_n_med_changes           : meds with Up or Down dose
2026-08-04 20:43:42 | INFO     | engineer             |   FE_n_med_increases         : meds with Up dose only
2026-08-04 20:43:42 | INFO     | engineer             |   FE_n_med_decreases         : meds with Down dose only
2026-08-04 20:43:42 | INFO     | engineer             |   FE_any_med_changed         : binary flag, at least one dose change
2026-08-04 20:43:42 | INFO     | engineer             |   FE_polypharmacy            : total_active_meds >= 5 (clinical threshold)
2026-08-04 20:43:42 | INFO     | engineer             |   FE_med_coverage_ratio      : total_active_meds / (num_medications + 1)
2026-08-04 20:43:42 | INFO     | engineer             | --------------------------------------------------
2026-08-04 20:43:42 | INFO     | engineer             | Group C: Diagnosis Burden
2026-08-04 20:43:42 | INFO     | engineer             |   FE_high_comorbidity        : number_diagnoses >= 9
2026-08-04 20:43:42 | INFO     | engineer             |   FE_diagnoses_per_day       : number_diagnoses / time_in_hospital
2026-08-04 20:43:42 | INFO     | engineer             |   FE_diag_med_ratio          : number_diagnoses / (num_medications + 1)
2026-08-04 20:43:42 | INFO     | engineer             | --------------------------------------------------
2026-08-04 20:43:42 | INFO     | engineer             | Group D: Lab & Procedure Load
2026-08-04 20:43:42 | INFO     | engineer             |   FE_high_lab_load           : num_lab_procedures >= 56
2026-08-04 20:43:42 | INFO     | engineer             |   FE_no_procedures           : num_procedures == 0
2026-08-04 20:43:42 | INFO     | engineer             |   FE_lab_to_procedure_ratio  : num_lab_procedures / (num_procedures + 1)
2026-08-04 20:43:42 | INFO     | engineer             | --------------------------------------------------
2026-08-04 20:43:42 | INFO     | engineer             | Group E: Prior Utilization
2026-08-04 20:43:42 | INFO     | engineer             |   FE_total_prior_contacts    : inpatient + outpatient + emergency
2026-08-04 20:43:42 | INFO     | engineer             |   FE_has_prior_emergency     : number_emergency > 0
2026-08-04 20:43:42 | INFO     | engineer             |   FE_has_prior_inpatient     : number_inpatient > 0
2026-08-04 20:43:42 | INFO     | engineer             |   FE_high_prior_utilization  : total_prior_contacts >= 1.10
2026-08-04 20:43:42 | INFO     | engineer             |   FE_multi_channel_utilizer  : count of channels with > 0 visits
2026-08-04 20:43:42 | INFO     | engineer             | --------------------------------------------------
2026-08-04 20:43:42 | INFO     | engineer             | Group F: Diabetes Management
2026-08-04 20:43:42 | INFO     | engineer             |   FE_insulin_prescribed      : insulin > 0 (Steady/Up/Down)
2026-08-04 20:43:42 | INFO     | engineer             |   FE_insulin_changed         : insulin Up or Down
2026-08-04 20:43:42 | INFO     | engineer             |   FE_insulin_increased       : insulin Up only
2026-08-04 20:43:42 | INFO     | engineer             |   FE_metformin_prescribed    : metformin > 0
2026-08-04 20:43:42 | INFO     | engineer             |   FE_metformin_changed       : metformin Up or Down
2026-08-04 20:43:42 | INFO     | engineer             |   FE_on_diabetes_med         : diabetesMed (pass-through alias)
2026-08-04 20:43:42 | INFO     | engineer             |   FE_med_regimen_changed     : change (pass-through alias)
2026-08-04 20:43:42 | INFO     | engineer             |   FE_glycemic_risk_score     : sum of 3 glycemic indicators
2026-08-04 20:43:42 | INFO     | engineer             | --------------------------------------------------
2026-08-04 20:43:42 | INFO     | engineer             | Group G: Interaction Features
2026-08-04 20:43:42 | INFO     | engineer             |   FE_inpatient_x_polypharmacy : prior_inpatient × polypharmacy
2026-08-04 20:43:42 | INFO     | engineer             |   FE_high_util_x_med_change  : high_utilization × any_med_changed
2026-08-04 20:43:42 | INFO     | engineer             |   FE_comorbidity_x_lab_load  : high_comorbidity × high_lab_load
2026-08-04 20:43:42 | INFO     | engineer             |   FE_glycemic_x_emergency    : glycemic_risk_score × has_prior_emergency
2026-08-04 20:43:42 | INFO     | engineer             |   FE_labs_per_day_x_comorbidity : labs_per_day × high_comorbidity
2026-08-04 20:43:42 | INFO     | engineer             | --------------------------------------------------
2026-08-04 20:43:42 | INFO     | engineer             | Null audit on FE_ columns [test]
2026-08-04 20:43:42 | INFO     | engineer             |   All 38 FE_ columns are null-free — OK
2026-08-04 20:43:42 | INFO     | engineer             | ======================================================================
2026-08-04 20:43:42 | INFO     | engineer             | transform complete [test] — shape: (17325, 80)
2026-08-04 20:43:42 | INFO     | engineer             | ======================================================================
2026-08-04 20:48:04 | INFO     | engineer             | ===== RUN 20260804-204759-229d57 | pid=20292 | started 2026-08-04 20:48:04 =====
2026-08-04 20:48:04 | INFO     | engineer             | ======================================================================
2026-08-04 20:48:04 | INFO     | engineer             | DriftSentinel — Feature Engineer  [fit_transform on TRAIN]
2026-08-04 20:48:04 | INFO     | engineer             | ======================================================================
2026-08-04 20:48:04 | INFO     | engineer             | Input shape  : (63492, 42)
2026-08-04 20:48:04 | INFO     | engineer             | Existing FE_ columns: 0
2026-08-04 20:48:04 | INFO     | engineer             | --------------------------------------------------
2026-08-04 20:48:04 | INFO     | engineer             | Group A: Utilization Intensity
2026-08-04 20:48:04 | INFO     | engineer             |   FE_total_clinical_contacts : time + procedures + labs
2026-08-04 20:48:04 | INFO     | engineer             |   FE_labs_per_day            : num_lab_procedures / time_in_hospital
2026-08-04 20:48:04 | INFO     | engineer             |   FE_meds_per_day            : num_medications / time_in_hospital
2026-08-04 20:48:04 | INFO     | engineer             |   FE_procedure_density       : num_procedures / (num_lab_procedures + 1)
2026-08-04 20:48:04 | INFO     | engineer             |   FE_high_utilization threshold (Q75, train) = 62.00
2026-08-04 20:48:04 | INFO     | engineer             |   FE_high_utilization        : >= 62.00  n=16,716
2026-08-04 20:48:04 | INFO     | engineer             | --------------------------------------------------
2026-08-04 20:48:04 | INFO     | engineer             | Group B: Medication Complexity
2026-08-04 20:48:04 | INFO     | engineer             |   FE_n_active_ordinal_meds   : sum of 9 ordinal meds > 0
2026-08-04 20:48:04 | INFO     | engineer             |   FE_n_active_binary_meds    : sum of 7 binary meds
2026-08-04 20:48:04 | INFO     | engineer             |   FE_total_active_meds       : ordinal_active + binary_active
2026-08-04 20:48:04 | INFO     | engineer             |   FE_n_med_changes           : meds with Up or Down dose
2026-08-04 20:48:04 | INFO     | engineer             |   FE_n_med_increases         : meds with Up dose only
2026-08-04 20:48:04 | INFO     | engineer             |   FE_n_med_decreases         : meds with Down dose only
2026-08-04 20:48:04 | INFO     | engineer             |   FE_any_med_changed         : binary flag, at least one dose change
2026-08-04 20:48:04 | INFO     | engineer             |   FE_polypharmacy            : total_active_meds >= 5 (clinical threshold)
2026-08-04 20:48:04 | INFO     | engineer             |   FE_med_coverage_ratio      : total_active_meds / (num_medications + 1)
2026-08-04 20:48:04 | INFO     | engineer             | --------------------------------------------------
2026-08-04 20:48:04 | INFO     | engineer             | Group C: Diagnosis Burden
2026-08-04 20:48:04 | INFO     | engineer             |   FE_high_comorbidity threshold (Q75, train) = 9.00
2026-08-04 20:48:04 | INFO     | engineer             |   FE_high_comorbidity        : number_diagnoses >= 9
2026-08-04 20:48:04 | INFO     | engineer             |   FE_diagnoses_per_day       : number_diagnoses / time_in_hospital
2026-08-04 20:48:04 | INFO     | engineer             |   FE_diag_med_ratio          : number_diagnoses / (num_medications + 1)
2026-08-04 20:48:04 | INFO     | engineer             | --------------------------------------------------
2026-08-04 20:48:04 | INFO     | engineer             | Group D: Lab & Procedure Load
2026-08-04 20:48:04 | INFO     | engineer             |   FE_high_lab_load threshold (Q75, train) = 56.00
2026-08-04 20:48:04 | INFO     | engineer             |   FE_high_lab_load           : num_lab_procedures >= 56
2026-08-04 20:48:04 | INFO     | engineer             |   FE_no_procedures           : num_procedures == 0
2026-08-04 20:48:04 | INFO     | engineer             |   FE_lab_to_procedure_ratio  : num_lab_procedures / (num_procedures + 1)
2026-08-04 20:48:04 | INFO     | engineer             | --------------------------------------------------
2026-08-04 20:48:04 | INFO     | engineer             | Group E: Prior Utilization
2026-08-04 20:48:04 | INFO     | engineer             |   FE_total_prior_contacts    : inpatient + outpatient + emergency
2026-08-04 20:48:04 | INFO     | engineer             |   FE_has_prior_emergency     : number_emergency > 0
2026-08-04 20:48:04 | INFO     | engineer             |   FE_has_prior_inpatient     : number_inpatient > 0
2026-08-04 20:48:04 | INFO     | engineer             |   FE_high_prior_utilization threshold (Q75, train) = 1.10
2026-08-04 20:48:04 | INFO     | engineer             |   FE_high_prior_utilization  : total_prior_contacts >= 1.10
2026-08-04 20:48:04 | INFO     | engineer             |   FE_multi_channel_utilizer  : count of channels with > 0 visits
2026-08-04 20:48:04 | INFO     | engineer             | --------------------------------------------------
2026-08-04 20:48:04 | INFO     | engineer             | Group F: Diabetes Management
2026-08-04 20:48:04 | INFO     | engineer             |   FE_insulin_prescribed      : insulin > 0 (Steady/Up/Down)
2026-08-04 20:48:04 | INFO     | engineer             |   FE_insulin_changed         : insulin Up or Down
2026-08-04 20:48:04 | INFO     | engineer             |   FE_insulin_increased       : insulin Up only
2026-08-04 20:48:04 | INFO     | engineer             |   FE_metformin_prescribed    : metformin > 0
2026-08-04 20:48:04 | INFO     | engineer             |   FE_metformin_changed       : metformin Up or Down
2026-08-04 20:48:04 | INFO     | engineer             |   FE_on_diabetes_med         : diabetesMed (pass-through alias)
2026-08-04 20:48:04 | INFO     | engineer             |   FE_med_regimen_changed     : change (pass-through alias)
2026-08-04 20:48:04 | INFO     | engineer             |   FE_glycemic_risk_score     : sum of 3 glycemic indicators
2026-08-04 20:48:04 | INFO     | engineer             | --------------------------------------------------
2026-08-04 20:48:04 | INFO     | engineer             | Group G: Interaction Features
2026-08-04 20:48:04 | INFO     | engineer             |   FE_inpatient_x_polypharmacy : prior_inpatient × polypharmacy
2026-08-04 20:48:04 | INFO     | engineer             |   FE_high_util_x_med_change  : high_utilization × any_med_changed
2026-08-04 20:48:04 | INFO     | engineer             |   FE_comorbidity_x_lab_load  : high_comorbidity × high_lab_load
2026-08-04 20:48:04 | INFO     | engineer             |   FE_glycemic_x_emergency    : glycemic_risk_score × has_prior_emergency
2026-08-04 20:48:04 | INFO     | engineer             |   FE_labs_per_day_x_comorbidity : labs_per_day × high_comorbidity
2026-08-04 20:48:04 | INFO     | engineer             | --------------------------------------------------
2026-08-04 20:48:04 | INFO     | engineer             | Null audit on FE_ columns [train]
2026-08-04 20:48:04 | INFO     | engineer             |   All 38 FE_ columns are null-free — OK
2026-08-04 20:48:04 | INFO     | engineer             | --------------------------------------------------
2026-08-04 20:48:04 | INFO     | engineer             | Leakage guard: FE_ features vs target correlation
2026-08-04 20:48:04 | INFO     | engineer             |   Leakage guard passed — no |r| > 0.80 among 38 FE_ features
2026-08-04 20:48:04 | INFO     | engineer             |   fe_train_stats.json saved -> C:\Users\sharg\Desktop\github\DriftSentinel\outputs\artifacts\fe_train_stats.json
2026-08-04 20:48:04 | INFO     | engineer             |   fe_feature_names.json saved -> C:\Users\sharg\Desktop\github\DriftSentinel\outputs\artifacts\fe_feature_names.json
2026-08-04 20:48:04 | INFO     | engineer             |   feature_engineer.pkl saved -> C:\Users\sharg\Desktop\github\DriftSentinel\outputs\artifacts\feature_engineer.pkl
2026-08-04 20:48:04 | INFO     | engineer             | ======================================================================
2026-08-04 20:48:04 | INFO     | engineer             | fit_transform complete — shape: (63492, 80)
2026-08-04 20:48:04 | INFO     | engineer             | FE_ features created: 38
2026-08-04 20:48:04 | INFO     | engineer             | ======================================================================
2026-08-04 20:48:04 | INFO     | engineer             | ======================================================================
2026-08-04 20:48:04 | INFO     | engineer             | DriftSentinel — Feature Engineer  [transform on VAL]
2026-08-04 20:48:04 | INFO     | engineer             | ======================================================================
2026-08-04 20:48:04 | INFO     | engineer             | Input shape  : (20949, 42)
2026-08-04 20:48:04 | INFO     | engineer             | --------------------------------------------------
2026-08-04 20:48:04 | INFO     | engineer             | Group A: Utilization Intensity
2026-08-04 20:48:04 | INFO     | engineer             |   FE_total_clinical_contacts : time + procedures + labs
2026-08-04 20:48:04 | INFO     | engineer             |   FE_labs_per_day            : num_lab_procedures / time_in_hospital
2026-08-04 20:48:04 | INFO     | engineer             |   FE_meds_per_day            : num_medications / time_in_hospital
2026-08-04 20:48:04 | INFO     | engineer             |   FE_procedure_density       : num_procedures / (num_lab_procedures + 1)
2026-08-04 20:48:04 | INFO     | engineer             |   FE_high_utilization        : >= 62.00  n=6,392
2026-08-04 20:48:04 | INFO     | engineer             | --------------------------------------------------
2026-08-04 20:48:04 | INFO     | engineer             | Group B: Medication Complexity
2026-08-04 20:48:04 | INFO     | engineer             |   FE_n_active_ordinal_meds   : sum of 9 ordinal meds > 0
2026-08-04 20:48:04 | INFO     | engineer             |   FE_n_active_binary_meds    : sum of 7 binary meds
2026-08-04 20:48:04 | INFO     | engineer             |   FE_total_active_meds       : ordinal_active + binary_active
2026-08-04 20:48:04 | INFO     | engineer             |   FE_n_med_changes           : meds with Up or Down dose
2026-08-04 20:48:04 | INFO     | engineer             |   FE_n_med_increases         : meds with Up dose only
2026-08-04 20:48:04 | INFO     | engineer             |   FE_n_med_decreases         : meds with Down dose only
2026-08-04 20:48:04 | INFO     | engineer             |   FE_any_med_changed         : binary flag, at least one dose change
2026-08-04 20:48:04 | INFO     | engineer             |   FE_polypharmacy            : total_active_meds >= 5 (clinical threshold)
2026-08-04 20:48:04 | INFO     | engineer             |   FE_med_coverage_ratio      : total_active_meds / (num_medications + 1)
2026-08-04 20:48:04 | INFO     | engineer             | --------------------------------------------------
2026-08-04 20:48:04 | INFO     | engineer             | Group C: Diagnosis Burden
2026-08-04 20:48:04 | INFO     | engineer             |   FE_high_comorbidity        : number_diagnoses >= 9
2026-08-04 20:48:04 | INFO     | engineer             |   FE_diagnoses_per_day       : number_diagnoses / time_in_hospital
2026-08-04 20:48:04 | INFO     | engineer             |   FE_diag_med_ratio          : number_diagnoses / (num_medications + 1)
2026-08-04 20:48:04 | INFO     | engineer             | --------------------------------------------------
2026-08-04 20:48:04 | INFO     | engineer             | Group D: Lab & Procedure Load
2026-08-04 20:48:04 | INFO     | engineer             |   FE_high_lab_load           : num_lab_procedures >= 56
2026-08-04 20:48:04 | INFO     | engineer             |   FE_no_procedures           : num_procedures == 0
2026-08-04 20:48:04 | INFO     | engineer             |   FE_lab_to_procedure_ratio  : num_lab_procedures / (num_procedures + 1)
2026-08-04 20:48:04 | INFO     | engineer             | --------------------------------------------------
2026-08-04 20:48:04 | INFO     | engineer             | Group E: Prior Utilization
2026-08-04 20:48:04 | INFO     | engineer             |   FE_total_prior_contacts    : inpatient + outpatient + emergency
2026-08-04 20:48:04 | INFO     | engineer             |   FE_has_prior_emergency     : number_emergency > 0
2026-08-04 20:48:04 | INFO     | engineer             |   FE_has_prior_inpatient     : number_inpatient > 0
2026-08-04 20:48:04 | INFO     | engineer             |   FE_high_prior_utilization  : total_prior_contacts >= 1.10
2026-08-04 20:48:04 | INFO     | engineer             |   FE_multi_channel_utilizer  : count of channels with > 0 visits
2026-08-04 20:48:04 | INFO     | engineer             | --------------------------------------------------
2026-08-04 20:48:04 | INFO     | engineer             | Group F: Diabetes Management
2026-08-04 20:48:04 | INFO     | engineer             |   FE_insulin_prescribed      : insulin > 0 (Steady/Up/Down)
2026-08-04 20:48:04 | INFO     | engineer             |   FE_insulin_changed         : insulin Up or Down
2026-08-04 20:48:04 | INFO     | engineer             |   FE_insulin_increased       : insulin Up only
2026-08-04 20:48:04 | INFO     | engineer             |   FE_metformin_prescribed    : metformin > 0
2026-08-04 20:48:04 | INFO     | engineer             |   FE_metformin_changed       : metformin Up or Down
2026-08-04 20:48:04 | INFO     | engineer             |   FE_on_diabetes_med         : diabetesMed (pass-through alias)
2026-08-04 20:48:04 | INFO     | engineer             |   FE_med_regimen_changed     : change (pass-through alias)
2026-08-04 20:48:04 | INFO     | engineer             |   FE_glycemic_risk_score     : sum of 3 glycemic indicators
2026-08-04 20:48:04 | INFO     | engineer             | --------------------------------------------------
2026-08-04 20:48:04 | INFO     | engineer             | Group G: Interaction Features
2026-08-04 20:48:04 | INFO     | engineer             |   FE_inpatient_x_polypharmacy : prior_inpatient × polypharmacy
2026-08-04 20:48:04 | INFO     | engineer             |   FE_high_util_x_med_change  : high_utilization × any_med_changed
2026-08-04 20:48:04 | INFO     | engineer             |   FE_comorbidity_x_lab_load  : high_comorbidity × high_lab_load
2026-08-04 20:48:04 | INFO     | engineer             |   FE_glycemic_x_emergency    : glycemic_risk_score × has_prior_emergency
2026-08-04 20:48:04 | INFO     | engineer             |   FE_labs_per_day_x_comorbidity : labs_per_day × high_comorbidity
2026-08-04 20:48:04 | INFO     | engineer             | --------------------------------------------------
2026-08-04 20:48:04 | INFO     | engineer             | Null audit on FE_ columns [val]
2026-08-04 20:48:04 | INFO     | engineer             |   All 38 FE_ columns are null-free — OK
2026-08-04 20:48:04 | INFO     | engineer             | ======================================================================
2026-08-04 20:48:04 | INFO     | engineer             | transform complete [val] — shape: (20949, 80)
2026-08-04 20:48:04 | INFO     | engineer             | ======================================================================
2026-08-04 20:48:04 | INFO     | engineer             | ======================================================================
2026-08-04 20:48:04 | INFO     | engineer             | DriftSentinel — Feature Engineer  [transform on TEST]
2026-08-04 20:48:04 | INFO     | engineer             | ======================================================================
2026-08-04 20:48:04 | INFO     | engineer             | Input shape  : (17325, 42)
2026-08-04 20:48:04 | INFO     | engineer             | --------------------------------------------------
2026-08-04 20:48:04 | INFO     | engineer             | Group A: Utilization Intensity
2026-08-04 20:48:04 | INFO     | engineer             |   FE_total_clinical_contacts : time + procedures + labs
2026-08-04 20:48:04 | INFO     | engineer             |   FE_labs_per_day            : num_lab_procedures / time_in_hospital
2026-08-04 20:48:04 | INFO     | engineer             |   FE_meds_per_day            : num_medications / time_in_hospital
2026-08-04 20:48:04 | INFO     | engineer             |   FE_procedure_density       : num_procedures / (num_lab_procedures + 1)
2026-08-04 20:48:04 | INFO     | engineer             |   FE_high_utilization        : >= 62.00  n=5,001
2026-08-04 20:48:04 | INFO     | engineer             | --------------------------------------------------
2026-08-04 20:48:04 | INFO     | engineer             | Group B: Medication Complexity
2026-08-04 20:48:04 | INFO     | engineer             |   FE_n_active_ordinal_meds   : sum of 9 ordinal meds > 0
2026-08-04 20:48:04 | INFO     | engineer             |   FE_n_active_binary_meds    : sum of 7 binary meds
2026-08-04 20:48:04 | INFO     | engineer             |   FE_total_active_meds       : ordinal_active + binary_active
2026-08-04 20:48:04 | INFO     | engineer             |   FE_n_med_changes           : meds with Up or Down dose
2026-08-04 20:48:04 | INFO     | engineer             |   FE_n_med_increases         : meds with Up dose only
2026-08-04 20:48:04 | INFO     | engineer             |   FE_n_med_decreases         : meds with Down dose only
2026-08-04 20:48:04 | INFO     | engineer             |   FE_any_med_changed         : binary flag, at least one dose change
2026-08-04 20:48:04 | INFO     | engineer             |   FE_polypharmacy            : total_active_meds >= 5 (clinical threshold)
2026-08-04 20:48:04 | INFO     | engineer             |   FE_med_coverage_ratio      : total_active_meds / (num_medications + 1)
2026-08-04 20:48:04 | INFO     | engineer             | --------------------------------------------------
2026-08-04 20:48:04 | INFO     | engineer             | Group C: Diagnosis Burden
2026-08-04 20:48:04 | INFO     | engineer             |   FE_high_comorbidity        : number_diagnoses >= 9
2026-08-04 20:48:04 | INFO     | engineer             |   FE_diagnoses_per_day       : number_diagnoses / time_in_hospital
2026-08-04 20:48:04 | INFO     | engineer             |   FE_diag_med_ratio          : number_diagnoses / (num_medications + 1)
2026-08-04 20:48:04 | INFO     | engineer             | --------------------------------------------------
2026-08-04 20:48:04 | INFO     | engineer             | Group D: Lab & Procedure Load
2026-08-04 20:48:04 | INFO     | engineer             |   FE_high_lab_load           : num_lab_procedures >= 56
2026-08-04 20:48:04 | INFO     | engineer             |   FE_no_procedures           : num_procedures == 0
2026-08-04 20:48:04 | INFO     | engineer             |   FE_lab_to_procedure_ratio  : num_lab_procedures / (num_procedures + 1)
2026-08-04 20:48:04 | INFO     | engineer             | --------------------------------------------------
2026-08-04 20:48:04 | INFO     | engineer             | Group E: Prior Utilization
2026-08-04 20:48:04 | INFO     | engineer             |   FE_total_prior_contacts    : inpatient + outpatient + emergency
2026-08-04 20:48:04 | INFO     | engineer             |   FE_has_prior_emergency     : number_emergency > 0
2026-08-04 20:48:04 | INFO     | engineer             |   FE_has_prior_inpatient     : number_inpatient > 0
2026-08-04 20:48:04 | INFO     | engineer             |   FE_high_prior_utilization  : total_prior_contacts >= 1.10
2026-08-04 20:48:04 | INFO     | engineer             |   FE_multi_channel_utilizer  : count of channels with > 0 visits
2026-08-04 20:48:04 | INFO     | engineer             | --------------------------------------------------
2026-08-04 20:48:04 | INFO     | engineer             | Group F: Diabetes Management
2026-08-04 20:48:04 | INFO     | engineer             |   FE_insulin_prescribed      : insulin > 0 (Steady/Up/Down)
2026-08-04 20:48:04 | INFO     | engineer             |   FE_insulin_changed         : insulin Up or Down
2026-08-04 20:48:04 | INFO     | engineer             |   FE_insulin_increased       : insulin Up only
2026-08-04 20:48:04 | INFO     | engineer             |   FE_metformin_prescribed    : metformin > 0
2026-08-04 20:48:04 | INFO     | engineer             |   FE_metformin_changed       : metformin Up or Down
2026-08-04 20:48:04 | INFO     | engineer             |   FE_on_diabetes_med         : diabetesMed (pass-through alias)
2026-08-04 20:48:04 | INFO     | engineer             |   FE_med_regimen_changed     : change (pass-through alias)
2026-08-04 20:48:04 | INFO     | engineer             |   FE_glycemic_risk_score     : sum of 3 glycemic indicators
2026-08-04 20:48:04 | INFO     | engineer             | --------------------------------------------------
2026-08-04 20:48:04 | INFO     | engineer             | Group G: Interaction Features
2026-08-04 20:48:04 | INFO     | engineer             |   FE_inpatient_x_polypharmacy : prior_inpatient × polypharmacy
2026-08-04 20:48:04 | INFO     | engineer             |   FE_high_util_x_med_change  : high_utilization × any_med_changed
2026-08-04 20:48:04 | INFO     | engineer             |   FE_comorbidity_x_lab_load  : high_comorbidity × high_lab_load
2026-08-04 20:48:04 | INFO     | engineer             |   FE_glycemic_x_emergency    : glycemic_risk_score × has_prior_emergency
2026-08-04 20:48:04 | INFO     | engineer             |   FE_labs_per_day_x_comorbidity : labs_per_day × high_comorbidity
2026-08-04 20:48:04 | INFO     | engineer             | --------------------------------------------------
2026-08-04 20:48:04 | INFO     | engineer             | Null audit on FE_ columns [test]
2026-08-04 20:48:04 | INFO     | engineer             |   All 38 FE_ columns are null-free — OK
2026-08-04 20:48:04 | INFO     | engineer             | ======================================================================
2026-08-04 20:48:04 | INFO     | engineer             | transform complete [test] — shape: (17325, 80)
2026-08-04 20:48:04 | INFO     | engineer             | ======================================================================
2026-08-04 21:08:46 | INFO     | engineer             | ===== RUN 20260804-210841-a57669 | pid=27220 | started 2026-08-04 21:08:46 =====
2026-08-04 21:08:46 | INFO     | engineer             | ======================================================================
2026-08-04 21:08:46 | INFO     | engineer             | DriftSentinel — Feature Engineer  [fit_transform on TRAIN]
2026-08-04 21:08:46 | INFO     | engineer             | ======================================================================
2026-08-04 21:08:46 | INFO     | engineer             | Input shape  : (63492, 42)
2026-08-04 21:08:46 | INFO     | engineer             | Existing FE_ columns: 0
2026-08-04 21:08:46 | INFO     | engineer             | --------------------------------------------------
2026-08-04 21:08:46 | INFO     | engineer             | Group A: Utilization Intensity
2026-08-04 21:08:46 | INFO     | engineer             |   FE_total_clinical_contacts : time + procedures + labs
2026-08-04 21:08:46 | INFO     | engineer             |   FE_labs_per_day            : num_lab_procedures / time_in_hospital
2026-08-04 21:08:46 | INFO     | engineer             |   FE_meds_per_day            : num_medications / time_in_hospital
2026-08-04 21:08:46 | INFO     | engineer             |   FE_procedure_density       : num_procedures / (num_lab_procedures + 1)
2026-08-04 21:08:46 | INFO     | engineer             |   FE_high_utilization threshold (Q75, train) = 62.00
2026-08-04 21:08:46 | INFO     | engineer             |   FE_high_utilization        : >= 62.00  n=16,716
2026-08-04 21:08:46 | INFO     | engineer             | --------------------------------------------------
2026-08-04 21:08:46 | INFO     | engineer             | Group B: Medication Complexity
2026-08-04 21:08:46 | INFO     | engineer             |   FE_n_active_ordinal_meds   : sum of 9 ordinal meds > 0
2026-08-04 21:08:46 | INFO     | engineer             |   FE_n_active_binary_meds    : sum of 7 binary meds
2026-08-04 21:08:46 | INFO     | engineer             |   FE_total_active_meds       : ordinal_active + binary_active
2026-08-04 21:08:46 | INFO     | engineer             |   FE_n_med_changes           : meds with Up or Down dose
2026-08-04 21:08:46 | INFO     | engineer             |   FE_n_med_increases         : meds with Up dose only
2026-08-04 21:08:46 | INFO     | engineer             |   FE_n_med_decreases         : meds with Down dose only
2026-08-04 21:08:46 | INFO     | engineer             |   FE_any_med_changed         : binary flag, at least one dose change
2026-08-04 21:08:46 | INFO     | engineer             |   FE_polypharmacy            : total_active_meds >= 5 (clinical threshold)
2026-08-04 21:08:46 | INFO     | engineer             |   FE_med_coverage_ratio      : total_active_meds / (num_medications + 1)
2026-08-04 21:08:46 | INFO     | engineer             | --------------------------------------------------
2026-08-04 21:08:46 | INFO     | engineer             | Group C: Diagnosis Burden
2026-08-04 21:08:46 | INFO     | engineer             |   FE_high_comorbidity threshold (Q75, train) = 9.00
2026-08-04 21:08:46 | INFO     | engineer             |   FE_high_comorbidity        : number_diagnoses >= 9
2026-08-04 21:08:46 | INFO     | engineer             |   FE_diagnoses_per_day       : number_diagnoses / time_in_hospital
2026-08-04 21:08:46 | INFO     | engineer             |   FE_diag_med_ratio          : number_diagnoses / (num_medications + 1)
2026-08-04 21:08:46 | INFO     | engineer             | --------------------------------------------------
2026-08-04 21:08:46 | INFO     | engineer             | Group D: Lab & Procedure Load
2026-08-04 21:08:46 | INFO     | engineer             |   FE_high_lab_load threshold (Q75, train) = 56.00
2026-08-04 21:08:46 | INFO     | engineer             |   FE_high_lab_load           : num_lab_procedures >= 56
2026-08-04 21:08:46 | INFO     | engineer             |   FE_no_procedures           : num_procedures == 0
2026-08-04 21:08:46 | INFO     | engineer             |   FE_lab_to_procedure_ratio  : num_lab_procedures / (num_procedures + 1)
2026-08-04 21:08:46 | INFO     | engineer             | --------------------------------------------------
2026-08-04 21:08:46 | INFO     | engineer             | Group E: Prior Utilization
2026-08-04 21:08:46 | INFO     | engineer             |   FE_total_prior_contacts    : inpatient + outpatient + emergency
2026-08-04 21:08:46 | INFO     | engineer             |   FE_has_prior_emergency     : number_emergency > 0
2026-08-04 21:08:46 | INFO     | engineer             |   FE_has_prior_inpatient     : number_inpatient > 0
2026-08-04 21:08:46 | INFO     | engineer             |   FE_high_prior_utilization threshold (Q75, train) = 1.10
2026-08-04 21:08:46 | INFO     | engineer             |   FE_high_prior_utilization  : total_prior_contacts >= 1.10
2026-08-04 21:08:46 | INFO     | engineer             |   FE_multi_channel_utilizer  : count of channels with > 0 visits
2026-08-04 21:08:46 | INFO     | engineer             | --------------------------------------------------
2026-08-04 21:08:46 | INFO     | engineer             | Group F: Diabetes Management
2026-08-04 21:08:46 | INFO     | engineer             |   FE_insulin_prescribed      : insulin > 0 (Steady/Up/Down)
2026-08-04 21:08:46 | INFO     | engineer             |   FE_insulin_changed         : insulin Up or Down
2026-08-04 21:08:46 | INFO     | engineer             |   FE_insulin_increased       : insulin Up only
2026-08-04 21:08:46 | INFO     | engineer             |   FE_metformin_prescribed    : metformin > 0
2026-08-04 21:08:46 | INFO     | engineer             |   FE_metformin_changed       : metformin Up or Down
2026-08-04 21:08:46 | INFO     | engineer             |   FE_on_diabetes_med         : diabetesMed (pass-through alias)
2026-08-04 21:08:46 | INFO     | engineer             |   FE_med_regimen_changed     : change (pass-through alias)
2026-08-04 21:08:46 | INFO     | engineer             |   FE_glycemic_risk_score     : sum of 3 glycemic indicators
2026-08-04 21:08:46 | INFO     | engineer             | --------------------------------------------------
2026-08-04 21:08:46 | INFO     | engineer             | Group G: Interaction Features
2026-08-04 21:08:46 | INFO     | engineer             |   FE_inpatient_x_polypharmacy : prior_inpatient × polypharmacy
2026-08-04 21:08:46 | INFO     | engineer             |   FE_high_util_x_med_change  : high_utilization × any_med_changed
2026-08-04 21:08:46 | INFO     | engineer             |   FE_comorbidity_x_lab_load  : high_comorbidity × high_lab_load
2026-08-04 21:08:46 | INFO     | engineer             |   FE_glycemic_x_emergency    : glycemic_risk_score × has_prior_emergency
2026-08-04 21:08:46 | INFO     | engineer             |   FE_labs_per_day_x_comorbidity : labs_per_day × high_comorbidity
2026-08-04 21:08:46 | INFO     | engineer             | --------------------------------------------------
2026-08-04 21:08:46 | INFO     | engineer             | Null audit on FE_ columns [train]
2026-08-04 21:08:46 | INFO     | engineer             |   All 38 FE_ columns are null-free — OK
2026-08-04 21:08:46 | INFO     | engineer             | --------------------------------------------------
2026-08-04 21:08:46 | INFO     | engineer             | Leakage guard: FE_ features vs target correlation
2026-08-04 21:08:46 | INFO     | engineer             |   Leakage guard passed — no |r| > 0.80 among 38 FE_ features
2026-08-04 21:08:46 | INFO     | engineer             |   fe_train_stats.json saved -> C:\Users\sharg\Desktop\github\DriftSentinel\outputs\artifacts\fe_train_stats.json
2026-08-04 21:08:46 | INFO     | engineer             |   fe_feature_names.json saved -> C:\Users\sharg\Desktop\github\DriftSentinel\outputs\artifacts\fe_feature_names.json
2026-08-04 21:08:46 | INFO     | engineer             |   feature_engineer.pkl saved -> C:\Users\sharg\Desktop\github\DriftSentinel\outputs\artifacts\feature_engineer.pkl
2026-08-04 21:08:46 | INFO     | engineer             | ======================================================================
2026-08-04 21:08:46 | INFO     | engineer             | fit_transform complete — shape: (63492, 80)
2026-08-04 21:08:46 | INFO     | engineer             | FE_ features created: 38
2026-08-04 21:08:46 | INFO     | engineer             | ======================================================================
2026-08-04 21:08:46 | INFO     | engineer             | ======================================================================
2026-08-04 21:08:46 | INFO     | engineer             | DriftSentinel — Feature Engineer  [transform on VAL]
2026-08-04 21:08:46 | INFO     | engineer             | ======================================================================
2026-08-04 21:08:46 | INFO     | engineer             | Input shape  : (20949, 42)
2026-08-04 21:08:46 | INFO     | engineer             | --------------------------------------------------
2026-08-04 21:08:46 | INFO     | engineer             | Group A: Utilization Intensity
2026-08-04 21:08:46 | INFO     | engineer             |   FE_total_clinical_contacts : time + procedures + labs
2026-08-04 21:08:46 | INFO     | engineer             |   FE_labs_per_day            : num_lab_procedures / time_in_hospital
2026-08-04 21:08:46 | INFO     | engineer             |   FE_meds_per_day            : num_medications / time_in_hospital
2026-08-04 21:08:46 | INFO     | engineer             |   FE_procedure_density       : num_procedures / (num_lab_procedures + 1)
2026-08-04 21:08:46 | INFO     | engineer             |   FE_high_utilization        : >= 62.00  n=6,392
2026-08-04 21:08:46 | INFO     | engineer             | --------------------------------------------------
2026-08-04 21:08:46 | INFO     | engineer             | Group B: Medication Complexity
2026-08-04 21:08:46 | INFO     | engineer             |   FE_n_active_ordinal_meds   : sum of 9 ordinal meds > 0
2026-08-04 21:08:46 | INFO     | engineer             |   FE_n_active_binary_meds    : sum of 7 binary meds
2026-08-04 21:08:46 | INFO     | engineer             |   FE_total_active_meds       : ordinal_active + binary_active
2026-08-04 21:08:46 | INFO     | engineer             |   FE_n_med_changes           : meds with Up or Down dose
2026-08-04 21:08:46 | INFO     | engineer             |   FE_n_med_increases         : meds with Up dose only
2026-08-04 21:08:46 | INFO     | engineer             |   FE_n_med_decreases         : meds with Down dose only
2026-08-04 21:08:46 | INFO     | engineer             |   FE_any_med_changed         : binary flag, at least one dose change
2026-08-04 21:08:46 | INFO     | engineer             |   FE_polypharmacy            : total_active_meds >= 5 (clinical threshold)
2026-08-04 21:08:46 | INFO     | engineer             |   FE_med_coverage_ratio      : total_active_meds / (num_medications + 1)
2026-08-04 21:08:46 | INFO     | engineer             | --------------------------------------------------
2026-08-04 21:08:46 | INFO     | engineer             | Group C: Diagnosis Burden
2026-08-04 21:08:46 | INFO     | engineer             |   FE_high_comorbidity        : number_diagnoses >= 9
2026-08-04 21:08:46 | INFO     | engineer             |   FE_diagnoses_per_day       : number_diagnoses / time_in_hospital
2026-08-04 21:08:46 | INFO     | engineer             |   FE_diag_med_ratio          : number_diagnoses / (num_medications + 1)
2026-08-04 21:08:46 | INFO     | engineer             | --------------------------------------------------
2026-08-04 21:08:46 | INFO     | engineer             | Group D: Lab & Procedure Load
2026-08-04 21:08:46 | INFO     | engineer             |   FE_high_lab_load           : num_lab_procedures >= 56
2026-08-04 21:08:46 | INFO     | engineer             |   FE_no_procedures           : num_procedures == 0
2026-08-04 21:08:46 | INFO     | engineer             |   FE_lab_to_procedure_ratio  : num_lab_procedures / (num_procedures + 1)
2026-08-04 21:08:46 | INFO     | engineer             | --------------------------------------------------
2026-08-04 21:08:46 | INFO     | engineer             | Group E: Prior Utilization
2026-08-04 21:08:46 | INFO     | engineer             |   FE_total_prior_contacts    : inpatient + outpatient + emergency
2026-08-04 21:08:46 | INFO     | engineer             |   FE_has_prior_emergency     : number_emergency > 0
2026-08-04 21:08:46 | INFO     | engineer             |   FE_has_prior_inpatient     : number_inpatient > 0
2026-08-04 21:08:46 | INFO     | engineer             |   FE_high_prior_utilization  : total_prior_contacts >= 1.10
2026-08-04 21:08:46 | INFO     | engineer             |   FE_multi_channel_utilizer  : count of channels with > 0 visits
2026-08-04 21:08:46 | INFO     | engineer             | --------------------------------------------------
2026-08-04 21:08:46 | INFO     | engineer             | Group F: Diabetes Management
2026-08-04 21:08:46 | INFO     | engineer             |   FE_insulin_prescribed      : insulin > 0 (Steady/Up/Down)
2026-08-04 21:08:46 | INFO     | engineer             |   FE_insulin_changed         : insulin Up or Down
2026-08-04 21:08:46 | INFO     | engineer             |   FE_insulin_increased       : insulin Up only
2026-08-04 21:08:46 | INFO     | engineer             |   FE_metformin_prescribed    : metformin > 0
2026-08-04 21:08:46 | INFO     | engineer             |   FE_metformin_changed       : metformin Up or Down
2026-08-04 21:08:46 | INFO     | engineer             |   FE_on_diabetes_med         : diabetesMed (pass-through alias)
2026-08-04 21:08:46 | INFO     | engineer             |   FE_med_regimen_changed     : change (pass-through alias)
2026-08-04 21:08:46 | INFO     | engineer             |   FE_glycemic_risk_score     : sum of 3 glycemic indicators
2026-08-04 21:08:46 | INFO     | engineer             | --------------------------------------------------
2026-08-04 21:08:46 | INFO     | engineer             | Group G: Interaction Features
2026-08-04 21:08:46 | INFO     | engineer             |   FE_inpatient_x_polypharmacy : prior_inpatient × polypharmacy
2026-08-04 21:08:46 | INFO     | engineer             |   FE_high_util_x_med_change  : high_utilization × any_med_changed
2026-08-04 21:08:46 | INFO     | engineer             |   FE_comorbidity_x_lab_load  : high_comorbidity × high_lab_load
2026-08-04 21:08:46 | INFO     | engineer             |   FE_glycemic_x_emergency    : glycemic_risk_score × has_prior_emergency
2026-08-04 21:08:46 | INFO     | engineer             |   FE_labs_per_day_x_comorbidity : labs_per_day × high_comorbidity
2026-08-04 21:08:46 | INFO     | engineer             | --------------------------------------------------
2026-08-04 21:08:46 | INFO     | engineer             | Null audit on FE_ columns [val]
2026-08-04 21:08:46 | INFO     | engineer             |   All 38 FE_ columns are null-free — OK
2026-08-04 21:08:46 | INFO     | engineer             | ======================================================================
2026-08-04 21:08:46 | INFO     | engineer             | transform complete [val] — shape: (20949, 80)
2026-08-04 21:08:46 | INFO     | engineer             | ======================================================================
2026-08-04 21:08:46 | INFO     | engineer             | ======================================================================
2026-08-04 21:08:46 | INFO     | engineer             | DriftSentinel — Feature Engineer  [transform on TEST]
2026-08-04 21:08:46 | INFO     | engineer             | ======================================================================
2026-08-04 21:08:46 | INFO     | engineer             | Input shape  : (17325, 42)
2026-08-04 21:08:46 | INFO     | engineer             | --------------------------------------------------
2026-08-04 21:08:46 | INFO     | engineer             | Group A: Utilization Intensity
2026-08-04 21:08:46 | INFO     | engineer             |   FE_total_clinical_contacts : time + procedures + labs
2026-08-04 21:08:46 | INFO     | engineer             |   FE_labs_per_day            : num_lab_procedures / time_in_hospital
2026-08-04 21:08:46 | INFO     | engineer             |   FE_meds_per_day            : num_medications / time_in_hospital
2026-08-04 21:08:46 | INFO     | engineer             |   FE_procedure_density       : num_procedures / (num_lab_procedures + 1)
2026-08-04 21:08:46 | INFO     | engineer             |   FE_high_utilization        : >= 62.00  n=5,001
2026-08-04 21:08:46 | INFO     | engineer             | --------------------------------------------------
2026-08-04 21:08:46 | INFO     | engineer             | Group B: Medication Complexity
2026-08-04 21:08:46 | INFO     | engineer             |   FE_n_active_ordinal_meds   : sum of 9 ordinal meds > 0
2026-08-04 21:08:46 | INFO     | engineer             |   FE_n_active_binary_meds    : sum of 7 binary meds
2026-08-04 21:08:46 | INFO     | engineer             |   FE_total_active_meds       : ordinal_active + binary_active
2026-08-04 21:08:46 | INFO     | engineer             |   FE_n_med_changes           : meds with Up or Down dose
2026-08-04 21:08:46 | INFO     | engineer             |   FE_n_med_increases         : meds with Up dose only
2026-08-04 21:08:46 | INFO     | engineer             |   FE_n_med_decreases         : meds with Down dose only
2026-08-04 21:08:46 | INFO     | engineer             |   FE_any_med_changed         : binary flag, at least one dose change
2026-08-04 21:08:46 | INFO     | engineer             |   FE_polypharmacy            : total_active_meds >= 5 (clinical threshold)
2026-08-04 21:08:46 | INFO     | engineer             |   FE_med_coverage_ratio      : total_active_meds / (num_medications + 1)
2026-08-04 21:08:46 | INFO     | engineer             | --------------------------------------------------
2026-08-04 21:08:46 | INFO     | engineer             | Group C: Diagnosis Burden
2026-08-04 21:08:46 | INFO     | engineer             |   FE_high_comorbidity        : number_diagnoses >= 9
2026-08-04 21:08:46 | INFO     | engineer             |   FE_diagnoses_per_day       : number_diagnoses / time_in_hospital
2026-08-04 21:08:46 | INFO     | engineer             |   FE_diag_med_ratio          : number_diagnoses / (num_medications + 1)
2026-08-04 21:08:46 | INFO     | engineer             | --------------------------------------------------
2026-08-04 21:08:46 | INFO     | engineer             | Group D: Lab & Procedure Load
2026-08-04 21:08:46 | INFO     | engineer             |   FE_high_lab_load           : num_lab_procedures >= 56
2026-08-04 21:08:46 | INFO     | engineer             |   FE_no_procedures           : num_procedures == 0
2026-08-04 21:08:46 | INFO     | engineer             |   FE_lab_to_procedure_ratio  : num_lab_procedures / (num_procedures + 1)
2026-08-04 21:08:46 | INFO     | engineer             | --------------------------------------------------
2026-08-04 21:08:46 | INFO     | engineer             | Group E: Prior Utilization
2026-08-04 21:08:46 | INFO     | engineer             |   FE_total_prior_contacts    : inpatient + outpatient + emergency
2026-08-04 21:08:46 | INFO     | engineer             |   FE_has_prior_emergency     : number_emergency > 0
2026-08-04 21:08:46 | INFO     | engineer             |   FE_has_prior_inpatient     : number_inpatient > 0
2026-08-04 21:08:46 | INFO     | engineer             |   FE_high_prior_utilization  : total_prior_contacts >= 1.10
2026-08-04 21:08:46 | INFO     | engineer             |   FE_multi_channel_utilizer  : count of channels with > 0 visits
2026-08-04 21:08:46 | INFO     | engineer             | --------------------------------------------------
2026-08-04 21:08:46 | INFO     | engineer             | Group F: Diabetes Management
2026-08-04 21:08:46 | INFO     | engineer             |   FE_insulin_prescribed      : insulin > 0 (Steady/Up/Down)
2026-08-04 21:08:46 | INFO     | engineer             |   FE_insulin_changed         : insulin Up or Down
2026-08-04 21:08:46 | INFO     | engineer             |   FE_insulin_increased       : insulin Up only
2026-08-04 21:08:46 | INFO     | engineer             |   FE_metformin_prescribed    : metformin > 0
2026-08-04 21:08:46 | INFO     | engineer             |   FE_metformin_changed       : metformin Up or Down
2026-08-04 21:08:46 | INFO     | engineer             |   FE_on_diabetes_med         : diabetesMed (pass-through alias)
2026-08-04 21:08:46 | INFO     | engineer             |   FE_med_regimen_changed     : change (pass-through alias)
2026-08-04 21:08:46 | INFO     | engineer             |   FE_glycemic_risk_score     : sum of 3 glycemic indicators
2026-08-04 21:08:46 | INFO     | engineer             | --------------------------------------------------
2026-08-04 21:08:46 | INFO     | engineer             | Group G: Interaction Features
2026-08-04 21:08:46 | INFO     | engineer             |   FE_inpatient_x_polypharmacy : prior_inpatient × polypharmacy
2026-08-04 21:08:46 | INFO     | engineer             |   FE_high_util_x_med_change  : high_utilization × any_med_changed
2026-08-04 21:08:46 | INFO     | engineer             |   FE_comorbidity_x_lab_load  : high_comorbidity × high_lab_load
2026-08-04 21:08:46 | INFO     | engineer             |   FE_glycemic_x_emergency    : glycemic_risk_score × has_prior_emergency
2026-08-04 21:08:46 | INFO     | engineer             |   FE_labs_per_day_x_comorbidity : labs_per_day × high_comorbidity
2026-08-04 21:08:46 | INFO     | engineer             | --------------------------------------------------
2026-08-04 21:08:46 | INFO     | engineer             | Null audit on FE_ columns [test]
2026-08-04 21:08:46 | INFO     | engineer             |   All 38 FE_ columns are null-free — OK
2026-08-04 21:08:46 | INFO     | engineer             | ======================================================================
2026-08-04 21:08:46 | INFO     | engineer             | transform complete [test] — shape: (17325, 80)
2026-08-04 21:08:46 | INFO     | engineer             | ======================================================================
2026-08-04 21:51:26 | INFO     | engineer             | ===== RUN 20260804-215121-72702a | pid=29620 | started 2026-08-04 21:51:26 =====
2026-08-04 21:51:26 | INFO     | engineer             | ======================================================================
2026-08-04 21:51:26 | INFO     | engineer             | DriftSentinel — Feature Engineer  [fit_transform on TRAIN]
2026-08-04 21:51:26 | INFO     | engineer             | ======================================================================
2026-08-04 21:51:26 | INFO     | engineer             | Input shape  : (63492, 42)
2026-08-04 21:51:26 | INFO     | engineer             | Existing FE_ columns: 0
2026-08-04 21:51:26 | INFO     | engineer             | --------------------------------------------------
2026-08-04 21:51:26 | INFO     | engineer             | Group A: Utilization Intensity
2026-08-04 21:51:26 | INFO     | engineer             |   FE_total_clinical_contacts : time + procedures + labs
2026-08-04 21:51:26 | INFO     | engineer             |   FE_labs_per_day            : num_lab_procedures / time_in_hospital
2026-08-04 21:51:26 | INFO     | engineer             |   FE_meds_per_day            : num_medications / time_in_hospital
2026-08-04 21:51:26 | INFO     | engineer             |   FE_procedure_density       : num_procedures / (num_lab_procedures + 1)
2026-08-04 21:51:26 | INFO     | engineer             |   FE_high_utilization threshold (Q75, train) = 62.00
2026-08-04 21:51:26 | INFO     | engineer             |   FE_high_utilization        : >= 62.00  n=16,716
2026-08-04 21:51:26 | INFO     | engineer             | --------------------------------------------------
2026-08-04 21:51:26 | INFO     | engineer             | Group B: Medication Complexity
2026-08-04 21:51:26 | INFO     | engineer             |   FE_n_active_ordinal_meds   : sum of 9 ordinal meds > 0
2026-08-04 21:51:26 | INFO     | engineer             |   FE_n_active_binary_meds    : sum of 7 binary meds
2026-08-04 21:51:26 | INFO     | engineer             |   FE_total_active_meds       : ordinal_active + binary_active
2026-08-04 21:51:26 | INFO     | engineer             |   FE_n_med_changes           : meds with Up or Down dose
2026-08-04 21:51:26 | INFO     | engineer             |   FE_n_med_increases         : meds with Up dose only
2026-08-04 21:51:26 | INFO     | engineer             |   FE_n_med_decreases         : meds with Down dose only
2026-08-04 21:51:26 | INFO     | engineer             |   FE_any_med_changed         : binary flag, at least one dose change
2026-08-04 21:51:26 | INFO     | engineer             |   FE_polypharmacy            : total_active_meds >= 5 (clinical threshold)
2026-08-04 21:51:26 | INFO     | engineer             |   FE_med_coverage_ratio      : total_active_meds / (num_medications + 1)
2026-08-04 21:51:26 | INFO     | engineer             | --------------------------------------------------
2026-08-04 21:51:26 | INFO     | engineer             | Group C: Diagnosis Burden
2026-08-04 21:51:26 | INFO     | engineer             |   FE_high_comorbidity threshold (Q75, train) = 9.00
2026-08-04 21:51:26 | INFO     | engineer             |   FE_high_comorbidity        : number_diagnoses >= 9
2026-08-04 21:51:26 | INFO     | engineer             |   FE_diagnoses_per_day       : number_diagnoses / time_in_hospital
2026-08-04 21:51:26 | INFO     | engineer             |   FE_diag_med_ratio          : number_diagnoses / (num_medications + 1)
2026-08-04 21:51:26 | INFO     | engineer             | --------------------------------------------------
2026-08-04 21:51:26 | INFO     | engineer             | Group D: Lab & Procedure Load
2026-08-04 21:51:26 | INFO     | engineer             |   FE_high_lab_load threshold (Q75, train) = 56.00
2026-08-04 21:51:26 | INFO     | engineer             |   FE_high_lab_load           : num_lab_procedures >= 56
2026-08-04 21:51:26 | INFO     | engineer             |   FE_no_procedures           : num_procedures == 0
2026-08-04 21:51:26 | INFO     | engineer             |   FE_lab_to_procedure_ratio  : num_lab_procedures / (num_procedures + 1)
2026-08-04 21:51:26 | INFO     | engineer             | --------------------------------------------------
2026-08-04 21:51:26 | INFO     | engineer             | Group E: Prior Utilization
2026-08-04 21:51:26 | INFO     | engineer             |   FE_total_prior_contacts    : inpatient + outpatient + emergency
2026-08-04 21:51:26 | INFO     | engineer             |   FE_has_prior_emergency     : number_emergency > 0
2026-08-04 21:51:26 | INFO     | engineer             |   FE_has_prior_inpatient     : number_inpatient > 0
2026-08-04 21:51:26 | INFO     | engineer             |   FE_high_prior_utilization threshold (Q75, train) = 1.10
2026-08-04 21:51:26 | INFO     | engineer             |   FE_high_prior_utilization  : total_prior_contacts >= 1.10
2026-08-04 21:51:26 | INFO     | engineer             |   FE_multi_channel_utilizer  : count of channels with > 0 visits
2026-08-04 21:51:26 | INFO     | engineer             | --------------------------------------------------
2026-08-04 21:51:26 | INFO     | engineer             | Group F: Diabetes Management
2026-08-04 21:51:26 | INFO     | engineer             |   FE_insulin_prescribed      : insulin > 0 (Steady/Up/Down)
2026-08-04 21:51:26 | INFO     | engineer             |   FE_insulin_changed         : insulin Up or Down
2026-08-04 21:51:26 | INFO     | engineer             |   FE_insulin_increased       : insulin Up only
2026-08-04 21:51:26 | INFO     | engineer             |   FE_metformin_prescribed    : metformin > 0
2026-08-04 21:51:26 | INFO     | engineer             |   FE_metformin_changed       : metformin Up or Down
2026-08-04 21:51:26 | INFO     | engineer             |   FE_on_diabetes_med         : diabetesMed (pass-through alias)
2026-08-04 21:51:26 | INFO     | engineer             |   FE_med_regimen_changed     : change (pass-through alias)
2026-08-04 21:51:26 | INFO     | engineer             |   FE_glycemic_risk_score     : sum of 3 glycemic indicators
2026-08-04 21:51:26 | INFO     | engineer             | --------------------------------------------------
2026-08-04 21:51:26 | INFO     | engineer             | Group G: Interaction Features
2026-08-04 21:51:26 | INFO     | engineer             |   FE_inpatient_x_polypharmacy : prior_inpatient × polypharmacy
2026-08-04 21:51:26 | INFO     | engineer             |   FE_high_util_x_med_change  : high_utilization × any_med_changed
2026-08-04 21:51:26 | INFO     | engineer             |   FE_comorbidity_x_lab_load  : high_comorbidity × high_lab_load
2026-08-04 21:51:26 | INFO     | engineer             |   FE_glycemic_x_emergency    : glycemic_risk_score × has_prior_emergency
2026-08-04 21:51:26 | INFO     | engineer             |   FE_labs_per_day_x_comorbidity : labs_per_day × high_comorbidity
2026-08-04 21:51:26 | INFO     | engineer             | --------------------------------------------------
2026-08-04 21:51:26 | INFO     | engineer             | Null audit on FE_ columns [train]
2026-08-04 21:51:26 | INFO     | engineer             |   All 38 FE_ columns are null-free — OK
2026-08-04 21:51:26 | INFO     | engineer             | --------------------------------------------------
2026-08-04 21:51:26 | INFO     | engineer             | Leakage guard: FE_ features vs target correlation
2026-08-04 21:51:26 | INFO     | engineer             |   Leakage guard passed — no |r| > 0.80 among 38 FE_ features
2026-08-04 21:51:26 | INFO     | engineer             |   fe_train_stats.json saved -> C:\Users\sharg\Desktop\github\DriftSentinel\outputs\artifacts\fe_train_stats.json
2026-08-04 21:51:26 | INFO     | engineer             |   fe_feature_names.json saved -> C:\Users\sharg\Desktop\github\DriftSentinel\outputs\artifacts\fe_feature_names.json
2026-08-04 21:51:26 | INFO     | engineer             |   feature_engineer.pkl saved -> C:\Users\sharg\Desktop\github\DriftSentinel\outputs\artifacts\feature_engineer.pkl
2026-08-04 21:51:26 | INFO     | engineer             | ======================================================================
2026-08-04 21:51:26 | INFO     | engineer             | fit_transform complete — shape: (63492, 80)
2026-08-04 21:51:26 | INFO     | engineer             | FE_ features created: 38
2026-08-04 21:51:26 | INFO     | engineer             | ======================================================================
2026-08-04 21:51:26 | INFO     | engineer             | ======================================================================
2026-08-04 21:51:26 | INFO     | engineer             | DriftSentinel — Feature Engineer  [transform on VAL]
2026-08-04 21:51:26 | INFO     | engineer             | ======================================================================
2026-08-04 21:51:26 | INFO     | engineer             | Input shape  : (20949, 42)
2026-08-04 21:51:26 | INFO     | engineer             | --------------------------------------------------
2026-08-04 21:51:26 | INFO     | engineer             | Group A: Utilization Intensity
2026-08-04 21:51:26 | INFO     | engineer             |   FE_total_clinical_contacts : time + procedures + labs
2026-08-04 21:51:26 | INFO     | engineer             |   FE_labs_per_day            : num_lab_procedures / time_in_hospital
2026-08-04 21:51:26 | INFO     | engineer             |   FE_meds_per_day            : num_medications / time_in_hospital
2026-08-04 21:51:26 | INFO     | engineer             |   FE_procedure_density       : num_procedures / (num_lab_procedures + 1)
2026-08-04 21:51:26 | INFO     | engineer             |   FE_high_utilization        : >= 62.00  n=6,392
2026-08-04 21:51:26 | INFO     | engineer             | --------------------------------------------------
2026-08-04 21:51:26 | INFO     | engineer             | Group B: Medication Complexity
2026-08-04 21:51:26 | INFO     | engineer             |   FE_n_active_ordinal_meds   : sum of 9 ordinal meds > 0
2026-08-04 21:51:26 | INFO     | engineer             |   FE_n_active_binary_meds    : sum of 7 binary meds
2026-08-04 21:51:26 | INFO     | engineer             |   FE_total_active_meds       : ordinal_active + binary_active
2026-08-04 21:51:26 | INFO     | engineer             |   FE_n_med_changes           : meds with Up or Down dose
2026-08-04 21:51:26 | INFO     | engineer             |   FE_n_med_increases         : meds with Up dose only
2026-08-04 21:51:26 | INFO     | engineer             |   FE_n_med_decreases         : meds with Down dose only
2026-08-04 21:51:26 | INFO     | engineer             |   FE_any_med_changed         : binary flag, at least one dose change
2026-08-04 21:51:26 | INFO     | engineer             |   FE_polypharmacy            : total_active_meds >= 5 (clinical threshold)
2026-08-04 21:51:26 | INFO     | engineer             |   FE_med_coverage_ratio      : total_active_meds / (num_medications + 1)
2026-08-04 21:51:26 | INFO     | engineer             | --------------------------------------------------
2026-08-04 21:51:26 | INFO     | engineer             | Group C: Diagnosis Burden
2026-08-04 21:51:26 | INFO     | engineer             |   FE_high_comorbidity        : number_diagnoses >= 9
2026-08-04 21:51:26 | INFO     | engineer             |   FE_diagnoses_per_day       : number_diagnoses / time_in_hospital
2026-08-04 21:51:26 | INFO     | engineer             |   FE_diag_med_ratio          : number_diagnoses / (num_medications + 1)
2026-08-04 21:51:26 | INFO     | engineer             | --------------------------------------------------
2026-08-04 21:51:26 | INFO     | engineer             | Group D: Lab & Procedure Load
2026-08-04 21:51:26 | INFO     | engineer             |   FE_high_lab_load           : num_lab_procedures >= 56
2026-08-04 21:51:26 | INFO     | engineer             |   FE_no_procedures           : num_procedures == 0
2026-08-04 21:51:26 | INFO     | engineer             |   FE_lab_to_procedure_ratio  : num_lab_procedures / (num_procedures + 1)
2026-08-04 21:51:26 | INFO     | engineer             | --------------------------------------------------
2026-08-04 21:51:26 | INFO     | engineer             | Group E: Prior Utilization
2026-08-04 21:51:26 | INFO     | engineer             |   FE_total_prior_contacts    : inpatient + outpatient + emergency
2026-08-04 21:51:26 | INFO     | engineer             |   FE_has_prior_emergency     : number_emergency > 0
2026-08-04 21:51:26 | INFO     | engineer             |   FE_has_prior_inpatient     : number_inpatient > 0
2026-08-04 21:51:26 | INFO     | engineer             |   FE_high_prior_utilization  : total_prior_contacts >= 1.10
2026-08-04 21:51:26 | INFO     | engineer             |   FE_multi_channel_utilizer  : count of channels with > 0 visits
2026-08-04 21:51:26 | INFO     | engineer             | --------------------------------------------------
2026-08-04 21:51:26 | INFO     | engineer             | Group F: Diabetes Management
2026-08-04 21:51:26 | INFO     | engineer             |   FE_insulin_prescribed      : insulin > 0 (Steady/Up/Down)
2026-08-04 21:51:26 | INFO     | engineer             |   FE_insulin_changed         : insulin Up or Down
2026-08-04 21:51:26 | INFO     | engineer             |   FE_insulin_increased       : insulin Up only
2026-08-04 21:51:26 | INFO     | engineer             |   FE_metformin_prescribed    : metformin > 0
2026-08-04 21:51:26 | INFO     | engineer             |   FE_metformin_changed       : metformin Up or Down
2026-08-04 21:51:26 | INFO     | engineer             |   FE_on_diabetes_med         : diabetesMed (pass-through alias)
2026-08-04 21:51:26 | INFO     | engineer             |   FE_med_regimen_changed     : change (pass-through alias)
2026-08-04 21:51:26 | INFO     | engineer             |   FE_glycemic_risk_score     : sum of 3 glycemic indicators
2026-08-04 21:51:26 | INFO     | engineer             | --------------------------------------------------
2026-08-04 21:51:26 | INFO     | engineer             | Group G: Interaction Features
2026-08-04 21:51:26 | INFO     | engineer             |   FE_inpatient_x_polypharmacy : prior_inpatient × polypharmacy
2026-08-04 21:51:26 | INFO     | engineer             |   FE_high_util_x_med_change  : high_utilization × any_med_changed
2026-08-04 21:51:26 | INFO     | engineer             |   FE_comorbidity_x_lab_load  : high_comorbidity × high_lab_load
2026-08-04 21:51:26 | INFO     | engineer             |   FE_glycemic_x_emergency    : glycemic_risk_score × has_prior_emergency
2026-08-04 21:51:26 | INFO     | engineer             |   FE_labs_per_day_x_comorbidity : labs_per_day × high_comorbidity
2026-08-04 21:51:26 | INFO     | engineer             | --------------------------------------------------
2026-08-04 21:51:26 | INFO     | engineer             | Null audit on FE_ columns [val]
2026-08-04 21:51:26 | INFO     | engineer             |   All 38 FE_ columns are null-free — OK
2026-08-04 21:51:26 | INFO     | engineer             | ======================================================================
2026-08-04 21:51:26 | INFO     | engineer             | transform complete [val] — shape: (20949, 80)
2026-08-04 21:51:26 | INFO     | engineer             | ======================================================================
2026-08-04 21:51:26 | INFO     | engineer             | ======================================================================
2026-08-04 21:51:26 | INFO     | engineer             | DriftSentinel — Feature Engineer  [transform on TEST]
2026-08-04 21:51:26 | INFO     | engineer             | ======================================================================
2026-08-04 21:51:26 | INFO     | engineer             | Input shape  : (17325, 42)
2026-08-04 21:51:26 | INFO     | engineer             | --------------------------------------------------
2026-08-04 21:51:26 | INFO     | engineer             | Group A: Utilization Intensity
2026-08-04 21:51:26 | INFO     | engineer             |   FE_total_clinical_contacts : time + procedures + labs
2026-08-04 21:51:26 | INFO     | engineer             |   FE_labs_per_day            : num_lab_procedures / time_in_hospital
2026-08-04 21:51:26 | INFO     | engineer             |   FE_meds_per_day            : num_medications / time_in_hospital
2026-08-04 21:51:26 | INFO     | engineer             |   FE_procedure_density       : num_procedures / (num_lab_procedures + 1)
2026-08-04 21:51:26 | INFO     | engineer             |   FE_high_utilization        : >= 62.00  n=5,001
2026-08-04 21:51:26 | INFO     | engineer             | --------------------------------------------------
2026-08-04 21:51:26 | INFO     | engineer             | Group B: Medication Complexity
2026-08-04 21:51:26 | INFO     | engineer             |   FE_n_active_ordinal_meds   : sum of 9 ordinal meds > 0
2026-08-04 21:51:26 | INFO     | engineer             |   FE_n_active_binary_meds    : sum of 7 binary meds
2026-08-04 21:51:26 | INFO     | engineer             |   FE_total_active_meds       : ordinal_active + binary_active
2026-08-04 21:51:26 | INFO     | engineer             |   FE_n_med_changes           : meds with Up or Down dose
2026-08-04 21:51:26 | INFO     | engineer             |   FE_n_med_increases         : meds with Up dose only
2026-08-04 21:51:26 | INFO     | engineer             |   FE_n_med_decreases         : meds with Down dose only
2026-08-04 21:51:26 | INFO     | engineer             |   FE_any_med_changed         : binary flag, at least one dose change
2026-08-04 21:51:26 | INFO     | engineer             |   FE_polypharmacy            : total_active_meds >= 5 (clinical threshold)
2026-08-04 21:51:26 | INFO     | engineer             |   FE_med_coverage_ratio      : total_active_meds / (num_medications + 1)
2026-08-04 21:51:26 | INFO     | engineer             | --------------------------------------------------
2026-08-04 21:51:26 | INFO     | engineer             | Group C: Diagnosis Burden
2026-08-04 21:51:26 | INFO     | engineer             |   FE_high_comorbidity        : number_diagnoses >= 9
2026-08-04 21:51:26 | INFO     | engineer             |   FE_diagnoses_per_day       : number_diagnoses / time_in_hospital
2026-08-04 21:51:26 | INFO     | engineer             |   FE_diag_med_ratio          : number_diagnoses / (num_medications + 1)
2026-08-04 21:51:26 | INFO     | engineer             | --------------------------------------------------
2026-08-04 21:51:26 | INFO     | engineer             | Group D: Lab & Procedure Load
2026-08-04 21:51:26 | INFO     | engineer             |   FE_high_lab_load           : num_lab_procedures >= 56
2026-08-04 21:51:26 | INFO     | engineer             |   FE_no_procedures           : num_procedures == 0
2026-08-04 21:51:26 | INFO     | engineer             |   FE_lab_to_procedure_ratio  : num_lab_procedures / (num_procedures + 1)
2026-08-04 21:51:26 | INFO     | engineer             | --------------------------------------------------
2026-08-04 21:51:26 | INFO     | engineer             | Group E: Prior Utilization
2026-08-04 21:51:26 | INFO     | engineer             |   FE_total_prior_contacts    : inpatient + outpatient + emergency
2026-08-04 21:51:26 | INFO     | engineer             |   FE_has_prior_emergency     : number_emergency > 0
2026-08-04 21:51:26 | INFO     | engineer             |   FE_has_prior_inpatient     : number_inpatient > 0
2026-08-04 21:51:26 | INFO     | engineer             |   FE_high_prior_utilization  : total_prior_contacts >= 1.10
2026-08-04 21:51:26 | INFO     | engineer             |   FE_multi_channel_utilizer  : count of channels with > 0 visits
2026-08-04 21:51:26 | INFO     | engineer             | --------------------------------------------------
2026-08-04 21:51:26 | INFO     | engineer             | Group F: Diabetes Management
2026-08-04 21:51:26 | INFO     | engineer             |   FE_insulin_prescribed      : insulin > 0 (Steady/Up/Down)
2026-08-04 21:51:26 | INFO     | engineer             |   FE_insulin_changed         : insulin Up or Down
2026-08-04 21:51:26 | INFO     | engineer             |   FE_insulin_increased       : insulin Up only
2026-08-04 21:51:26 | INFO     | engineer             |   FE_metformin_prescribed    : metformin > 0
2026-08-04 21:51:26 | INFO     | engineer             |   FE_metformin_changed       : metformin Up or Down
2026-08-04 21:51:26 | INFO     | engineer             |   FE_on_diabetes_med         : diabetesMed (pass-through alias)
2026-08-04 21:51:26 | INFO     | engineer             |   FE_med_regimen_changed     : change (pass-through alias)
2026-08-04 21:51:26 | INFO     | engineer             |   FE_glycemic_risk_score     : sum of 3 glycemic indicators
2026-08-04 21:51:26 | INFO     | engineer             | --------------------------------------------------
2026-08-04 21:51:26 | INFO     | engineer             | Group G: Interaction Features
2026-08-04 21:51:26 | INFO     | engineer             |   FE_inpatient_x_polypharmacy : prior_inpatient × polypharmacy
2026-08-04 21:51:26 | INFO     | engineer             |   FE_high_util_x_med_change  : high_utilization × any_med_changed
2026-08-04 21:51:26 | INFO     | engineer             |   FE_comorbidity_x_lab_load  : high_comorbidity × high_lab_load
2026-08-04 21:51:26 | INFO     | engineer             |   FE_glycemic_x_emergency    : glycemic_risk_score × has_prior_emergency
2026-08-04 21:51:26 | INFO     | engineer             |   FE_labs_per_day_x_comorbidity : labs_per_day × high_comorbidity
2026-08-04 21:51:26 | INFO     | engineer             | --------------------------------------------------
2026-08-04 21:51:26 | INFO     | engineer             | Null audit on FE_ columns [test]
2026-08-04 21:51:26 | INFO     | engineer             |   All 38 FE_ columns are null-free — OK
2026-08-04 21:51:26 | INFO     | engineer             | ======================================================================
2026-08-04 21:51:26 | INFO     | engineer             | transform complete [test] — shape: (17325, 80)
2026-08-04 21:51:26 | INFO     | engineer             | ======================================================================
