2026-05-11 20:54:33 | INFO     | preprocessor         | ======================================================================
2026-05-11 20:54:33 | INFO     | preprocessor         | DriftSentinel — Preprocessor  [fit_transform on TRAIN]
2026-05-11 20:54:33 | INFO     | preprocessor         | ======================================================================
2026-05-11 20:54:33 | INFO     | preprocessor         | --------------------------------------------------
2026-05-11 20:54:33 | INFO     | preprocessor         | Step 1: Dropping zero-variance and ID columns
2026-05-11 20:54:33 | INFO     | preprocessor         | Dropped 9 columns: ['encounter_id', 'patient_nbr', 'examide', 'citoglipton', 'acetohexamide', 'troglitazone', 'metformin-rosiglitazone', 'metformin-pioglitazone', 'glimepiride-pioglitazone']
2026-05-11 20:54:33 | INFO     | preprocessor         | Remaining columns: 41
2026-05-11 20:54:33 | INFO     | preprocessor         | --------------------------------------------------
2026-05-11 20:54:33 | INFO     | preprocessor         | Step 2: Encoding missingness flags
2026-05-11 20:54:33 | INFO     | preprocessor         |   weight_missing                      flagged=61,370 (96.7%)
2026-05-11 20:54:33 | INFO     | preprocessor         |   Original column 'weight' dropped after flag creation
2026-05-11 20:54:33 | INFO     | preprocessor         |   max_glu_serum_missing               flagged=58,649 (92.4%)
2026-05-11 20:54:33 | INFO     | preprocessor         |   Original column 'max_glu_serum' dropped after flag creation
2026-05-11 20:54:33 | INFO     | preprocessor         |   A1Cresult_missing                   flagged=53,887 (84.9%)
2026-05-11 20:54:33 | INFO     | preprocessor         |   Original column 'A1Cresult' dropped after flag creation
2026-05-11 20:54:33 | INFO     | preprocessor         | --------------------------------------------------
2026-05-11 20:54:33 | INFO     | preprocessor         | Step 3: ICD-9 chapter grouping (diag_1 / diag_2 / diag_3)
2026-05-11 20:54:33 | INFO     | preprocessor         |   diag_1 -> 18 chapters
2026-05-11 20:54:33 | INFO     | preprocessor         |     Circulatory          : 19,608
2026-05-11 20:54:33 | INFO     | preprocessor         |     Endocrine            : 7,604
2026-05-11 20:54:33 | INFO     | preprocessor         |     Respiratory          : 6,140
2026-05-11 20:54:33 | INFO     | preprocessor         |     Digestive            : 5,665
2026-05-11 20:54:33 | INFO     | preprocessor         |     Symptoms             : 4,969
2026-05-11 20:54:33 | INFO     | preprocessor         |   diag_2 -> 19 chapters
2026-05-11 20:54:33 | INFO     | preprocessor         |     Circulatory          : 20,713
2026-05-11 20:54:33 | INFO     | preprocessor         |     Endocrine            : 13,953
2026-05-11 20:54:33 | INFO     | preprocessor         |     Respiratory          : 6,304
2026-05-11 20:54:33 | INFO     | preprocessor         |     Genitourinary        : 4,034
2026-05-11 20:54:33 | INFO     | preprocessor         |     Symptoms             : 2,775
2026-05-11 20:54:33 | INFO     | preprocessor         |   diag_3 -> 19 chapters
2026-05-11 20:54:33 | INFO     | preprocessor         |     Circulatory          : 18,893
2026-05-11 20:54:33 | INFO     | preprocessor         |     Endocrine            : 16,963
2026-05-11 20:54:33 | INFO     | preprocessor         |     Respiratory          : 4,234
2026-05-11 20:54:33 | INFO     | preprocessor         |     Genitourinary        : 3,532
2026-05-11 20:54:33 | INFO     | preprocessor         |     Symptoms             : 2,628
2026-05-11 20:54:33 | INFO     | preprocessor         | --------------------------------------------------
2026-05-11 20:54:33 | INFO     | preprocessor         | Step 4: Age ordinal encoding
2026-05-11 20:54:33 | INFO     | preprocessor         |   age: 10 bins -> ordinal [0-9]  unmapped=0
2026-05-11 20:54:33 | INFO     | preprocessor         | --------------------------------------------------
2026-05-11 20:54:33 | INFO     | preprocessor         | Step 5: Medication encoding
2026-05-11 20:54:33 | INFO     | preprocessor         |   metformin                           ordinal encoded [No=0,Steady=1,Up=2,Down=3]
2026-05-11 20:54:33 | INFO     | preprocessor         |   repaglinide                         ordinal encoded [No=0,Steady=1,Up=2,Down=3]
2026-05-11 20:54:33 | INFO     | preprocessor         |   nateglinide                         ordinal encoded [No=0,Steady=1,Up=2,Down=3]
2026-05-11 20:54:33 | INFO     | preprocessor         |   glimepiride                         ordinal encoded [No=0,Steady=1,Up=2,Down=3]
2026-05-11 20:54:33 | INFO     | preprocessor         |   glipizide                           ordinal encoded [No=0,Steady=1,Up=2,Down=3]
2026-05-11 20:54:33 | INFO     | preprocessor         |   glyburide                           ordinal encoded [No=0,Steady=1,Up=2,Down=3]
2026-05-11 20:54:33 | INFO     | preprocessor         |   pioglitazone                        ordinal encoded [No=0,Steady=1,Up=2,Down=3]
2026-05-11 20:54:33 | INFO     | preprocessor         |   rosiglitazone                       ordinal encoded [No=0,Steady=1,Up=2,Down=3]
2026-05-11 20:54:33 | INFO     | preprocessor         |   insulin                             ordinal encoded [No=0,Steady=1,Up=2,Down=3]
2026-05-11 20:54:33 | INFO     | preprocessor         |   chlorpropamide                      binary encoded  prescribed=71 (0.11%)
2026-05-11 20:54:33 | INFO     | preprocessor         |   tolbutamide                         binary encoded  prescribed=19 (0.03%)
2026-05-11 20:54:33 | INFO     | preprocessor         |   acarbose                            binary encoded  prescribed=202 (0.32%)
2026-05-11 20:54:33 | INFO     | preprocessor         |   miglitol                            binary encoded  prescribed=30 (0.05%)
2026-05-11 20:54:33 | INFO     | preprocessor         |   tolazamide                          binary encoded  prescribed=38 (0.06%)
2026-05-11 20:54:33 | INFO     | preprocessor         |   glyburide-metformin                 binary encoded  prescribed=306 (0.48%)
2026-05-11 20:54:33 | INFO     | preprocessor         |   glipizide-metformin                 binary encoded  prescribed=10 (0.02%)
2026-05-11 20:54:33 | INFO     | preprocessor         | --------------------------------------------------
2026-05-11 20:54:33 | INFO     | preprocessor         | Step 6: Categorical imputation (fit on train)
2026-05-11 20:54:33 | INFO     | preprocessor         |   race                      mode imputed with 'Caucasian'  (fitted on train)
2026-05-11 20:54:33 | INFO     | preprocessor         |   medical_specialty         filled with 'Unknown'
2026-05-11 20:54:33 | INFO     | preprocessor         |   payer_code                filled with 'Unknown'
2026-05-11 20:54:33 | INFO     | preprocessor         | --------------------------------------------------
2026-05-11 20:54:33 | INFO     | preprocessor         | Step 7: LabelEncoder (fit on train)
2026-05-11 20:54:33 | INFO     | preprocessor         |   race                      5 classes  (fitted on train)
2026-05-11 20:54:33 | INFO     | preprocessor         |   gender                    3 classes  (fitted on train)
2026-05-11 20:54:33 | INFO     | preprocessor         |   payer_code                17 classes  (fitted on train)
2026-05-11 20:54:33 | INFO     | preprocessor         |   medical_specialty         68 classes  (fitted on train)
2026-05-11 20:54:33 | INFO     | preprocessor         |   change                    2 classes  (fitted on train)
2026-05-11 20:54:33 | INFO     | preprocessor         |   diabetesMed               2 classes  (fitted on train)
2026-05-11 20:54:33 | INFO     | preprocessor         |   diag_1                    18 classes  (fitted on train)
2026-05-11 20:54:33 | INFO     | preprocessor         |   diag_2                    19 classes  (fitted on train)
2026-05-11 20:54:33 | INFO     | preprocessor         |   diag_3                    19 classes  (fitted on train)
2026-05-11 20:54:33 | INFO     | preprocessor         | --------------------------------------------------
2026-05-11 20:54:33 | INFO     | preprocessor         | Step 8: Log1p transformation
2026-05-11 20:54:33 | INFO     | preprocessor         |   number_outpatient         skew: 7.645 -> 2.962
2026-05-11 20:54:33 | INFO     | preprocessor         |   number_emergency          skew: 11.193 -> 3.786
2026-05-11 20:54:33 | INFO     | preprocessor         | --------------------------------------------------
2026-05-11 20:54:33 | INFO     | preprocessor         | Step 9: Target encoding
2026-05-11 20:54:33 | INFO     | preprocessor         |   readmitted_binary: {0: np.int64(32398), 1: np.int64(31094)}
2026-05-11 20:54:33 | INFO     | preprocessor         |   readmitted_multi : {0: np.int64(32398), 2: np.int64(23477), 1: np.int64(7617)}
2026-05-11 20:54:33 | INFO     | preprocessor         | --------------------------------------------------
2026-05-11 20:54:33 | INFO     | preprocessor         | Step 10: Saving fitted artifacts
2026-05-11 20:54:33 | INFO     | preprocessor         |   label_encoders.pkl saved -> C:\Users\sharg\Desktop\github\DriftSentinel\outputs\artifacts\label_encoders.pkl
2026-05-11 20:54:33 | INFO     | preprocessor         |   impute_modes.json saved -> C:\Users\sharg\Desktop\github\DriftSentinel\outputs\artifacts\impute_modes.json
2026-05-11 20:54:33 | INFO     | preprocessor         |   age_ordinal_map.json saved -> C:\Users\sharg\Desktop\github\DriftSentinel\outputs\artifacts\age_ordinal_map.json
2026-05-11 20:54:33 | INFO     | preprocessor         |   preprocessor_config.json saved -> C:\Users\sharg\Desktop\github\DriftSentinel\outputs\artifacts\preprocessor_config.json
2026-05-11 20:54:33 | INFO     | preprocessor         | ======================================================================
2026-05-11 20:54:33 | INFO     | preprocessor         | fit_transform complete — shape: (63492, 42)
2026-05-11 20:54:33 | INFO     | preprocessor         | ======================================================================
2026-05-11 20:54:33 | INFO     | preprocessor         | ======================================================================
2026-05-11 20:54:33 | INFO     | preprocessor         | DriftSentinel — Preprocessor  [transform on VAL]
2026-05-11 20:54:33 | INFO     | preprocessor         | ======================================================================
2026-05-11 20:54:33 | INFO     | preprocessor         | Step 1: Dropped 9 columns
2026-05-11 20:54:33 | INFO     | preprocessor         | Step 2: Missingness flags applied
2026-05-11 20:54:33 | INFO     | preprocessor         | Step 3: ICD-9 chapter grouping applied
2026-05-11 20:54:33 | INFO     | preprocessor         | Step 4: Age ordinal encoding applied
2026-05-11 20:54:33 | INFO     | preprocessor         | Step 5: Medication encoding applied
2026-05-11 20:54:33 | INFO     | preprocessor         | Step 6: Imputation applied (train-fitted values)
2026-05-11 20:54:33 | WARNING  | preprocessor         |   medical_specialty: 2 unseen categories -> mapped to fallback 'AllergyandImmunology'
2026-05-11 20:54:33 | WARNING  | preprocessor         |   diag_1: 1 unseen categories -> mapped to fallback 'Blood'
2026-05-11 20:54:33 | INFO     | preprocessor         | Step 7: LabelEncoder applied (train-fitted)  unseen_total=3
2026-05-11 20:54:33 | INFO     | preprocessor         | Step 8: Log1p applied
2026-05-11 20:54:33 | INFO     | preprocessor         | Step 9: Target encoding applied
2026-05-11 20:54:33 | INFO     | preprocessor         | ======================================================================
2026-05-11 20:54:33 | INFO     | preprocessor         | transform complete [val] — shape: (20949, 42)
2026-05-11 20:54:33 | INFO     | preprocessor         | ======================================================================
2026-05-11 20:54:33 | INFO     | preprocessor         | ======================================================================
2026-05-11 20:54:33 | INFO     | preprocessor         | DriftSentinel — Preprocessor  [transform on TEST]
2026-05-11 20:54:33 | INFO     | preprocessor         | ======================================================================
2026-05-11 20:54:33 | INFO     | preprocessor         | Step 1: Dropped 9 columns
2026-05-11 20:54:33 | INFO     | preprocessor         | Step 2: Missingness flags applied
2026-05-11 20:54:33 | INFO     | preprocessor         | Step 3: ICD-9 chapter grouping applied
2026-05-11 20:54:33 | INFO     | preprocessor         | Step 4: Age ordinal encoding applied
2026-05-11 20:54:33 | INFO     | preprocessor         | Step 5: Medication encoding applied
2026-05-11 20:54:33 | INFO     | preprocessor         | Step 6: Imputation applied (train-fitted values)
2026-05-11 20:54:33 | WARNING  | preprocessor         |   payer_code: 1 unseen categories -> mapped to fallback 'BC'
2026-05-11 20:54:33 | WARNING  | preprocessor         |   medical_specialty: 16 unseen categories -> mapped to fallback 'AllergyandImmunology'
2026-05-11 20:54:33 | INFO     | preprocessor         | Step 7: LabelEncoder applied (train-fitted)  unseen_total=17
2026-05-11 20:54:33 | INFO     | preprocessor         | Step 8: Log1p applied
2026-05-11 20:54:33 | INFO     | preprocessor         | Step 9: Target encoding applied
2026-05-11 20:54:33 | INFO     | preprocessor         | ======================================================================
2026-05-11 20:54:33 | INFO     | preprocessor         | transform complete [test] — shape: (17325, 42)
2026-05-11 20:54:33 | INFO     | preprocessor         | ======================================================================
2026-08-04 10:37:27 | INFO     | preprocessor         | ===== RUN 20260804-103724-348522 | pid=31316 | started 2026-08-04 10:37:27 =====
2026-08-04 10:37:27 | INFO     | preprocessor         | ======================================================================
2026-08-04 10:37:27 | INFO     | preprocessor         | DriftSentinel — Preprocessor  [fit_transform on TRAIN]
2026-08-04 10:37:27 | INFO     | preprocessor         | ======================================================================
2026-08-04 10:37:27 | INFO     | preprocessor         | --------------------------------------------------
2026-08-04 10:37:27 | INFO     | preprocessor         | Step 1: Dropping zero-variance and ID columns
2026-08-04 10:37:27 | INFO     | preprocessor         | Dropped 9 columns: ['encounter_id', 'patient_nbr', 'examide', 'citoglipton', 'acetohexamide', 'troglitazone', 'metformin-rosiglitazone', 'metformin-pioglitazone', 'glimepiride-pioglitazone']
2026-08-04 10:37:27 | INFO     | preprocessor         | Remaining columns: 41
2026-08-04 10:37:27 | INFO     | preprocessor         | --------------------------------------------------
2026-08-04 10:37:27 | INFO     | preprocessor         | Step 2: Encoding missingness flags
2026-08-04 10:37:27 | INFO     | preprocessor         |   weight_missing                      flagged=61,370 (96.7%)
2026-08-04 10:37:27 | INFO     | preprocessor         |   Original column 'weight' dropped after flag creation
2026-08-04 10:37:27 | INFO     | preprocessor         |   max_glu_serum_missing               flagged=58,649 (92.4%)
2026-08-04 10:37:27 | INFO     | preprocessor         |   Original column 'max_glu_serum' dropped after flag creation
2026-08-04 10:37:27 | INFO     | preprocessor         |   A1Cresult_missing                   flagged=53,887 (84.9%)
2026-08-04 10:37:27 | INFO     | preprocessor         |   Original column 'A1Cresult' dropped after flag creation
2026-08-04 10:37:27 | INFO     | preprocessor         | --------------------------------------------------
2026-08-04 10:37:27 | INFO     | preprocessor         | Step 3: ICD-9 chapter grouping (diag_1 / diag_2 / diag_3)
2026-08-04 10:37:27 | INFO     | preprocessor         |   diag_1 -> 18 chapters
2026-08-04 10:37:27 | INFO     | preprocessor         |     Circulatory          : 19,608
2026-08-04 10:37:27 | INFO     | preprocessor         |     Endocrine            : 7,604
2026-08-04 10:37:27 | INFO     | preprocessor         |     Respiratory          : 6,140
2026-08-04 10:37:27 | INFO     | preprocessor         |     Digestive            : 5,665
2026-08-04 10:37:27 | INFO     | preprocessor         |     Symptoms             : 4,969
2026-08-04 10:37:28 | INFO     | preprocessor         |   diag_2 -> 19 chapters
2026-08-04 10:37:28 | INFO     | preprocessor         |     Circulatory          : 20,713
2026-08-04 10:37:28 | INFO     | preprocessor         |     Endocrine            : 13,953
2026-08-04 10:37:28 | INFO     | preprocessor         |     Respiratory          : 6,304
2026-08-04 10:37:28 | INFO     | preprocessor         |     Genitourinary        : 4,034
2026-08-04 10:37:28 | INFO     | preprocessor         |     Symptoms             : 2,775
2026-08-04 10:37:28 | INFO     | preprocessor         |   diag_3 -> 19 chapters
2026-08-04 10:37:28 | INFO     | preprocessor         |     Circulatory          : 18,893
2026-08-04 10:37:28 | INFO     | preprocessor         |     Endocrine            : 16,963
2026-08-04 10:37:28 | INFO     | preprocessor         |     Respiratory          : 4,234
2026-08-04 10:37:28 | INFO     | preprocessor         |     Genitourinary        : 3,532
2026-08-04 10:37:28 | INFO     | preprocessor         |     Symptoms             : 2,628
2026-08-04 10:37:28 | INFO     | preprocessor         | --------------------------------------------------
2026-08-04 10:37:28 | INFO     | preprocessor         | Step 4: Age ordinal encoding
2026-08-04 10:37:28 | INFO     | preprocessor         |   age: 10 bins -> ordinal [0-9]  unmapped=0
2026-08-04 10:37:28 | INFO     | preprocessor         | --------------------------------------------------
2026-08-04 10:37:28 | INFO     | preprocessor         | Step 5: Medication encoding
2026-08-04 10:37:28 | INFO     | preprocessor         |   metformin                           ordinal encoded [No=0,Steady=1,Up=2,Down=3]
2026-08-04 10:37:28 | INFO     | preprocessor         |   repaglinide                         ordinal encoded [No=0,Steady=1,Up=2,Down=3]
2026-08-04 10:37:28 | INFO     | preprocessor         |   nateglinide                         ordinal encoded [No=0,Steady=1,Up=2,Down=3]
2026-08-04 10:37:28 | INFO     | preprocessor         |   glimepiride                         ordinal encoded [No=0,Steady=1,Up=2,Down=3]
2026-08-04 10:37:28 | INFO     | preprocessor         |   glipizide                           ordinal encoded [No=0,Steady=1,Up=2,Down=3]
2026-08-04 10:37:28 | INFO     | preprocessor         |   glyburide                           ordinal encoded [No=0,Steady=1,Up=2,Down=3]
2026-08-04 10:37:28 | INFO     | preprocessor         |   pioglitazone                        ordinal encoded [No=0,Steady=1,Up=2,Down=3]
2026-08-04 10:37:28 | INFO     | preprocessor         |   rosiglitazone                       ordinal encoded [No=0,Steady=1,Up=2,Down=3]
2026-08-04 10:37:28 | INFO     | preprocessor         |   insulin                             ordinal encoded [No=0,Steady=1,Up=2,Down=3]
2026-08-04 10:37:28 | INFO     | preprocessor         |   chlorpropamide                      binary encoded  prescribed=71 (0.11%)
2026-08-04 10:37:28 | INFO     | preprocessor         |   tolbutamide                         binary encoded  prescribed=19 (0.03%)
2026-08-04 10:37:28 | INFO     | preprocessor         |   acarbose                            binary encoded  prescribed=202 (0.32%)
2026-08-04 10:37:28 | INFO     | preprocessor         |   miglitol                            binary encoded  prescribed=30 (0.05%)
2026-08-04 10:37:28 | INFO     | preprocessor         |   tolazamide                          binary encoded  prescribed=38 (0.06%)
2026-08-04 10:37:28 | INFO     | preprocessor         |   glyburide-metformin                 binary encoded  prescribed=306 (0.48%)
2026-08-04 10:37:28 | INFO     | preprocessor         |   glipizide-metformin                 binary encoded  prescribed=10 (0.02%)
2026-08-04 10:37:28 | INFO     | preprocessor         | --------------------------------------------------
2026-08-04 10:37:28 | INFO     | preprocessor         | Step 6: Categorical imputation (fit on train)
2026-08-04 10:37:28 | INFO     | preprocessor         |   race                      mode imputed with 'Caucasian'  (fitted on train)
2026-08-04 10:37:28 | INFO     | preprocessor         |   medical_specialty         filled with 'Unknown'
2026-08-04 10:37:28 | INFO     | preprocessor         |   payer_code                filled with 'Unknown'
2026-08-04 10:37:28 | INFO     | preprocessor         | --------------------------------------------------
2026-08-04 10:37:28 | INFO     | preprocessor         | Step 7: LabelEncoder (fit on train)
2026-08-04 10:37:28 | INFO     | preprocessor         |   race                      5 classes  (fitted on train)
2026-08-04 10:37:28 | INFO     | preprocessor         |   gender                    3 classes  (fitted on train)
2026-08-04 10:37:28 | INFO     | preprocessor         |   payer_code                17 classes  (fitted on train)
2026-08-04 10:37:28 | INFO     | preprocessor         |   medical_specialty         68 classes  (fitted on train)
2026-08-04 10:37:28 | INFO     | preprocessor         |   change                    2 classes  (fitted on train)
2026-08-04 10:37:28 | INFO     | preprocessor         |   diabetesMed               2 classes  (fitted on train)
2026-08-04 10:37:28 | INFO     | preprocessor         |   diag_1                    18 classes  (fitted on train)
2026-08-04 10:37:28 | INFO     | preprocessor         |   diag_2                    19 classes  (fitted on train)
2026-08-04 10:37:28 | INFO     | preprocessor         |   diag_3                    19 classes  (fitted on train)
2026-08-04 10:37:28 | INFO     | preprocessor         | --------------------------------------------------
2026-08-04 10:37:28 | INFO     | preprocessor         | Step 8: Log1p transformation
2026-08-04 10:37:28 | INFO     | preprocessor         |   number_outpatient         skew: 7.645 -> 2.962
2026-08-04 10:37:28 | INFO     | preprocessor         |   number_emergency          skew: 11.193 -> 3.786
2026-08-04 10:37:28 | INFO     | preprocessor         | --------------------------------------------------
2026-08-04 10:37:28 | INFO     | preprocessor         | Step 9: Target encoding
2026-08-04 10:37:28 | INFO     | preprocessor         |   readmitted_binary: {0: np.int64(55875), 1: np.int64(7617)}
2026-08-04 10:37:28 | INFO     | preprocessor         |   readmitted_multi : {0: np.int64(32398), 2: np.int64(23477), 1: np.int64(7617)}
2026-08-04 10:37:28 | INFO     | preprocessor         | --------------------------------------------------
2026-08-04 10:37:28 | INFO     | preprocessor         | Step 10: Saving fitted artifacts
2026-08-04 10:37:28 | INFO     | preprocessor         |   label_encoders.pkl saved -> C:\Users\sharg\Desktop\github\DriftSentinel\outputs\artifacts\label_encoders.pkl
2026-08-04 10:37:28 | INFO     | preprocessor         |   impute_modes.json saved -> C:\Users\sharg\Desktop\github\DriftSentinel\outputs\artifacts\impute_modes.json
2026-08-04 10:37:28 | INFO     | preprocessor         |   age_ordinal_map.json saved -> C:\Users\sharg\Desktop\github\DriftSentinel\outputs\artifacts\age_ordinal_map.json
2026-08-04 10:37:28 | INFO     | preprocessor         |   preprocessor_config.json saved -> C:\Users\sharg\Desktop\github\DriftSentinel\outputs\artifacts\preprocessor_config.json
2026-08-04 10:37:28 | INFO     | preprocessor         | ======================================================================
2026-08-04 10:37:28 | INFO     | preprocessor         | fit_transform complete — shape: (63492, 42)
2026-08-04 10:37:28 | INFO     | preprocessor         | ======================================================================
2026-08-04 10:37:28 | INFO     | preprocessor         | ======================================================================
2026-08-04 10:37:28 | INFO     | preprocessor         | DriftSentinel — Preprocessor  [transform on VAL]
2026-08-04 10:37:28 | INFO     | preprocessor         | ======================================================================
2026-08-04 10:37:28 | INFO     | preprocessor         | Step 1: Dropped 9 columns
2026-08-04 10:37:28 | INFO     | preprocessor         | Step 2: Missingness flags applied
2026-08-04 10:37:28 | INFO     | preprocessor         | Step 3: ICD-9 chapter grouping applied
2026-08-04 10:37:28 | INFO     | preprocessor         | Step 4: Age ordinal encoding applied
2026-08-04 10:37:28 | INFO     | preprocessor         | Step 5: Medication encoding applied
2026-08-04 10:37:28 | INFO     | preprocessor         | Step 6: Imputation applied (train-fitted values)
2026-08-04 10:37:28 | WARNING  | preprocessor         |   medical_specialty: 2 unseen categories -> mapped to fallback 'AllergyandImmunology'
2026-08-04 10:37:28 | WARNING  | preprocessor         |   diag_1: 1 unseen categories -> mapped to fallback 'Blood'
2026-08-04 10:37:28 | INFO     | preprocessor         | Step 7: LabelEncoder applied (train-fitted)  unseen_total=3
2026-08-04 10:37:28 | INFO     | preprocessor         | Step 8: Log1p applied
2026-08-04 10:37:28 | INFO     | preprocessor         | Step 9: Target encoding applied
2026-08-04 10:37:28 | INFO     | preprocessor         | ======================================================================
2026-08-04 10:37:28 | INFO     | preprocessor         | transform complete [val] — shape: (20949, 42)
2026-08-04 10:37:28 | INFO     | preprocessor         | ======================================================================
2026-08-04 10:37:28 | INFO     | preprocessor         | ======================================================================
2026-08-04 10:37:28 | INFO     | preprocessor         | DriftSentinel — Preprocessor  [transform on TEST]
2026-08-04 10:37:28 | INFO     | preprocessor         | ======================================================================
2026-08-04 10:37:28 | INFO     | preprocessor         | Step 1: Dropped 9 columns
2026-08-04 10:37:28 | INFO     | preprocessor         | Step 2: Missingness flags applied
2026-08-04 10:37:28 | INFO     | preprocessor         | Step 3: ICD-9 chapter grouping applied
2026-08-04 10:37:28 | INFO     | preprocessor         | Step 4: Age ordinal encoding applied
2026-08-04 10:37:28 | INFO     | preprocessor         | Step 5: Medication encoding applied
2026-08-04 10:37:28 | INFO     | preprocessor         | Step 6: Imputation applied (train-fitted values)
2026-08-04 10:37:28 | WARNING  | preprocessor         |   payer_code: 1 unseen categories -> mapped to fallback 'BC'
2026-08-04 10:37:28 | WARNING  | preprocessor         |   medical_specialty: 16 unseen categories -> mapped to fallback 'AllergyandImmunology'
2026-08-04 10:37:28 | INFO     | preprocessor         | Step 7: LabelEncoder applied (train-fitted)  unseen_total=17
2026-08-04 10:37:28 | INFO     | preprocessor         | Step 8: Log1p applied
2026-08-04 10:37:28 | INFO     | preprocessor         | Step 9: Target encoding applied
2026-08-04 10:37:28 | INFO     | preprocessor         | ======================================================================
2026-08-04 10:37:28 | INFO     | preprocessor         | transform complete [test] — shape: (17325, 42)
2026-08-04 10:37:28 | INFO     | preprocessor         | ======================================================================
2026-08-04 10:48:33 | INFO     | preprocessor         | ===== RUN 20260804-104829-f5297c | pid=20016 | started 2026-08-04 10:48:33 =====
2026-08-04 10:48:33 | INFO     | preprocessor         | ======================================================================
2026-08-04 10:48:33 | INFO     | preprocessor         | DriftSentinel — Preprocessor  [fit_transform on TRAIN]
2026-08-04 10:48:33 | INFO     | preprocessor         | ======================================================================
2026-08-04 10:48:33 | INFO     | preprocessor         | --------------------------------------------------
2026-08-04 10:48:33 | INFO     | preprocessor         | Step 1: Dropping zero-variance and ID columns
2026-08-04 10:48:33 | INFO     | preprocessor         | Dropped 9 columns: ['encounter_id', 'patient_nbr', 'examide', 'citoglipton', 'acetohexamide', 'troglitazone', 'metformin-rosiglitazone', 'metformin-pioglitazone', 'glimepiride-pioglitazone']
2026-08-04 10:48:33 | INFO     | preprocessor         | Remaining columns: 41
2026-08-04 10:48:33 | INFO     | preprocessor         | --------------------------------------------------
2026-08-04 10:48:33 | INFO     | preprocessor         | Step 2: Encoding missingness flags
2026-08-04 10:48:33 | INFO     | preprocessor         |   weight_missing                      flagged=61,370 (96.7%)
2026-08-04 10:48:33 | INFO     | preprocessor         |   Original column 'weight' dropped after flag creation
2026-08-04 10:48:33 | INFO     | preprocessor         |   max_glu_serum_missing               flagged=58,649 (92.4%)
2026-08-04 10:48:33 | INFO     | preprocessor         |   Original column 'max_glu_serum' dropped after flag creation
2026-08-04 10:48:33 | INFO     | preprocessor         |   A1Cresult_missing                   flagged=53,887 (84.9%)
2026-08-04 10:48:33 | INFO     | preprocessor         |   Original column 'A1Cresult' dropped after flag creation
2026-08-04 10:48:33 | INFO     | preprocessor         | --------------------------------------------------
2026-08-04 10:48:33 | INFO     | preprocessor         | Step 3: ICD-9 chapter grouping (diag_1 / diag_2 / diag_3)
2026-08-04 10:48:33 | INFO     | preprocessor         |   diag_1 -> 18 chapters
2026-08-04 10:48:33 | INFO     | preprocessor         |     Circulatory          : 19,608
2026-08-04 10:48:33 | INFO     | preprocessor         |     Endocrine            : 7,604
2026-08-04 10:48:33 | INFO     | preprocessor         |     Respiratory          : 6,140
2026-08-04 10:48:33 | INFO     | preprocessor         |     Digestive            : 5,665
2026-08-04 10:48:33 | INFO     | preprocessor         |     Symptoms             : 4,969
2026-08-04 10:48:33 | INFO     | preprocessor         |   diag_2 -> 19 chapters
2026-08-04 10:48:33 | INFO     | preprocessor         |     Circulatory          : 20,713
2026-08-04 10:48:33 | INFO     | preprocessor         |     Endocrine            : 13,953
2026-08-04 10:48:33 | INFO     | preprocessor         |     Respiratory          : 6,304
2026-08-04 10:48:33 | INFO     | preprocessor         |     Genitourinary        : 4,034
2026-08-04 10:48:33 | INFO     | preprocessor         |     Symptoms             : 2,775
2026-08-04 10:48:33 | INFO     | preprocessor         |   diag_3 -> 19 chapters
2026-08-04 10:48:33 | INFO     | preprocessor         |     Circulatory          : 18,893
2026-08-04 10:48:33 | INFO     | preprocessor         |     Endocrine            : 16,963
2026-08-04 10:48:33 | INFO     | preprocessor         |     Respiratory          : 4,234
2026-08-04 10:48:33 | INFO     | preprocessor         |     Genitourinary        : 3,532
2026-08-04 10:48:33 | INFO     | preprocessor         |     Symptoms             : 2,628
2026-08-04 10:48:33 | INFO     | preprocessor         | --------------------------------------------------
2026-08-04 10:48:33 | INFO     | preprocessor         | Step 4: Age ordinal encoding
2026-08-04 10:48:33 | INFO     | preprocessor         |   age: 10 bins -> ordinal [0-9]  unmapped=0
2026-08-04 10:48:33 | INFO     | preprocessor         | --------------------------------------------------
2026-08-04 10:48:33 | INFO     | preprocessor         | Step 5: Medication encoding
2026-08-04 10:48:33 | INFO     | preprocessor         |   metformin                           ordinal encoded [No=0,Steady=1,Up=2,Down=3]
2026-08-04 10:48:33 | INFO     | preprocessor         |   repaglinide                         ordinal encoded [No=0,Steady=1,Up=2,Down=3]
2026-08-04 10:48:33 | INFO     | preprocessor         |   nateglinide                         ordinal encoded [No=0,Steady=1,Up=2,Down=3]
2026-08-04 10:48:33 | INFO     | preprocessor         |   glimepiride                         ordinal encoded [No=0,Steady=1,Up=2,Down=3]
2026-08-04 10:48:33 | INFO     | preprocessor         |   glipizide                           ordinal encoded [No=0,Steady=1,Up=2,Down=3]
2026-08-04 10:48:33 | INFO     | preprocessor         |   glyburide                           ordinal encoded [No=0,Steady=1,Up=2,Down=3]
2026-08-04 10:48:33 | INFO     | preprocessor         |   pioglitazone                        ordinal encoded [No=0,Steady=1,Up=2,Down=3]
2026-08-04 10:48:33 | INFO     | preprocessor         |   rosiglitazone                       ordinal encoded [No=0,Steady=1,Up=2,Down=3]
2026-08-04 10:48:33 | INFO     | preprocessor         |   insulin                             ordinal encoded [No=0,Steady=1,Up=2,Down=3]
2026-08-04 10:48:33 | INFO     | preprocessor         |   chlorpropamide                      binary encoded  prescribed=71 (0.11%)
2026-08-04 10:48:33 | INFO     | preprocessor         |   tolbutamide                         binary encoded  prescribed=19 (0.03%)
2026-08-04 10:48:33 | INFO     | preprocessor         |   acarbose                            binary encoded  prescribed=202 (0.32%)
2026-08-04 10:48:33 | INFO     | preprocessor         |   miglitol                            binary encoded  prescribed=30 (0.05%)
2026-08-04 10:48:33 | INFO     | preprocessor         |   tolazamide                          binary encoded  prescribed=38 (0.06%)
2026-08-04 10:48:33 | INFO     | preprocessor         |   glyburide-metformin                 binary encoded  prescribed=306 (0.48%)
2026-08-04 10:48:33 | INFO     | preprocessor         |   glipizide-metformin                 binary encoded  prescribed=10 (0.02%)
2026-08-04 10:48:33 | INFO     | preprocessor         | --------------------------------------------------
2026-08-04 10:48:33 | INFO     | preprocessor         | Step 6: Categorical imputation (fit on train)
2026-08-04 10:48:33 | INFO     | preprocessor         |   race                      mode imputed with 'Caucasian'  (fitted on train)
2026-08-04 10:48:33 | INFO     | preprocessor         |   medical_specialty         filled with 'Unknown'
2026-08-04 10:48:33 | INFO     | preprocessor         |   payer_code                filled with 'Unknown'
2026-08-04 10:48:33 | INFO     | preprocessor         | --------------------------------------------------
2026-08-04 10:48:33 | INFO     | preprocessor         | Step 7: LabelEncoder (fit on train)
2026-08-04 10:48:33 | INFO     | preprocessor         |   race                      5 classes  (fitted on train)
2026-08-04 10:48:33 | INFO     | preprocessor         |   gender                    3 classes  (fitted on train)
2026-08-04 10:48:33 | INFO     | preprocessor         |   payer_code                17 classes  (fitted on train)
2026-08-04 10:48:33 | INFO     | preprocessor         |   medical_specialty         68 classes  (fitted on train)
2026-08-04 10:48:33 | INFO     | preprocessor         |   change                    2 classes  (fitted on train)
2026-08-04 10:48:33 | INFO     | preprocessor         |   diabetesMed               2 classes  (fitted on train)
2026-08-04 10:48:33 | INFO     | preprocessor         |   diag_1                    18 classes  (fitted on train)
2026-08-04 10:48:33 | INFO     | preprocessor         |   diag_2                    19 classes  (fitted on train)
2026-08-04 10:48:33 | INFO     | preprocessor         |   diag_3                    19 classes  (fitted on train)
2026-08-04 10:48:33 | INFO     | preprocessor         | --------------------------------------------------
2026-08-04 10:48:33 | INFO     | preprocessor         | Step 8: Log1p transformation
2026-08-04 10:48:33 | INFO     | preprocessor         |   number_outpatient         skew: 7.645 -> 2.962
2026-08-04 10:48:33 | INFO     | preprocessor         |   number_emergency          skew: 11.193 -> 3.786
2026-08-04 10:48:33 | INFO     | preprocessor         | --------------------------------------------------
2026-08-04 10:48:33 | INFO     | preprocessor         | Step 9: Target encoding
2026-08-04 10:48:33 | INFO     | preprocessor         |   readmitted_binary: {0: np.int64(55875), 1: np.int64(7617)}
2026-08-04 10:48:33 | INFO     | preprocessor         |   readmitted_multi : {0: np.int64(32398), 2: np.int64(23477), 1: np.int64(7617)}
2026-08-04 10:48:33 | INFO     | preprocessor         | --------------------------------------------------
2026-08-04 10:48:33 | INFO     | preprocessor         | Step 10: Saving fitted artifacts
2026-08-04 10:48:33 | INFO     | preprocessor         |   label_encoders.pkl saved -> C:\Users\sharg\Desktop\github\DriftSentinel\outputs\artifacts\label_encoders.pkl
2026-08-04 10:48:33 | INFO     | preprocessor         |   impute_modes.json saved -> C:\Users\sharg\Desktop\github\DriftSentinel\outputs\artifacts\impute_modes.json
2026-08-04 10:48:33 | INFO     | preprocessor         |   age_ordinal_map.json saved -> C:\Users\sharg\Desktop\github\DriftSentinel\outputs\artifacts\age_ordinal_map.json
2026-08-04 10:48:33 | INFO     | preprocessor         |   preprocessor_config.json saved -> C:\Users\sharg\Desktop\github\DriftSentinel\outputs\artifacts\preprocessor_config.json
2026-08-04 10:48:33 | INFO     | preprocessor         | ======================================================================
2026-08-04 10:48:33 | INFO     | preprocessor         | fit_transform complete — shape: (63492, 42)
2026-08-04 10:48:33 | INFO     | preprocessor         | ======================================================================
2026-08-04 10:48:33 | INFO     | preprocessor         | ======================================================================
2026-08-04 10:48:33 | INFO     | preprocessor         | DriftSentinel — Preprocessor  [transform on VAL]
2026-08-04 10:48:33 | INFO     | preprocessor         | ======================================================================
2026-08-04 10:48:33 | INFO     | preprocessor         | Step 1: Dropped 9 columns
2026-08-04 10:48:33 | INFO     | preprocessor         | Step 2: Missingness flags applied
2026-08-04 10:48:33 | INFO     | preprocessor         | Step 3: ICD-9 chapter grouping applied
2026-08-04 10:48:33 | INFO     | preprocessor         | Step 4: Age ordinal encoding applied
2026-08-04 10:48:33 | INFO     | preprocessor         | Step 5: Medication encoding applied
2026-08-04 10:48:33 | INFO     | preprocessor         | Step 6: Imputation applied (train-fitted values)
2026-08-04 10:48:33 | WARNING  | preprocessor         |   medical_specialty: 2 unseen categories -> mapped to fallback 'AllergyandImmunology'
2026-08-04 10:48:33 | WARNING  | preprocessor         |   diag_1: 1 unseen categories -> mapped to fallback 'Blood'
2026-08-04 10:48:33 | INFO     | preprocessor         | Step 7: LabelEncoder applied (train-fitted)  unseen_total=3
2026-08-04 10:48:33 | INFO     | preprocessor         | Step 8: Log1p applied
2026-08-04 10:48:33 | INFO     | preprocessor         | Step 9: Target encoding applied
2026-08-04 10:48:33 | INFO     | preprocessor         | ======================================================================
2026-08-04 10:48:33 | INFO     | preprocessor         | transform complete [val] — shape: (20949, 42)
2026-08-04 10:48:33 | INFO     | preprocessor         | ======================================================================
2026-08-04 10:48:33 | INFO     | preprocessor         | ======================================================================
2026-08-04 10:48:33 | INFO     | preprocessor         | DriftSentinel — Preprocessor  [transform on TEST]
2026-08-04 10:48:33 | INFO     | preprocessor         | ======================================================================
2026-08-04 10:48:33 | INFO     | preprocessor         | Step 1: Dropped 9 columns
2026-08-04 10:48:33 | INFO     | preprocessor         | Step 2: Missingness flags applied
2026-08-04 10:48:33 | INFO     | preprocessor         | Step 3: ICD-9 chapter grouping applied
2026-08-04 10:48:33 | INFO     | preprocessor         | Step 4: Age ordinal encoding applied
2026-08-04 10:48:33 | INFO     | preprocessor         | Step 5: Medication encoding applied
2026-08-04 10:48:33 | INFO     | preprocessor         | Step 6: Imputation applied (train-fitted values)
2026-08-04 10:48:33 | WARNING  | preprocessor         |   payer_code: 1 unseen categories -> mapped to fallback 'BC'
2026-08-04 10:48:33 | WARNING  | preprocessor         |   medical_specialty: 16 unseen categories -> mapped to fallback 'AllergyandImmunology'
2026-08-04 10:48:33 | INFO     | preprocessor         | Step 7: LabelEncoder applied (train-fitted)  unseen_total=17
2026-08-04 10:48:33 | INFO     | preprocessor         | Step 8: Log1p applied
2026-08-04 10:48:33 | INFO     | preprocessor         | Step 9: Target encoding applied
2026-08-04 10:48:33 | INFO     | preprocessor         | ======================================================================
2026-08-04 10:48:33 | INFO     | preprocessor         | transform complete [test] — shape: (17325, 42)
2026-08-04 10:48:33 | INFO     | preprocessor         | ======================================================================
2026-08-04 10:52:03 | INFO     | preprocessor         | ===== RUN 20260804-105157-d432da | pid=31324 | started 2026-08-04 10:52:03 =====
2026-08-04 10:52:03 | INFO     | preprocessor         | ======================================================================
2026-08-04 10:52:03 | INFO     | preprocessor         | DriftSentinel — Preprocessor  [fit_transform on TRAIN]
2026-08-04 10:52:03 | INFO     | preprocessor         | ======================================================================
2026-08-04 10:52:03 | INFO     | preprocessor         | --------------------------------------------------
2026-08-04 10:52:03 | INFO     | preprocessor         | Step 1: Dropping zero-variance and ID columns
2026-08-04 10:52:03 | INFO     | preprocessor         | Dropped 9 columns: ['encounter_id', 'patient_nbr', 'examide', 'citoglipton', 'acetohexamide', 'troglitazone', 'metformin-rosiglitazone', 'metformin-pioglitazone', 'glimepiride-pioglitazone']
2026-08-04 10:52:03 | INFO     | preprocessor         | Remaining columns: 41
2026-08-04 10:52:03 | INFO     | preprocessor         | --------------------------------------------------
2026-08-04 10:52:03 | INFO     | preprocessor         | Step 2: Encoding missingness flags
2026-08-04 10:52:03 | INFO     | preprocessor         |   weight_missing                      flagged=61,370 (96.7%)
2026-08-04 10:52:03 | INFO     | preprocessor         |   Original column 'weight' dropped after flag creation
2026-08-04 10:52:03 | INFO     | preprocessor         |   max_glu_serum_missing               flagged=58,649 (92.4%)
2026-08-04 10:52:03 | INFO     | preprocessor         |   Original column 'max_glu_serum' dropped after flag creation
2026-08-04 10:52:03 | INFO     | preprocessor         |   A1Cresult_missing                   flagged=53,887 (84.9%)
2026-08-04 10:52:03 | INFO     | preprocessor         |   Original column 'A1Cresult' dropped after flag creation
2026-08-04 10:52:03 | INFO     | preprocessor         | --------------------------------------------------
2026-08-04 10:52:03 | INFO     | preprocessor         | Step 3: ICD-9 chapter grouping (diag_1 / diag_2 / diag_3)
2026-08-04 10:52:03 | INFO     | preprocessor         |   diag_1 -> 18 chapters
2026-08-04 10:52:03 | INFO     | preprocessor         |     Circulatory          : 19,608
2026-08-04 10:52:03 | INFO     | preprocessor         |     Endocrine            : 7,604
2026-08-04 10:52:03 | INFO     | preprocessor         |     Respiratory          : 6,140
2026-08-04 10:52:03 | INFO     | preprocessor         |     Digestive            : 5,665
2026-08-04 10:52:03 | INFO     | preprocessor         |     Symptoms             : 4,969
2026-08-04 10:52:03 | INFO     | preprocessor         |   diag_2 -> 19 chapters
2026-08-04 10:52:03 | INFO     | preprocessor         |     Circulatory          : 20,713
2026-08-04 10:52:03 | INFO     | preprocessor         |     Endocrine            : 13,953
2026-08-04 10:52:03 | INFO     | preprocessor         |     Respiratory          : 6,304
2026-08-04 10:52:03 | INFO     | preprocessor         |     Genitourinary        : 4,034
2026-08-04 10:52:03 | INFO     | preprocessor         |     Symptoms             : 2,775
2026-08-04 10:52:03 | INFO     | preprocessor         |   diag_3 -> 19 chapters
2026-08-04 10:52:03 | INFO     | preprocessor         |     Circulatory          : 18,893
2026-08-04 10:52:03 | INFO     | preprocessor         |     Endocrine            : 16,963
2026-08-04 10:52:03 | INFO     | preprocessor         |     Respiratory          : 4,234
2026-08-04 10:52:03 | INFO     | preprocessor         |     Genitourinary        : 3,532
2026-08-04 10:52:03 | INFO     | preprocessor         |     Symptoms             : 2,628
2026-08-04 10:52:03 | INFO     | preprocessor         | --------------------------------------------------
2026-08-04 10:52:03 | INFO     | preprocessor         | Step 4: Age ordinal encoding
2026-08-04 10:52:03 | INFO     | preprocessor         |   age: 10 bins -> ordinal [0-9]  unmapped=0
2026-08-04 10:52:03 | INFO     | preprocessor         | --------------------------------------------------
2026-08-04 10:52:03 | INFO     | preprocessor         | Step 5: Medication encoding
2026-08-04 10:52:03 | INFO     | preprocessor         |   metformin                           ordinal encoded [No=0,Steady=1,Up=2,Down=3]
2026-08-04 10:52:03 | INFO     | preprocessor         |   repaglinide                         ordinal encoded [No=0,Steady=1,Up=2,Down=3]
2026-08-04 10:52:03 | INFO     | preprocessor         |   nateglinide                         ordinal encoded [No=0,Steady=1,Up=2,Down=3]
2026-08-04 10:52:03 | INFO     | preprocessor         |   glimepiride                         ordinal encoded [No=0,Steady=1,Up=2,Down=3]
2026-08-04 10:52:03 | INFO     | preprocessor         |   glipizide                           ordinal encoded [No=0,Steady=1,Up=2,Down=3]
2026-08-04 10:52:03 | INFO     | preprocessor         |   glyburide                           ordinal encoded [No=0,Steady=1,Up=2,Down=3]
2026-08-04 10:52:03 | INFO     | preprocessor         |   pioglitazone                        ordinal encoded [No=0,Steady=1,Up=2,Down=3]
2026-08-04 10:52:03 | INFO     | preprocessor         |   rosiglitazone                       ordinal encoded [No=0,Steady=1,Up=2,Down=3]
2026-08-04 10:52:03 | INFO     | preprocessor         |   insulin                             ordinal encoded [No=0,Steady=1,Up=2,Down=3]
2026-08-04 10:52:03 | INFO     | preprocessor         |   chlorpropamide                      binary encoded  prescribed=71 (0.11%)
2026-08-04 10:52:03 | INFO     | preprocessor         |   tolbutamide                         binary encoded  prescribed=19 (0.03%)
2026-08-04 10:52:03 | INFO     | preprocessor         |   acarbose                            binary encoded  prescribed=202 (0.32%)
2026-08-04 10:52:03 | INFO     | preprocessor         |   miglitol                            binary encoded  prescribed=30 (0.05%)
2026-08-04 10:52:03 | INFO     | preprocessor         |   tolazamide                          binary encoded  prescribed=38 (0.06%)
2026-08-04 10:52:03 | INFO     | preprocessor         |   glyburide-metformin                 binary encoded  prescribed=306 (0.48%)
2026-08-04 10:52:03 | INFO     | preprocessor         |   glipizide-metformin                 binary encoded  prescribed=10 (0.02%)
2026-08-04 10:52:03 | INFO     | preprocessor         | --------------------------------------------------
2026-08-04 10:52:03 | INFO     | preprocessor         | Step 6: Categorical imputation (fit on train)
2026-08-04 10:52:03 | INFO     | preprocessor         |   race                      mode imputed with 'Caucasian'  (fitted on train)
2026-08-04 10:52:03 | INFO     | preprocessor         |   medical_specialty         filled with 'Unknown'
2026-08-04 10:52:03 | INFO     | preprocessor         |   payer_code                filled with 'Unknown'
2026-08-04 10:52:03 | INFO     | preprocessor         | --------------------------------------------------
2026-08-04 10:52:03 | INFO     | preprocessor         | Step 7: LabelEncoder (fit on train)
2026-08-04 10:52:03 | INFO     | preprocessor         |   race                      5 classes  (fitted on train)
2026-08-04 10:52:03 | INFO     | preprocessor         |   gender                    3 classes  (fitted on train)
2026-08-04 10:52:03 | INFO     | preprocessor         |   payer_code                17 classes  (fitted on train)
2026-08-04 10:52:03 | INFO     | preprocessor         |   medical_specialty         68 classes  (fitted on train)
2026-08-04 10:52:03 | INFO     | preprocessor         |   change                    2 classes  (fitted on train)
2026-08-04 10:52:03 | INFO     | preprocessor         |   diabetesMed               2 classes  (fitted on train)
2026-08-04 10:52:03 | INFO     | preprocessor         |   diag_1                    18 classes  (fitted on train)
2026-08-04 10:52:03 | INFO     | preprocessor         |   diag_2                    19 classes  (fitted on train)
2026-08-04 10:52:03 | INFO     | preprocessor         |   diag_3                    19 classes  (fitted on train)
2026-08-04 10:52:03 | INFO     | preprocessor         | --------------------------------------------------
2026-08-04 10:52:03 | INFO     | preprocessor         | Step 8: Log1p transformation
2026-08-04 10:52:03 | INFO     | preprocessor         |   number_outpatient         skew: 7.645 -> 2.962
2026-08-04 10:52:03 | INFO     | preprocessor         |   number_emergency          skew: 11.193 -> 3.786
2026-08-04 10:52:03 | INFO     | preprocessor         | --------------------------------------------------
2026-08-04 10:52:03 | INFO     | preprocessor         | Step 9: Target encoding
2026-08-04 10:52:03 | INFO     | preprocessor         |   readmitted_binary: {0: np.int64(55875), 1: np.int64(7617)}
2026-08-04 10:52:03 | INFO     | preprocessor         |   readmitted_multi : {0: np.int64(32398), 2: np.int64(23477), 1: np.int64(7617)}
2026-08-04 10:52:03 | INFO     | preprocessor         | --------------------------------------------------
2026-08-04 10:52:03 | INFO     | preprocessor         | Step 10: Saving fitted artifacts
2026-08-04 10:52:03 | INFO     | preprocessor         |   label_encoders.pkl saved -> C:\Users\sharg\Desktop\github\DriftSentinel\outputs\artifacts\label_encoders.pkl
2026-08-04 10:52:03 | INFO     | preprocessor         |   impute_modes.json saved -> C:\Users\sharg\Desktop\github\DriftSentinel\outputs\artifacts\impute_modes.json
2026-08-04 10:52:03 | INFO     | preprocessor         |   age_ordinal_map.json saved -> C:\Users\sharg\Desktop\github\DriftSentinel\outputs\artifacts\age_ordinal_map.json
2026-08-04 10:52:03 | INFO     | preprocessor         |   preprocessor_config.json saved -> C:\Users\sharg\Desktop\github\DriftSentinel\outputs\artifacts\preprocessor_config.json
2026-08-04 10:52:03 | INFO     | preprocessor         | ======================================================================
2026-08-04 10:52:03 | INFO     | preprocessor         | fit_transform complete — shape: (63492, 42)
2026-08-04 10:52:03 | INFO     | preprocessor         | ======================================================================
2026-08-04 10:52:03 | INFO     | preprocessor         | ======================================================================
2026-08-04 10:52:03 | INFO     | preprocessor         | DriftSentinel — Preprocessor  [transform on VAL]
2026-08-04 10:52:03 | INFO     | preprocessor         | ======================================================================
2026-08-04 10:52:03 | INFO     | preprocessor         | Step 1: Dropped 9 columns
2026-08-04 10:52:03 | INFO     | preprocessor         | Step 2: Missingness flags applied
2026-08-04 10:52:03 | INFO     | preprocessor         | Step 3: ICD-9 chapter grouping applied
2026-08-04 10:52:03 | INFO     | preprocessor         | Step 4: Age ordinal encoding applied
2026-08-04 10:52:03 | INFO     | preprocessor         | Step 5: Medication encoding applied
2026-08-04 10:52:03 | INFO     | preprocessor         | Step 6: Imputation applied (train-fitted values)
2026-08-04 10:52:03 | WARNING  | preprocessor         |   medical_specialty: 2 unseen categories -> mapped to fallback 'AllergyandImmunology'
2026-08-04 10:52:03 | WARNING  | preprocessor         |   diag_1: 1 unseen categories -> mapped to fallback 'Blood'
2026-08-04 10:52:03 | INFO     | preprocessor         | Step 7: LabelEncoder applied (train-fitted)  unseen_total=3
2026-08-04 10:52:03 | INFO     | preprocessor         | Step 8: Log1p applied
2026-08-04 10:52:04 | INFO     | preprocessor         | Step 9: Target encoding applied
2026-08-04 10:52:04 | INFO     | preprocessor         | ======================================================================
2026-08-04 10:52:04 | INFO     | preprocessor         | transform complete [val] — shape: (20949, 42)
2026-08-04 10:52:04 | INFO     | preprocessor         | ======================================================================
2026-08-04 10:52:04 | INFO     | preprocessor         | ======================================================================
2026-08-04 10:52:04 | INFO     | preprocessor         | DriftSentinel — Preprocessor  [transform on TEST]
2026-08-04 10:52:04 | INFO     | preprocessor         | ======================================================================
2026-08-04 10:52:04 | INFO     | preprocessor         | Step 1: Dropped 9 columns
2026-08-04 10:52:04 | INFO     | preprocessor         | Step 2: Missingness flags applied
2026-08-04 10:52:04 | INFO     | preprocessor         | Step 3: ICD-9 chapter grouping applied
2026-08-04 10:52:04 | INFO     | preprocessor         | Step 4: Age ordinal encoding applied
2026-08-04 10:52:04 | INFO     | preprocessor         | Step 5: Medication encoding applied
2026-08-04 10:52:04 | INFO     | preprocessor         | Step 6: Imputation applied (train-fitted values)
2026-08-04 10:52:04 | WARNING  | preprocessor         |   payer_code: 1 unseen categories -> mapped to fallback 'BC'
2026-08-04 10:52:04 | WARNING  | preprocessor         |   medical_specialty: 16 unseen categories -> mapped to fallback 'AllergyandImmunology'
2026-08-04 10:52:04 | INFO     | preprocessor         | Step 7: LabelEncoder applied (train-fitted)  unseen_total=17
2026-08-04 10:52:04 | INFO     | preprocessor         | Step 8: Log1p applied
2026-08-04 10:52:04 | INFO     | preprocessor         | Step 9: Target encoding applied
2026-08-04 10:52:04 | INFO     | preprocessor         | ======================================================================
2026-08-04 10:52:04 | INFO     | preprocessor         | transform complete [test] — shape: (17325, 42)
2026-08-04 10:52:04 | INFO     | preprocessor         | ======================================================================
2026-08-04 10:54:04 | INFO     | preprocessor         | ===== RUN 20260804-105400-8176e5 | pid=20152 | started 2026-08-04 10:54:04 =====
2026-08-04 10:54:04 | INFO     | preprocessor         | ======================================================================
2026-08-04 10:54:04 | INFO     | preprocessor         | DriftSentinel — Preprocessor  [fit_transform on TRAIN]
2026-08-04 10:54:04 | INFO     | preprocessor         | ======================================================================
2026-08-04 10:54:04 | INFO     | preprocessor         | --------------------------------------------------
2026-08-04 10:54:04 | INFO     | preprocessor         | Step 1: Dropping zero-variance and ID columns
2026-08-04 10:54:04 | INFO     | preprocessor         | Dropped 9 columns: ['encounter_id', 'patient_nbr', 'examide', 'citoglipton', 'acetohexamide', 'troglitazone', 'metformin-rosiglitazone', 'metformin-pioglitazone', 'glimepiride-pioglitazone']
2026-08-04 10:54:04 | INFO     | preprocessor         | Remaining columns: 41
2026-08-04 10:54:04 | INFO     | preprocessor         | --------------------------------------------------
2026-08-04 10:54:04 | INFO     | preprocessor         | Step 2: Encoding missingness flags
2026-08-04 10:54:04 | INFO     | preprocessor         |   weight_missing                      flagged=61,370 (96.7%)
2026-08-04 10:54:04 | INFO     | preprocessor         |   Original column 'weight' dropped after flag creation
2026-08-04 10:54:04 | INFO     | preprocessor         |   max_glu_serum_missing               flagged=58,649 (92.4%)
2026-08-04 10:54:04 | INFO     | preprocessor         |   Original column 'max_glu_serum' dropped after flag creation
2026-08-04 10:54:04 | INFO     | preprocessor         |   A1Cresult_missing                   flagged=53,887 (84.9%)
2026-08-04 10:54:04 | INFO     | preprocessor         |   Original column 'A1Cresult' dropped after flag creation
2026-08-04 10:54:04 | INFO     | preprocessor         | --------------------------------------------------
2026-08-04 10:54:04 | INFO     | preprocessor         | Step 3: ICD-9 chapter grouping (diag_1 / diag_2 / diag_3)
2026-08-04 10:54:04 | INFO     | preprocessor         |   diag_1 -> 18 chapters
2026-08-04 10:54:04 | INFO     | preprocessor         |     Circulatory          : 19,608
2026-08-04 10:54:04 | INFO     | preprocessor         |     Endocrine            : 7,604
2026-08-04 10:54:04 | INFO     | preprocessor         |     Respiratory          : 6,140
2026-08-04 10:54:04 | INFO     | preprocessor         |     Digestive            : 5,665
2026-08-04 10:54:04 | INFO     | preprocessor         |     Symptoms             : 4,969
2026-08-04 10:54:05 | INFO     | preprocessor         |   diag_2 -> 19 chapters
2026-08-04 10:54:05 | INFO     | preprocessor         |     Circulatory          : 20,713
2026-08-04 10:54:05 | INFO     | preprocessor         |     Endocrine            : 13,953
2026-08-04 10:54:05 | INFO     | preprocessor         |     Respiratory          : 6,304
2026-08-04 10:54:05 | INFO     | preprocessor         |     Genitourinary        : 4,034
2026-08-04 10:54:05 | INFO     | preprocessor         |     Symptoms             : 2,775
2026-08-04 10:54:05 | INFO     | preprocessor         |   diag_3 -> 19 chapters
2026-08-04 10:54:05 | INFO     | preprocessor         |     Circulatory          : 18,893
2026-08-04 10:54:05 | INFO     | preprocessor         |     Endocrine            : 16,963
2026-08-04 10:54:05 | INFO     | preprocessor         |     Respiratory          : 4,234
2026-08-04 10:54:05 | INFO     | preprocessor         |     Genitourinary        : 3,532
2026-08-04 10:54:05 | INFO     | preprocessor         |     Symptoms             : 2,628
2026-08-04 10:54:05 | INFO     | preprocessor         | --------------------------------------------------
2026-08-04 10:54:05 | INFO     | preprocessor         | Step 4: Age ordinal encoding
2026-08-04 10:54:05 | INFO     | preprocessor         |   age: 10 bins -> ordinal [0-9]  unmapped=0
2026-08-04 10:54:05 | INFO     | preprocessor         | --------------------------------------------------
2026-08-04 10:54:05 | INFO     | preprocessor         | Step 5: Medication encoding
2026-08-04 10:54:05 | INFO     | preprocessor         |   metformin                           ordinal encoded [No=0,Steady=1,Up=2,Down=3]
2026-08-04 10:54:05 | INFO     | preprocessor         |   repaglinide                         ordinal encoded [No=0,Steady=1,Up=2,Down=3]
2026-08-04 10:54:05 | INFO     | preprocessor         |   nateglinide                         ordinal encoded [No=0,Steady=1,Up=2,Down=3]
2026-08-04 10:54:05 | INFO     | preprocessor         |   glimepiride                         ordinal encoded [No=0,Steady=1,Up=2,Down=3]
2026-08-04 10:54:05 | INFO     | preprocessor         |   glipizide                           ordinal encoded [No=0,Steady=1,Up=2,Down=3]
2026-08-04 10:54:05 | INFO     | preprocessor         |   glyburide                           ordinal encoded [No=0,Steady=1,Up=2,Down=3]
2026-08-04 10:54:05 | INFO     | preprocessor         |   pioglitazone                        ordinal encoded [No=0,Steady=1,Up=2,Down=3]
2026-08-04 10:54:05 | INFO     | preprocessor         |   rosiglitazone                       ordinal encoded [No=0,Steady=1,Up=2,Down=3]
2026-08-04 10:54:05 | INFO     | preprocessor         |   insulin                             ordinal encoded [No=0,Steady=1,Up=2,Down=3]
2026-08-04 10:54:05 | INFO     | preprocessor         |   chlorpropamide                      binary encoded  prescribed=71 (0.11%)
2026-08-04 10:54:05 | INFO     | preprocessor         |   tolbutamide                         binary encoded  prescribed=19 (0.03%)
2026-08-04 10:54:05 | INFO     | preprocessor         |   acarbose                            binary encoded  prescribed=202 (0.32%)
2026-08-04 10:54:05 | INFO     | preprocessor         |   miglitol                            binary encoded  prescribed=30 (0.05%)
2026-08-04 10:54:05 | INFO     | preprocessor         |   tolazamide                          binary encoded  prescribed=38 (0.06%)
2026-08-04 10:54:05 | INFO     | preprocessor         |   glyburide-metformin                 binary encoded  prescribed=306 (0.48%)
2026-08-04 10:54:05 | INFO     | preprocessor         |   glipizide-metformin                 binary encoded  prescribed=10 (0.02%)
2026-08-04 10:54:05 | INFO     | preprocessor         | --------------------------------------------------
2026-08-04 10:54:05 | INFO     | preprocessor         | Step 6: Categorical imputation (fit on train)
2026-08-04 10:54:05 | INFO     | preprocessor         |   race                      mode imputed with 'Caucasian'  (fitted on train)
2026-08-04 10:54:05 | INFO     | preprocessor         |   medical_specialty         filled with 'Unknown'
2026-08-04 10:54:05 | INFO     | preprocessor         |   payer_code                filled with 'Unknown'
2026-08-04 10:54:05 | INFO     | preprocessor         | --------------------------------------------------
2026-08-04 10:54:05 | INFO     | preprocessor         | Step 7: LabelEncoder (fit on train)
2026-08-04 10:54:05 | INFO     | preprocessor         |   race                      5 classes  (fitted on train)
2026-08-04 10:54:05 | INFO     | preprocessor         |   gender                    3 classes  (fitted on train)
2026-08-04 10:54:05 | INFO     | preprocessor         |   payer_code                17 classes  (fitted on train)
2026-08-04 10:54:05 | INFO     | preprocessor         |   medical_specialty         68 classes  (fitted on train)
2026-08-04 10:54:05 | INFO     | preprocessor         |   change                    2 classes  (fitted on train)
2026-08-04 10:54:05 | INFO     | preprocessor         |   diabetesMed               2 classes  (fitted on train)
2026-08-04 10:54:05 | INFO     | preprocessor         |   diag_1                    18 classes  (fitted on train)
2026-08-04 10:54:05 | INFO     | preprocessor         |   diag_2                    19 classes  (fitted on train)
2026-08-04 10:54:05 | INFO     | preprocessor         |   diag_3                    19 classes  (fitted on train)
2026-08-04 10:54:05 | INFO     | preprocessor         | --------------------------------------------------
2026-08-04 10:54:05 | INFO     | preprocessor         | Step 8: Log1p transformation
2026-08-04 10:54:05 | INFO     | preprocessor         |   number_outpatient         skew: 7.645 -> 2.962
2026-08-04 10:54:05 | INFO     | preprocessor         |   number_emergency          skew: 11.193 -> 3.786
2026-08-04 10:54:05 | INFO     | preprocessor         | --------------------------------------------------
2026-08-04 10:54:05 | INFO     | preprocessor         | Step 9: Target encoding
2026-08-04 10:54:05 | INFO     | preprocessor         |   readmitted_binary: {0: np.int64(55875), 1: np.int64(7617)}
2026-08-04 10:54:05 | INFO     | preprocessor         |   readmitted_multi : {0: np.int64(32398), 2: np.int64(23477), 1: np.int64(7617)}
2026-08-04 10:54:05 | INFO     | preprocessor         | --------------------------------------------------
2026-08-04 10:54:05 | INFO     | preprocessor         | Step 10: Saving fitted artifacts
2026-08-04 10:54:05 | INFO     | preprocessor         |   label_encoders.pkl saved -> C:\Users\sharg\Desktop\github\DriftSentinel\outputs\artifacts\label_encoders.pkl
2026-08-04 10:54:05 | INFO     | preprocessor         |   impute_modes.json saved -> C:\Users\sharg\Desktop\github\DriftSentinel\outputs\artifacts\impute_modes.json
2026-08-04 10:54:05 | INFO     | preprocessor         |   age_ordinal_map.json saved -> C:\Users\sharg\Desktop\github\DriftSentinel\outputs\artifacts\age_ordinal_map.json
2026-08-04 10:54:05 | INFO     | preprocessor         |   preprocessor_config.json saved -> C:\Users\sharg\Desktop\github\DriftSentinel\outputs\artifacts\preprocessor_config.json
2026-08-04 10:54:05 | INFO     | preprocessor         | ======================================================================
2026-08-04 10:54:05 | INFO     | preprocessor         | fit_transform complete — shape: (63492, 42)
2026-08-04 10:54:05 | INFO     | preprocessor         | ======================================================================
2026-08-04 10:54:05 | INFO     | preprocessor         | ======================================================================
2026-08-04 10:54:05 | INFO     | preprocessor         | DriftSentinel — Preprocessor  [transform on VAL]
2026-08-04 10:54:05 | INFO     | preprocessor         | ======================================================================
2026-08-04 10:54:05 | INFO     | preprocessor         | Step 1: Dropped 9 columns
2026-08-04 10:54:05 | INFO     | preprocessor         | Step 2: Missingness flags applied
2026-08-04 10:54:05 | INFO     | preprocessor         | Step 3: ICD-9 chapter grouping applied
2026-08-04 10:54:05 | INFO     | preprocessor         | Step 4: Age ordinal encoding applied
2026-08-04 10:54:05 | INFO     | preprocessor         | Step 5: Medication encoding applied
2026-08-04 10:54:05 | INFO     | preprocessor         | Step 6: Imputation applied (train-fitted values)
2026-08-04 10:54:05 | WARNING  | preprocessor         |   medical_specialty: 2 unseen categories -> mapped to fallback 'AllergyandImmunology'
2026-08-04 10:54:05 | WARNING  | preprocessor         |   diag_1: 1 unseen categories -> mapped to fallback 'Blood'
2026-08-04 10:54:05 | INFO     | preprocessor         | Step 7: LabelEncoder applied (train-fitted)  unseen_total=3
2026-08-04 10:54:05 | INFO     | preprocessor         | Step 8: Log1p applied
2026-08-04 10:54:05 | INFO     | preprocessor         | Step 9: Target encoding applied
2026-08-04 10:54:05 | INFO     | preprocessor         | ======================================================================
2026-08-04 10:54:05 | INFO     | preprocessor         | transform complete [val] — shape: (20949, 42)
2026-08-04 10:54:05 | INFO     | preprocessor         | ======================================================================
2026-08-04 10:54:05 | INFO     | preprocessor         | ======================================================================
2026-08-04 10:54:05 | INFO     | preprocessor         | DriftSentinel — Preprocessor  [transform on TEST]
2026-08-04 10:54:05 | INFO     | preprocessor         | ======================================================================
2026-08-04 10:54:05 | INFO     | preprocessor         | Step 1: Dropped 9 columns
2026-08-04 10:54:05 | INFO     | preprocessor         | Step 2: Missingness flags applied
2026-08-04 10:54:05 | INFO     | preprocessor         | Step 3: ICD-9 chapter grouping applied
2026-08-04 10:54:05 | INFO     | preprocessor         | Step 4: Age ordinal encoding applied
2026-08-04 10:54:05 | INFO     | preprocessor         | Step 5: Medication encoding applied
2026-08-04 10:54:05 | INFO     | preprocessor         | Step 6: Imputation applied (train-fitted values)
2026-08-04 10:54:05 | WARNING  | preprocessor         |   payer_code: 1 unseen categories -> mapped to fallback 'BC'
2026-08-04 10:54:05 | WARNING  | preprocessor         |   medical_specialty: 16 unseen categories -> mapped to fallback 'AllergyandImmunology'
2026-08-04 10:54:05 | INFO     | preprocessor         | Step 7: LabelEncoder applied (train-fitted)  unseen_total=17
2026-08-04 10:54:05 | INFO     | preprocessor         | Step 8: Log1p applied
2026-08-04 10:54:05 | INFO     | preprocessor         | Step 9: Target encoding applied
2026-08-04 10:54:05 | INFO     | preprocessor         | ======================================================================
2026-08-04 10:54:05 | INFO     | preprocessor         | transform complete [test] — shape: (17325, 42)
2026-08-04 10:54:05 | INFO     | preprocessor         | ======================================================================
2026-08-04 11:30:04 | INFO     | preprocessor         | ===== RUN 20260804-113003-e838de | pid=16256 | started 2026-08-04 11:30:04 =====
2026-08-04 11:30:04 | INFO     | preprocessor         | ======================================================================
2026-08-04 11:30:04 | INFO     | preprocessor         | DriftSentinel — Preprocessor  [fit_transform on TRAIN]
2026-08-04 11:30:04 | INFO     | preprocessor         | ======================================================================
2026-08-04 11:30:04 | INFO     | preprocessor         | --------------------------------------------------
2026-08-04 11:30:04 | INFO     | preprocessor         | Step 1: Dropping zero-variance and ID columns
2026-08-04 11:30:04 | INFO     | preprocessor         | Dropped 9 columns: ['encounter_id', 'patient_nbr', 'examide', 'citoglipton', 'acetohexamide', 'troglitazone', 'metformin-rosiglitazone', 'metformin-pioglitazone', 'glimepiride-pioglitazone']
2026-08-04 11:30:04 | INFO     | preprocessor         | Remaining columns: 41
2026-08-04 11:30:04 | INFO     | preprocessor         | --------------------------------------------------
2026-08-04 11:30:04 | INFO     | preprocessor         | Step 2: Encoding missingness flags
2026-08-04 11:30:04 | INFO     | preprocessor         |   weight_missing                      flagged=61,370 (96.7%)
2026-08-04 11:30:04 | INFO     | preprocessor         |   Original column 'weight' dropped after flag creation
2026-08-04 11:30:04 | INFO     | preprocessor         |   max_glu_serum_missing               flagged=58,649 (92.4%)
2026-08-04 11:30:04 | INFO     | preprocessor         |   Original column 'max_glu_serum' dropped after flag creation
2026-08-04 11:30:04 | INFO     | preprocessor         |   A1Cresult_missing                   flagged=53,887 (84.9%)
2026-08-04 11:30:04 | INFO     | preprocessor         |   Original column 'A1Cresult' dropped after flag creation
2026-08-04 11:30:04 | INFO     | preprocessor         | --------------------------------------------------
2026-08-04 11:30:04 | INFO     | preprocessor         | Step 3: ICD-9 chapter grouping (diag_1 / diag_2 / diag_3)
2026-08-04 11:30:04 | INFO     | preprocessor         |   diag_1 -> 18 chapters
2026-08-04 11:30:04 | INFO     | preprocessor         |     Circulatory          : 19,608
2026-08-04 11:30:04 | INFO     | preprocessor         |     Endocrine            : 7,604
2026-08-04 11:30:04 | INFO     | preprocessor         |     Respiratory          : 6,140
2026-08-04 11:30:04 | INFO     | preprocessor         |     Digestive            : 5,665
2026-08-04 11:30:04 | INFO     | preprocessor         |     Symptoms             : 4,969
2026-08-04 11:30:04 | INFO     | preprocessor         |   diag_2 -> 19 chapters
2026-08-04 11:30:04 | INFO     | preprocessor         |     Circulatory          : 20,713
2026-08-04 11:30:04 | INFO     | preprocessor         |     Endocrine            : 13,953
2026-08-04 11:30:04 | INFO     | preprocessor         |     Respiratory          : 6,304
2026-08-04 11:30:04 | INFO     | preprocessor         |     Genitourinary        : 4,034
2026-08-04 11:30:04 | INFO     | preprocessor         |     Symptoms             : 2,775
2026-08-04 11:30:04 | INFO     | preprocessor         |   diag_3 -> 19 chapters
2026-08-04 11:30:04 | INFO     | preprocessor         |     Circulatory          : 18,893
2026-08-04 11:30:04 | INFO     | preprocessor         |     Endocrine            : 16,963
2026-08-04 11:30:04 | INFO     | preprocessor         |     Respiratory          : 4,234
2026-08-04 11:30:04 | INFO     | preprocessor         |     Genitourinary        : 3,532
2026-08-04 11:30:04 | INFO     | preprocessor         |     Symptoms             : 2,628
2026-08-04 11:30:04 | INFO     | preprocessor         | --------------------------------------------------
2026-08-04 11:30:04 | INFO     | preprocessor         | Step 4: Age ordinal encoding
2026-08-04 11:30:04 | INFO     | preprocessor         |   age: 10 bins -> ordinal [0-9]  unmapped=0
2026-08-04 11:30:04 | INFO     | preprocessor         | --------------------------------------------------
2026-08-04 11:30:04 | INFO     | preprocessor         | Step 5: Medication encoding
2026-08-04 11:30:04 | INFO     | preprocessor         |   metformin                           ordinal encoded [No=0,Steady=1,Up=2,Down=3]
2026-08-04 11:30:04 | INFO     | preprocessor         |   repaglinide                         ordinal encoded [No=0,Steady=1,Up=2,Down=3]
2026-08-04 11:30:04 | INFO     | preprocessor         |   nateglinide                         ordinal encoded [No=0,Steady=1,Up=2,Down=3]
2026-08-04 11:30:04 | INFO     | preprocessor         |   glimepiride                         ordinal encoded [No=0,Steady=1,Up=2,Down=3]
2026-08-04 11:30:04 | INFO     | preprocessor         |   glipizide                           ordinal encoded [No=0,Steady=1,Up=2,Down=3]
2026-08-04 11:30:04 | INFO     | preprocessor         |   glyburide                           ordinal encoded [No=0,Steady=1,Up=2,Down=3]
2026-08-04 11:30:04 | INFO     | preprocessor         |   pioglitazone                        ordinal encoded [No=0,Steady=1,Up=2,Down=3]
2026-08-04 11:30:04 | INFO     | preprocessor         |   rosiglitazone                       ordinal encoded [No=0,Steady=1,Up=2,Down=3]
2026-08-04 11:30:04 | INFO     | preprocessor         |   insulin                             ordinal encoded [No=0,Steady=1,Up=2,Down=3]
2026-08-04 11:30:04 | INFO     | preprocessor         |   chlorpropamide                      binary encoded  prescribed=71 (0.11%)
2026-08-04 11:30:04 | INFO     | preprocessor         |   tolbutamide                         binary encoded  prescribed=19 (0.03%)
2026-08-04 11:30:04 | INFO     | preprocessor         |   acarbose                            binary encoded  prescribed=202 (0.32%)
2026-08-04 11:30:04 | INFO     | preprocessor         |   miglitol                            binary encoded  prescribed=30 (0.05%)
2026-08-04 11:30:04 | INFO     | preprocessor         |   tolazamide                          binary encoded  prescribed=38 (0.06%)
2026-08-04 11:30:04 | INFO     | preprocessor         |   glyburide-metformin                 binary encoded  prescribed=306 (0.48%)
2026-08-04 11:30:04 | INFO     | preprocessor         |   glipizide-metformin                 binary encoded  prescribed=10 (0.02%)
2026-08-04 11:30:04 | INFO     | preprocessor         | --------------------------------------------------
2026-08-04 11:30:04 | INFO     | preprocessor         | Step 6: Categorical imputation (fit on train)
2026-08-04 11:30:04 | INFO     | preprocessor         |   race                      mode imputed with 'Caucasian'  (fitted on train)
2026-08-04 11:30:04 | INFO     | preprocessor         |   medical_specialty         filled with 'Unknown'
2026-08-04 11:30:04 | INFO     | preprocessor         |   payer_code                filled with 'Unknown'
2026-08-04 11:30:04 | INFO     | preprocessor         | --------------------------------------------------
2026-08-04 11:30:04 | INFO     | preprocessor         | Step 7: LabelEncoder (fit on train)
2026-08-04 11:30:04 | INFO     | preprocessor         |   race                      5 classes  (fitted on train)
2026-08-04 11:30:04 | INFO     | preprocessor         |   gender                    3 classes  (fitted on train)
2026-08-04 11:30:04 | INFO     | preprocessor         |   payer_code                17 classes  (fitted on train)
2026-08-04 11:30:04 | INFO     | preprocessor         |   medical_specialty         68 classes  (fitted on train)
2026-08-04 11:30:04 | INFO     | preprocessor         |   change                    2 classes  (fitted on train)
2026-08-04 11:30:04 | INFO     | preprocessor         |   diabetesMed               2 classes  (fitted on train)
2026-08-04 11:30:04 | INFO     | preprocessor         |   diag_1                    18 classes  (fitted on train)
2026-08-04 11:30:04 | INFO     | preprocessor         |   diag_2                    19 classes  (fitted on train)
2026-08-04 11:30:04 | INFO     | preprocessor         |   diag_3                    19 classes  (fitted on train)
2026-08-04 11:30:04 | INFO     | preprocessor         | --------------------------------------------------
2026-08-04 11:30:04 | INFO     | preprocessor         | Step 8: Log1p transformation
2026-08-04 11:30:04 | INFO     | preprocessor         |   number_outpatient         skew: 7.645 -> 2.962
2026-08-04 11:30:04 | INFO     | preprocessor         |   number_emergency          skew: 11.193 -> 3.786
2026-08-04 11:30:04 | INFO     | preprocessor         | --------------------------------------------------
2026-08-04 11:30:04 | INFO     | preprocessor         | Step 9: Target encoding
2026-08-04 11:30:04 | INFO     | preprocessor         |   readmitted_binary: {0: np.int64(55875), 1: np.int64(7617)}
2026-08-04 11:30:04 | INFO     | preprocessor         |   readmitted_multi : {0: np.int64(32398), 2: np.int64(23477), 1: np.int64(7617)}
2026-08-04 11:30:04 | INFO     | preprocessor         | --------------------------------------------------
2026-08-04 11:30:04 | INFO     | preprocessor         | Step 10: Saving fitted artifacts
2026-08-04 11:30:04 | INFO     | preprocessor         |   label_encoders.pkl saved -> C:\Users\sharg\Desktop\github\DriftSentinel\outputs\artifacts\label_encoders.pkl
2026-08-04 11:30:04 | INFO     | preprocessor         |   impute_modes.json saved -> C:\Users\sharg\Desktop\github\DriftSentinel\outputs\artifacts\impute_modes.json
2026-08-04 11:30:04 | INFO     | preprocessor         |   age_ordinal_map.json saved -> C:\Users\sharg\Desktop\github\DriftSentinel\outputs\artifacts\age_ordinal_map.json
2026-08-04 11:30:04 | INFO     | preprocessor         |   preprocessor_config.json saved -> C:\Users\sharg\Desktop\github\DriftSentinel\outputs\artifacts\preprocessor_config.json
2026-08-04 11:30:04 | INFO     | preprocessor         | ======================================================================
2026-08-04 11:30:04 | INFO     | preprocessor         | fit_transform complete — shape: (63492, 42)
2026-08-04 11:30:04 | INFO     | preprocessor         | ======================================================================
2026-08-04 11:30:52 | INFO     | preprocessor         | ===== RUN 20260804-113051-66454f | pid=22816 | started 2026-08-04 11:30:52 =====
2026-08-04 11:30:52 | INFO     | preprocessor         | ======================================================================
2026-08-04 11:30:52 | INFO     | preprocessor         | DriftSentinel — Preprocessor  [fit_transform on TRAIN]
2026-08-04 11:30:52 | INFO     | preprocessor         | ======================================================================
2026-08-04 11:30:52 | INFO     | preprocessor         | --------------------------------------------------
2026-08-04 11:30:52 | INFO     | preprocessor         | Step 1: Dropping zero-variance and ID columns
2026-08-04 11:30:52 | INFO     | preprocessor         | Dropped 9 columns: ['encounter_id', 'patient_nbr', 'examide', 'citoglipton', 'acetohexamide', 'troglitazone', 'metformin-rosiglitazone', 'metformin-pioglitazone', 'glimepiride-pioglitazone']
2026-08-04 11:30:52 | INFO     | preprocessor         | Remaining columns: 41
2026-08-04 11:30:52 | INFO     | preprocessor         | --------------------------------------------------
2026-08-04 11:30:52 | INFO     | preprocessor         | Step 2: Encoding missingness flags
2026-08-04 11:30:52 | INFO     | preprocessor         |   weight_missing                      flagged=61,370 (96.7%)
2026-08-04 11:30:52 | INFO     | preprocessor         |   Original column 'weight' dropped after flag creation
2026-08-04 11:30:52 | INFO     | preprocessor         |   max_glu_serum_missing               flagged=58,649 (92.4%)
2026-08-04 11:30:52 | INFO     | preprocessor         |   Original column 'max_glu_serum' dropped after flag creation
2026-08-04 11:30:52 | INFO     | preprocessor         |   A1Cresult_missing                   flagged=53,887 (84.9%)
2026-08-04 11:30:52 | INFO     | preprocessor         |   Original column 'A1Cresult' dropped after flag creation
2026-08-04 11:30:52 | INFO     | preprocessor         | --------------------------------------------------
2026-08-04 11:30:52 | INFO     | preprocessor         | Step 3: ICD-9 chapter grouping (diag_1 / diag_2 / diag_3)
2026-08-04 11:30:52 | INFO     | preprocessor         |   diag_1 -> 18 chapters
2026-08-04 11:30:52 | INFO     | preprocessor         |     Circulatory          : 19,608
2026-08-04 11:30:52 | INFO     | preprocessor         |     Endocrine            : 7,604
2026-08-04 11:30:52 | INFO     | preprocessor         |     Respiratory          : 6,140
2026-08-04 11:30:52 | INFO     | preprocessor         |     Digestive            : 5,665
2026-08-04 11:30:52 | INFO     | preprocessor         |     Symptoms             : 4,969
2026-08-04 11:30:53 | INFO     | preprocessor         |   diag_2 -> 19 chapters
2026-08-04 11:30:53 | INFO     | preprocessor         |     Circulatory          : 20,713
2026-08-04 11:30:53 | INFO     | preprocessor         |     Endocrine            : 13,953
2026-08-04 11:30:53 | INFO     | preprocessor         |     Respiratory          : 6,304
2026-08-04 11:30:53 | INFO     | preprocessor         |     Genitourinary        : 4,034
2026-08-04 11:30:53 | INFO     | preprocessor         |     Symptoms             : 2,775
2026-08-04 11:30:53 | INFO     | preprocessor         |   diag_3 -> 19 chapters
2026-08-04 11:30:53 | INFO     | preprocessor         |     Circulatory          : 18,893
2026-08-04 11:30:53 | INFO     | preprocessor         |     Endocrine            : 16,963
2026-08-04 11:30:53 | INFO     | preprocessor         |     Respiratory          : 4,234
2026-08-04 11:30:53 | INFO     | preprocessor         |     Genitourinary        : 3,532
2026-08-04 11:30:53 | INFO     | preprocessor         |     Symptoms             : 2,628
2026-08-04 11:30:53 | INFO     | preprocessor         | --------------------------------------------------
2026-08-04 11:30:53 | INFO     | preprocessor         | Step 4: Age ordinal encoding
2026-08-04 11:30:53 | INFO     | preprocessor         |   age: 10 bins -> ordinal [0-9]  unmapped=0
2026-08-04 11:30:53 | INFO     | preprocessor         | --------------------------------------------------
2026-08-04 11:30:53 | INFO     | preprocessor         | Step 5: Medication encoding
2026-08-04 11:30:53 | INFO     | preprocessor         |   metformin                           ordinal encoded [No=0,Steady=1,Up=2,Down=3]
2026-08-04 11:30:53 | INFO     | preprocessor         |   repaglinide                         ordinal encoded [No=0,Steady=1,Up=2,Down=3]
2026-08-04 11:30:53 | INFO     | preprocessor         |   nateglinide                         ordinal encoded [No=0,Steady=1,Up=2,Down=3]
2026-08-04 11:30:53 | INFO     | preprocessor         |   glimepiride                         ordinal encoded [No=0,Steady=1,Up=2,Down=3]
2026-08-04 11:30:53 | INFO     | preprocessor         |   glipizide                           ordinal encoded [No=0,Steady=1,Up=2,Down=3]
2026-08-04 11:30:53 | INFO     | preprocessor         |   glyburide                           ordinal encoded [No=0,Steady=1,Up=2,Down=3]
2026-08-04 11:30:53 | INFO     | preprocessor         |   pioglitazone                        ordinal encoded [No=0,Steady=1,Up=2,Down=3]
2026-08-04 11:30:53 | INFO     | preprocessor         |   rosiglitazone                       ordinal encoded [No=0,Steady=1,Up=2,Down=3]
2026-08-04 11:30:53 | INFO     | preprocessor         |   insulin                             ordinal encoded [No=0,Steady=1,Up=2,Down=3]
2026-08-04 11:30:53 | INFO     | preprocessor         |   chlorpropamide                      binary encoded  prescribed=71 (0.11%)
2026-08-04 11:30:53 | INFO     | preprocessor         |   tolbutamide                         binary encoded  prescribed=19 (0.03%)
2026-08-04 11:30:53 | INFO     | preprocessor         |   acarbose                            binary encoded  prescribed=202 (0.32%)
2026-08-04 11:30:53 | INFO     | preprocessor         |   miglitol                            binary encoded  prescribed=30 (0.05%)
2026-08-04 11:30:53 | INFO     | preprocessor         |   tolazamide                          binary encoded  prescribed=38 (0.06%)
2026-08-04 11:30:53 | INFO     | preprocessor         |   glyburide-metformin                 binary encoded  prescribed=306 (0.48%)
2026-08-04 11:30:53 | INFO     | preprocessor         |   glipizide-metformin                 binary encoded  prescribed=10 (0.02%)
2026-08-04 11:30:53 | INFO     | preprocessor         | --------------------------------------------------
2026-08-04 11:30:53 | INFO     | preprocessor         | Step 6: Categorical imputation (fit on train)
2026-08-04 11:30:53 | INFO     | preprocessor         |   race                      mode imputed with 'Caucasian'  (fitted on train)
2026-08-04 11:30:53 | INFO     | preprocessor         |   medical_specialty         filled with 'Unknown'
2026-08-04 11:30:53 | INFO     | preprocessor         |   payer_code                filled with 'Unknown'
2026-08-04 11:30:53 | INFO     | preprocessor         | --------------------------------------------------
2026-08-04 11:30:53 | INFO     | preprocessor         | Step 7: LabelEncoder (fit on train)
2026-08-04 11:30:53 | INFO     | preprocessor         |   race                      5 classes  (fitted on train)
2026-08-04 11:30:53 | INFO     | preprocessor         |   gender                    3 classes  (fitted on train)
2026-08-04 11:30:53 | INFO     | preprocessor         |   payer_code                17 classes  (fitted on train)
2026-08-04 11:30:53 | INFO     | preprocessor         |   medical_specialty         68 classes  (fitted on train)
2026-08-04 11:30:53 | INFO     | preprocessor         |   change                    2 classes  (fitted on train)
2026-08-04 11:30:53 | INFO     | preprocessor         |   diabetesMed               2 classes  (fitted on train)
2026-08-04 11:30:53 | INFO     | preprocessor         |   diag_1                    18 classes  (fitted on train)
2026-08-04 11:30:53 | INFO     | preprocessor         |   diag_2                    19 classes  (fitted on train)
2026-08-04 11:30:53 | INFO     | preprocessor         |   diag_3                    19 classes  (fitted on train)
2026-08-04 11:30:53 | INFO     | preprocessor         | --------------------------------------------------
2026-08-04 11:30:53 | INFO     | preprocessor         | Step 8: Log1p transformation
2026-08-04 11:30:53 | INFO     | preprocessor         |   number_outpatient         skew: 7.645 -> 2.962
2026-08-04 11:30:53 | INFO     | preprocessor         |   number_emergency          skew: 11.193 -> 3.786
2026-08-04 11:30:53 | INFO     | preprocessor         | --------------------------------------------------
2026-08-04 11:30:53 | INFO     | preprocessor         | Step 9: Target encoding
2026-08-04 11:30:53 | INFO     | preprocessor         |   readmitted_binary: {0: np.int64(55875), 1: np.int64(7617)}
2026-08-04 11:30:53 | INFO     | preprocessor         |   readmitted_multi : {0: np.int64(32398), 2: np.int64(23477), 1: np.int64(7617)}
2026-08-04 11:30:53 | INFO     | preprocessor         | --------------------------------------------------
2026-08-04 11:30:53 | INFO     | preprocessor         | Step 10: Saving fitted artifacts
2026-08-04 11:30:53 | INFO     | preprocessor         |   label_encoders.pkl saved -> C:\Users\sharg\Desktop\github\DriftSentinel\outputs\artifacts\label_encoders.pkl
2026-08-04 11:30:53 | INFO     | preprocessor         |   impute_modes.json saved -> C:\Users\sharg\Desktop\github\DriftSentinel\outputs\artifacts\impute_modes.json
2026-08-04 11:30:53 | INFO     | preprocessor         |   age_ordinal_map.json saved -> C:\Users\sharg\Desktop\github\DriftSentinel\outputs\artifacts\age_ordinal_map.json
2026-08-04 11:30:53 | INFO     | preprocessor         |   preprocessor_config.json saved -> C:\Users\sharg\Desktop\github\DriftSentinel\outputs\artifacts\preprocessor_config.json
2026-08-04 11:30:53 | INFO     | preprocessor         | ======================================================================
2026-08-04 11:30:53 | INFO     | preprocessor         | fit_transform complete — shape: (63492, 42)
2026-08-04 11:30:53 | INFO     | preprocessor         | ======================================================================
2026-08-04 11:31:05 | INFO     | preprocessor         | ===== RUN 20260804-113104-3e56fe | pid=28552 | started 2026-08-04 11:31:05 =====
2026-08-04 11:31:05 | INFO     | preprocessor         | ======================================================================
2026-08-04 11:31:05 | INFO     | preprocessor         | DriftSentinel — Preprocessor  [fit_transform on TRAIN]
2026-08-04 11:31:05 | INFO     | preprocessor         | ======================================================================
2026-08-04 11:31:05 | INFO     | preprocessor         | --------------------------------------------------
2026-08-04 11:31:05 | INFO     | preprocessor         | Step 1: Dropping zero-variance and ID columns
2026-08-04 11:31:05 | INFO     | preprocessor         | Dropped 9 columns: ['encounter_id', 'patient_nbr', 'examide', 'citoglipton', 'acetohexamide', 'troglitazone', 'metformin-rosiglitazone', 'metformin-pioglitazone', 'glimepiride-pioglitazone']
2026-08-04 11:31:05 | INFO     | preprocessor         | Remaining columns: 41
2026-08-04 11:31:05 | INFO     | preprocessor         | --------------------------------------------------
2026-08-04 11:31:05 | INFO     | preprocessor         | Step 2: Encoding missingness flags
2026-08-04 11:31:05 | INFO     | preprocessor         |   weight_missing                      flagged=61,370 (96.7%)
2026-08-04 11:31:05 | INFO     | preprocessor         |   Original column 'weight' dropped after flag creation
2026-08-04 11:31:05 | INFO     | preprocessor         |   max_glu_serum_missing               flagged=58,649 (92.4%)
2026-08-04 11:31:05 | INFO     | preprocessor         |   Original column 'max_glu_serum' dropped after flag creation
2026-08-04 11:31:05 | INFO     | preprocessor         |   A1Cresult_missing                   flagged=53,887 (84.9%)
2026-08-04 11:31:05 | INFO     | preprocessor         |   Original column 'A1Cresult' dropped after flag creation
2026-08-04 11:31:05 | INFO     | preprocessor         | --------------------------------------------------
2026-08-04 11:31:05 | INFO     | preprocessor         | Step 3: ICD-9 chapter grouping (diag_1 / diag_2 / diag_3)
2026-08-04 11:31:05 | INFO     | preprocessor         |   diag_1 -> 18 chapters
2026-08-04 11:31:05 | INFO     | preprocessor         |     Circulatory          : 19,608
2026-08-04 11:31:05 | INFO     | preprocessor         |     Endocrine            : 7,604
2026-08-04 11:31:05 | INFO     | preprocessor         |     Respiratory          : 6,140
2026-08-04 11:31:05 | INFO     | preprocessor         |     Digestive            : 5,665
2026-08-04 11:31:05 | INFO     | preprocessor         |     Symptoms             : 4,969
2026-08-04 11:31:05 | INFO     | preprocessor         |   diag_2 -> 19 chapters
2026-08-04 11:31:05 | INFO     | preprocessor         |     Circulatory          : 20,713
2026-08-04 11:31:05 | INFO     | preprocessor         |     Endocrine            : 13,953
2026-08-04 11:31:05 | INFO     | preprocessor         |     Respiratory          : 6,304
2026-08-04 11:31:05 | INFO     | preprocessor         |     Genitourinary        : 4,034
2026-08-04 11:31:05 | INFO     | preprocessor         |     Symptoms             : 2,775
2026-08-04 11:31:05 | INFO     | preprocessor         |   diag_3 -> 19 chapters
2026-08-04 11:31:05 | INFO     | preprocessor         |     Circulatory          : 18,893
2026-08-04 11:31:05 | INFO     | preprocessor         |     Endocrine            : 16,963
2026-08-04 11:31:05 | INFO     | preprocessor         |     Respiratory          : 4,234
2026-08-04 11:31:05 | INFO     | preprocessor         |     Genitourinary        : 3,532
2026-08-04 11:31:05 | INFO     | preprocessor         |     Symptoms             : 2,628
2026-08-04 11:31:05 | INFO     | preprocessor         | --------------------------------------------------
2026-08-04 11:31:05 | INFO     | preprocessor         | Step 4: Age ordinal encoding
2026-08-04 11:31:05 | INFO     | preprocessor         |   age: 10 bins -> ordinal [0-9]  unmapped=0
2026-08-04 11:31:05 | INFO     | preprocessor         | --------------------------------------------------
2026-08-04 11:31:05 | INFO     | preprocessor         | Step 5: Medication encoding
2026-08-04 11:31:05 | INFO     | preprocessor         |   metformin                           ordinal encoded [No=0,Steady=1,Up=2,Down=3]
2026-08-04 11:31:05 | INFO     | preprocessor         |   repaglinide                         ordinal encoded [No=0,Steady=1,Up=2,Down=3]
2026-08-04 11:31:05 | INFO     | preprocessor         |   nateglinide                         ordinal encoded [No=0,Steady=1,Up=2,Down=3]
2026-08-04 11:31:05 | INFO     | preprocessor         |   glimepiride                         ordinal encoded [No=0,Steady=1,Up=2,Down=3]
2026-08-04 11:31:05 | INFO     | preprocessor         |   glipizide                           ordinal encoded [No=0,Steady=1,Up=2,Down=3]
2026-08-04 11:31:05 | INFO     | preprocessor         |   glyburide                           ordinal encoded [No=0,Steady=1,Up=2,Down=3]
2026-08-04 11:31:05 | INFO     | preprocessor         |   pioglitazone                        ordinal encoded [No=0,Steady=1,Up=2,Down=3]
2026-08-04 11:31:05 | INFO     | preprocessor         |   rosiglitazone                       ordinal encoded [No=0,Steady=1,Up=2,Down=3]
2026-08-04 11:31:05 | INFO     | preprocessor         |   insulin                             ordinal encoded [No=0,Steady=1,Up=2,Down=3]
2026-08-04 11:31:05 | INFO     | preprocessor         |   chlorpropamide                      binary encoded  prescribed=71 (0.11%)
2026-08-04 11:31:05 | INFO     | preprocessor         |   tolbutamide                         binary encoded  prescribed=19 (0.03%)
2026-08-04 11:31:05 | INFO     | preprocessor         |   acarbose                            binary encoded  prescribed=202 (0.32%)
2026-08-04 11:31:05 | INFO     | preprocessor         |   miglitol                            binary encoded  prescribed=30 (0.05%)
2026-08-04 11:31:05 | INFO     | preprocessor         |   tolazamide                          binary encoded  prescribed=38 (0.06%)
2026-08-04 11:31:05 | INFO     | preprocessor         |   glyburide-metformin                 binary encoded  prescribed=306 (0.48%)
2026-08-04 11:31:05 | INFO     | preprocessor         |   glipizide-metformin                 binary encoded  prescribed=10 (0.02%)
2026-08-04 11:31:05 | INFO     | preprocessor         | --------------------------------------------------
2026-08-04 11:31:05 | INFO     | preprocessor         | Step 6: Categorical imputation (fit on train)
2026-08-04 11:31:05 | INFO     | preprocessor         |   race                      mode imputed with 'Caucasian'  (fitted on train)
2026-08-04 11:31:05 | INFO     | preprocessor         |   medical_specialty         filled with 'Unknown'
2026-08-04 11:31:05 | INFO     | preprocessor         |   payer_code                filled with 'Unknown'
2026-08-04 11:31:05 | INFO     | preprocessor         | --------------------------------------------------
2026-08-04 11:31:05 | INFO     | preprocessor         | Step 7: LabelEncoder (fit on train)
2026-08-04 11:31:05 | INFO     | preprocessor         |   race                      5 classes  (fitted on train)
2026-08-04 11:31:05 | INFO     | preprocessor         |   gender                    3 classes  (fitted on train)
2026-08-04 11:31:05 | INFO     | preprocessor         |   payer_code                17 classes  (fitted on train)
2026-08-04 11:31:05 | INFO     | preprocessor         |   medical_specialty         68 classes  (fitted on train)
2026-08-04 11:31:05 | INFO     | preprocessor         |   change                    2 classes  (fitted on train)
2026-08-04 11:31:05 | INFO     | preprocessor         |   diabetesMed               2 classes  (fitted on train)
2026-08-04 11:31:05 | INFO     | preprocessor         |   diag_1                    18 classes  (fitted on train)
2026-08-04 11:31:05 | INFO     | preprocessor         |   diag_2                    19 classes  (fitted on train)
2026-08-04 11:31:05 | INFO     | preprocessor         |   diag_3                    19 classes  (fitted on train)
2026-08-04 11:31:05 | INFO     | preprocessor         | --------------------------------------------------
2026-08-04 11:31:05 | INFO     | preprocessor         | Step 8: Log1p transformation
2026-08-04 11:31:05 | INFO     | preprocessor         |   number_outpatient         skew: 7.645 -> 2.962
2026-08-04 11:31:05 | INFO     | preprocessor         |   number_emergency          skew: 11.193 -> 3.786
2026-08-04 11:31:05 | INFO     | preprocessor         | --------------------------------------------------
2026-08-04 11:31:05 | INFO     | preprocessor         | Step 9: Target encoding
2026-08-04 11:31:05 | INFO     | preprocessor         |   readmitted_binary: {0: np.int64(55875), 1: np.int64(7617)}
2026-08-04 11:31:05 | INFO     | preprocessor         |   readmitted_multi : {0: np.int64(32398), 2: np.int64(23477), 1: np.int64(7617)}
2026-08-04 11:31:05 | INFO     | preprocessor         | --------------------------------------------------
2026-08-04 11:31:05 | INFO     | preprocessor         | Step 10: Saving fitted artifacts
2026-08-04 11:31:05 | INFO     | preprocessor         |   label_encoders.pkl saved -> C:\Users\sharg\Desktop\github\DriftSentinel\outputs\artifacts\label_encoders.pkl
2026-08-04 11:31:05 | INFO     | preprocessor         |   impute_modes.json saved -> C:\Users\sharg\Desktop\github\DriftSentinel\outputs\artifacts\impute_modes.json
2026-08-04 11:31:05 | INFO     | preprocessor         |   age_ordinal_map.json saved -> C:\Users\sharg\Desktop\github\DriftSentinel\outputs\artifacts\age_ordinal_map.json
2026-08-04 11:31:05 | INFO     | preprocessor         |   preprocessor_config.json saved -> C:\Users\sharg\Desktop\github\DriftSentinel\outputs\artifacts\preprocessor_config.json
2026-08-04 11:31:05 | INFO     | preprocessor         | ======================================================================
2026-08-04 11:31:05 | INFO     | preprocessor         | fit_transform complete — shape: (63492, 42)
2026-08-04 11:31:05 | INFO     | preprocessor         | ======================================================================
2026-08-04 11:38:57 | INFO     | preprocessor         | ===== RUN 20260804-113856-c66aba | pid=18084 | started 2026-08-04 11:38:57 =====
2026-08-04 11:38:57 | INFO     | preprocessor         | ======================================================================
2026-08-04 11:38:57 | INFO     | preprocessor         | DriftSentinel — Preprocessor  [fit_transform on TRAIN]
2026-08-04 11:38:57 | INFO     | preprocessor         | ======================================================================
2026-08-04 11:38:57 | INFO     | preprocessor         | --------------------------------------------------
2026-08-04 11:38:57 | INFO     | preprocessor         | Step 1: Dropping zero-variance and ID columns
2026-08-04 11:38:57 | INFO     | preprocessor         | Dropped 9 columns: ['encounter_id', 'patient_nbr', 'examide', 'citoglipton', 'acetohexamide', 'troglitazone', 'metformin-rosiglitazone', 'metformin-pioglitazone', 'glimepiride-pioglitazone']
2026-08-04 11:38:57 | INFO     | preprocessor         | Remaining columns: 41
2026-08-04 11:38:57 | INFO     | preprocessor         | --------------------------------------------------
2026-08-04 11:38:57 | INFO     | preprocessor         | Step 2: Encoding missingness flags
2026-08-04 11:38:57 | INFO     | preprocessor         |   weight_missing                      flagged=61,370 (96.7%)
2026-08-04 11:38:57 | INFO     | preprocessor         |   Original column 'weight' dropped after flag creation
2026-08-04 11:38:57 | INFO     | preprocessor         |   max_glu_serum_missing               flagged=58,649 (92.4%)
2026-08-04 11:38:57 | INFO     | preprocessor         |   Original column 'max_glu_serum' dropped after flag creation
2026-08-04 11:38:57 | INFO     | preprocessor         |   A1Cresult_missing                   flagged=53,887 (84.9%)
2026-08-04 11:38:57 | INFO     | preprocessor         |   Original column 'A1Cresult' dropped after flag creation
2026-08-04 11:38:57 | INFO     | preprocessor         | --------------------------------------------------
2026-08-04 11:38:57 | INFO     | preprocessor         | Step 3: ICD-9 chapter grouping (diag_1 / diag_2 / diag_3)
2026-08-04 11:38:57 | INFO     | preprocessor         |   diag_1 -> 18 chapters
2026-08-04 11:38:57 | INFO     | preprocessor         |     Circulatory          : 19,608
2026-08-04 11:38:57 | INFO     | preprocessor         |     Endocrine            : 7,604
2026-08-04 11:38:57 | INFO     | preprocessor         |     Respiratory          : 6,140
2026-08-04 11:38:57 | INFO     | preprocessor         |     Digestive            : 5,665
2026-08-04 11:38:57 | INFO     | preprocessor         |     Symptoms             : 4,969
2026-08-04 11:38:57 | INFO     | preprocessor         |   diag_2 -> 19 chapters
2026-08-04 11:38:57 | INFO     | preprocessor         |     Circulatory          : 20,713
2026-08-04 11:38:57 | INFO     | preprocessor         |     Endocrine            : 13,953
2026-08-04 11:38:57 | INFO     | preprocessor         |     Respiratory          : 6,304
2026-08-04 11:38:57 | INFO     | preprocessor         |     Genitourinary        : 4,034
2026-08-04 11:38:57 | INFO     | preprocessor         |     Symptoms             : 2,775
2026-08-04 11:38:57 | INFO     | preprocessor         |   diag_3 -> 19 chapters
2026-08-04 11:38:57 | INFO     | preprocessor         |     Circulatory          : 18,893
2026-08-04 11:38:57 | INFO     | preprocessor         |     Endocrine            : 16,963
2026-08-04 11:38:57 | INFO     | preprocessor         |     Respiratory          : 4,234
2026-08-04 11:38:57 | INFO     | preprocessor         |     Genitourinary        : 3,532
2026-08-04 11:38:57 | INFO     | preprocessor         |     Symptoms             : 2,628
2026-08-04 11:38:57 | INFO     | preprocessor         | --------------------------------------------------
2026-08-04 11:38:57 | INFO     | preprocessor         | Step 4: Age ordinal encoding
2026-08-04 11:38:57 | INFO     | preprocessor         |   age: 10 bins -> ordinal [0-9]  unmapped=0
2026-08-04 11:38:57 | INFO     | preprocessor         | --------------------------------------------------
2026-08-04 11:38:57 | INFO     | preprocessor         | Step 5: Medication encoding
2026-08-04 11:38:57 | INFO     | preprocessor         |   metformin                           ordinal encoded [No=0,Steady=1,Up=2,Down=3]
2026-08-04 11:38:57 | INFO     | preprocessor         |   repaglinide                         ordinal encoded [No=0,Steady=1,Up=2,Down=3]
2026-08-04 11:38:57 | INFO     | preprocessor         |   nateglinide                         ordinal encoded [No=0,Steady=1,Up=2,Down=3]
2026-08-04 11:38:57 | INFO     | preprocessor         |   glimepiride                         ordinal encoded [No=0,Steady=1,Up=2,Down=3]
2026-08-04 11:38:57 | INFO     | preprocessor         |   glipizide                           ordinal encoded [No=0,Steady=1,Up=2,Down=3]
2026-08-04 11:38:57 | INFO     | preprocessor         |   glyburide                           ordinal encoded [No=0,Steady=1,Up=2,Down=3]
2026-08-04 11:38:57 | INFO     | preprocessor         |   pioglitazone                        ordinal encoded [No=0,Steady=1,Up=2,Down=3]
2026-08-04 11:38:57 | INFO     | preprocessor         |   rosiglitazone                       ordinal encoded [No=0,Steady=1,Up=2,Down=3]
2026-08-04 11:38:57 | INFO     | preprocessor         |   insulin                             ordinal encoded [No=0,Steady=1,Up=2,Down=3]
2026-08-04 11:38:57 | INFO     | preprocessor         |   chlorpropamide                      binary encoded  prescribed=71 (0.11%)
2026-08-04 11:38:57 | INFO     | preprocessor         |   tolbutamide                         binary encoded  prescribed=19 (0.03%)
2026-08-04 11:38:57 | INFO     | preprocessor         |   acarbose                            binary encoded  prescribed=202 (0.32%)
2026-08-04 11:38:57 | INFO     | preprocessor         |   miglitol                            binary encoded  prescribed=30 (0.05%)
2026-08-04 11:38:57 | INFO     | preprocessor         |   tolazamide                          binary encoded  prescribed=38 (0.06%)
2026-08-04 11:38:57 | INFO     | preprocessor         |   glyburide-metformin                 binary encoded  prescribed=306 (0.48%)
2026-08-04 11:38:57 | INFO     | preprocessor         |   glipizide-metformin                 binary encoded  prescribed=10 (0.02%)
2026-08-04 11:38:57 | INFO     | preprocessor         | --------------------------------------------------
2026-08-04 11:38:57 | INFO     | preprocessor         | Step 6: Categorical imputation (fit on train)
2026-08-04 11:38:57 | INFO     | preprocessor         |   race                      mode imputed with 'Caucasian'  (fitted on train)
2026-08-04 11:38:57 | INFO     | preprocessor         |   medical_specialty         filled with 'Unknown'
2026-08-04 11:38:57 | INFO     | preprocessor         |   payer_code                filled with 'Unknown'
2026-08-04 11:38:57 | INFO     | preprocessor         | --------------------------------------------------
2026-08-04 11:38:57 | INFO     | preprocessor         | Step 7: LabelEncoder (fit on train)
2026-08-04 11:38:57 | INFO     | preprocessor         |   race                      5 classes  (fitted on train)
2026-08-04 11:38:57 | INFO     | preprocessor         |   gender                    3 classes  (fitted on train)
2026-08-04 11:38:57 | INFO     | preprocessor         |   payer_code                17 classes  (fitted on train)
2026-08-04 11:38:57 | INFO     | preprocessor         |   medical_specialty         68 classes  (fitted on train)
2026-08-04 11:38:57 | INFO     | preprocessor         |   change                    2 classes  (fitted on train)
2026-08-04 11:38:57 | INFO     | preprocessor         |   diabetesMed               2 classes  (fitted on train)
2026-08-04 11:38:57 | INFO     | preprocessor         |   diag_1                    18 classes  (fitted on train)
2026-08-04 11:38:57 | INFO     | preprocessor         |   diag_2                    19 classes  (fitted on train)
2026-08-04 11:38:57 | INFO     | preprocessor         |   diag_3                    19 classes  (fitted on train)
2026-08-04 11:38:57 | INFO     | preprocessor         | --------------------------------------------------
2026-08-04 11:38:57 | INFO     | preprocessor         | Step 8: Log1p transformation
2026-08-04 11:38:57 | INFO     | preprocessor         |   number_outpatient         skew: 7.645 -> 2.962
2026-08-04 11:38:57 | INFO     | preprocessor         |   number_emergency          skew: 11.193 -> 3.786
2026-08-04 11:38:57 | INFO     | preprocessor         | --------------------------------------------------
2026-08-04 11:38:57 | INFO     | preprocessor         | Step 9: Target encoding
2026-08-04 11:38:57 | INFO     | preprocessor         |   readmitted_binary: {0: np.int64(55875), 1: np.int64(7617)}
2026-08-04 11:38:57 | INFO     | preprocessor         |   readmitted_multi : {0: np.int64(32398), 2: np.int64(23477), 1: np.int64(7617)}
2026-08-04 11:38:57 | INFO     | preprocessor         | --------------------------------------------------
2026-08-04 11:38:57 | INFO     | preprocessor         | Step 10: Saving fitted artifacts
2026-08-04 11:38:57 | INFO     | preprocessor         |   label_encoders.pkl saved -> C:\Users\sharg\Desktop\github\DriftSentinel\outputs\artifacts\label_encoders.pkl
2026-08-04 11:38:57 | INFO     | preprocessor         |   impute_modes.json saved -> C:\Users\sharg\Desktop\github\DriftSentinel\outputs\artifacts\impute_modes.json
2026-08-04 11:38:57 | INFO     | preprocessor         |   age_ordinal_map.json saved -> C:\Users\sharg\Desktop\github\DriftSentinel\outputs\artifacts\age_ordinal_map.json
2026-08-04 11:38:57 | INFO     | preprocessor         |   preprocessor_config.json saved -> C:\Users\sharg\Desktop\github\DriftSentinel\outputs\artifacts\preprocessor_config.json
2026-08-04 11:38:57 | INFO     | preprocessor         | ======================================================================
2026-08-04 11:38:57 | INFO     | preprocessor         | fit_transform complete — shape: (63492, 42)
2026-08-04 11:38:57 | INFO     | preprocessor         | ======================================================================
2026-08-04 18:17:40 | INFO     | preprocessor         | ===== RUN 20260804-181736-383e94 | pid=31444 | started 2026-08-04 18:17:40 =====
2026-08-04 18:17:40 | INFO     | preprocessor         | ======================================================================
2026-08-04 18:17:40 | INFO     | preprocessor         | DriftSentinel — Preprocessor  [fit_transform on TRAIN]
2026-08-04 18:17:40 | INFO     | preprocessor         | ======================================================================
2026-08-04 18:17:40 | INFO     | preprocessor         | --------------------------------------------------
2026-08-04 18:17:40 | INFO     | preprocessor         | Step 1: Dropping zero-variance and ID columns
2026-08-04 18:17:40 | INFO     | preprocessor         | Dropped 9 columns: ['encounter_id', 'patient_nbr', 'examide', 'citoglipton', 'acetohexamide', 'troglitazone', 'metformin-rosiglitazone', 'metformin-pioglitazone', 'glimepiride-pioglitazone']
2026-08-04 18:17:40 | INFO     | preprocessor         | Remaining columns: 41
2026-08-04 18:17:40 | INFO     | preprocessor         | --------------------------------------------------
2026-08-04 18:17:40 | INFO     | preprocessor         | Step 2: Encoding missingness flags
2026-08-04 18:17:40 | INFO     | preprocessor         |   weight_missing                      flagged=61,370 (96.7%)
2026-08-04 18:17:40 | INFO     | preprocessor         |   Original column 'weight' dropped after flag creation
2026-08-04 18:17:40 | INFO     | preprocessor         |   max_glu_serum_missing               flagged=58,649 (92.4%)
2026-08-04 18:17:40 | INFO     | preprocessor         |   Original column 'max_glu_serum' dropped after flag creation
2026-08-04 18:17:40 | INFO     | preprocessor         |   A1Cresult_missing                   flagged=53,887 (84.9%)
2026-08-04 18:17:40 | INFO     | preprocessor         |   Original column 'A1Cresult' dropped after flag creation
2026-08-04 18:17:40 | INFO     | preprocessor         | --------------------------------------------------
2026-08-04 18:17:40 | INFO     | preprocessor         | Step 3: ICD-9 chapter grouping (diag_1 / diag_2 / diag_3)
2026-08-04 18:17:40 | INFO     | preprocessor         |   diag_1 -> 18 chapters
2026-08-04 18:17:40 | INFO     | preprocessor         |     Circulatory          : 19,608
2026-08-04 18:17:40 | INFO     | preprocessor         |     Endocrine            : 7,604
2026-08-04 18:17:40 | INFO     | preprocessor         |     Respiratory          : 6,140
2026-08-04 18:17:40 | INFO     | preprocessor         |     Digestive            : 5,665
2026-08-04 18:17:40 | INFO     | preprocessor         |     Symptoms             : 4,969
2026-08-04 18:17:40 | INFO     | preprocessor         |   diag_2 -> 19 chapters
2026-08-04 18:17:40 | INFO     | preprocessor         |     Circulatory          : 20,713
2026-08-04 18:17:40 | INFO     | preprocessor         |     Endocrine            : 13,953
2026-08-04 18:17:40 | INFO     | preprocessor         |     Respiratory          : 6,304
2026-08-04 18:17:40 | INFO     | preprocessor         |     Genitourinary        : 4,034
2026-08-04 18:17:40 | INFO     | preprocessor         |     Symptoms             : 2,775
2026-08-04 18:17:40 | INFO     | preprocessor         |   diag_3 -> 19 chapters
2026-08-04 18:17:40 | INFO     | preprocessor         |     Circulatory          : 18,893
2026-08-04 18:17:40 | INFO     | preprocessor         |     Endocrine            : 16,963
2026-08-04 18:17:40 | INFO     | preprocessor         |     Respiratory          : 4,234
2026-08-04 18:17:40 | INFO     | preprocessor         |     Genitourinary        : 3,532
2026-08-04 18:17:40 | INFO     | preprocessor         |     Symptoms             : 2,628
2026-08-04 18:17:40 | INFO     | preprocessor         | --------------------------------------------------
2026-08-04 18:17:40 | INFO     | preprocessor         | Step 4: Age ordinal encoding
2026-08-04 18:17:40 | INFO     | preprocessor         |   age: 10 bins -> ordinal [0-9]  unmapped=0
2026-08-04 18:17:40 | INFO     | preprocessor         | --------------------------------------------------
2026-08-04 18:17:40 | INFO     | preprocessor         | Step 5: Medication encoding
2026-08-04 18:17:40 | INFO     | preprocessor         |   metformin                           ordinal encoded [No=0,Steady=1,Up=2,Down=3]
2026-08-04 18:17:40 | INFO     | preprocessor         |   repaglinide                         ordinal encoded [No=0,Steady=1,Up=2,Down=3]
2026-08-04 18:17:40 | INFO     | preprocessor         |   nateglinide                         ordinal encoded [No=0,Steady=1,Up=2,Down=3]
2026-08-04 18:17:40 | INFO     | preprocessor         |   glimepiride                         ordinal encoded [No=0,Steady=1,Up=2,Down=3]
2026-08-04 18:17:40 | INFO     | preprocessor         |   glipizide                           ordinal encoded [No=0,Steady=1,Up=2,Down=3]
2026-08-04 18:17:40 | INFO     | preprocessor         |   glyburide                           ordinal encoded [No=0,Steady=1,Up=2,Down=3]
2026-08-04 18:17:40 | INFO     | preprocessor         |   pioglitazone                        ordinal encoded [No=0,Steady=1,Up=2,Down=3]
2026-08-04 18:17:40 | INFO     | preprocessor         |   rosiglitazone                       ordinal encoded [No=0,Steady=1,Up=2,Down=3]
2026-08-04 18:17:40 | INFO     | preprocessor         |   insulin                             ordinal encoded [No=0,Steady=1,Up=2,Down=3]
2026-08-04 18:17:40 | INFO     | preprocessor         |   chlorpropamide                      binary encoded  prescribed=71 (0.11%)
2026-08-04 18:17:40 | INFO     | preprocessor         |   tolbutamide                         binary encoded  prescribed=19 (0.03%)
2026-08-04 18:17:40 | INFO     | preprocessor         |   acarbose                            binary encoded  prescribed=202 (0.32%)
2026-08-04 18:17:40 | INFO     | preprocessor         |   miglitol                            binary encoded  prescribed=30 (0.05%)
2026-08-04 18:17:40 | INFO     | preprocessor         |   tolazamide                          binary encoded  prescribed=38 (0.06%)
2026-08-04 18:17:40 | INFO     | preprocessor         |   glyburide-metformin                 binary encoded  prescribed=306 (0.48%)
2026-08-04 18:17:40 | INFO     | preprocessor         |   glipizide-metformin                 binary encoded  prescribed=10 (0.02%)
2026-08-04 18:17:40 | INFO     | preprocessor         | --------------------------------------------------
2026-08-04 18:17:40 | INFO     | preprocessor         | Step 6: Categorical imputation (fit on train)
2026-08-04 18:17:40 | INFO     | preprocessor         |   race                      mode imputed with 'Caucasian'  (fitted on train)
2026-08-04 18:17:40 | INFO     | preprocessor         |   medical_specialty         filled with 'Unknown'
2026-08-04 18:17:40 | INFO     | preprocessor         |   payer_code                filled with 'Unknown'
2026-08-04 18:17:40 | INFO     | preprocessor         | --------------------------------------------------
2026-08-04 18:17:40 | INFO     | preprocessor         | Step 7: LabelEncoder (fit on train)
2026-08-04 18:17:40 | INFO     | preprocessor         |   race                      5 classes  (fitted on train)
2026-08-04 18:17:40 | INFO     | preprocessor         |   gender                    3 classes  (fitted on train)
2026-08-04 18:17:40 | INFO     | preprocessor         |   payer_code                17 classes  (fitted on train)
2026-08-04 18:17:40 | INFO     | preprocessor         |   medical_specialty         68 classes  (fitted on train)
2026-08-04 18:17:40 | INFO     | preprocessor         |   change                    2 classes  (fitted on train)
2026-08-04 18:17:40 | INFO     | preprocessor         |   diabetesMed               2 classes  (fitted on train)
2026-08-04 18:17:40 | INFO     | preprocessor         |   diag_1                    18 classes  (fitted on train)
2026-08-04 18:17:40 | INFO     | preprocessor         |   diag_2                    19 classes  (fitted on train)
2026-08-04 18:17:40 | INFO     | preprocessor         |   diag_3                    19 classes  (fitted on train)
2026-08-04 18:17:40 | INFO     | preprocessor         | --------------------------------------------------
2026-08-04 18:17:40 | INFO     | preprocessor         | Step 8: Log1p transformation
2026-08-04 18:17:40 | INFO     | preprocessor         |   number_outpatient         skew: 7.645 -> 2.962
2026-08-04 18:17:40 | INFO     | preprocessor         |   number_emergency          skew: 11.193 -> 3.786
2026-08-04 18:17:40 | INFO     | preprocessor         | --------------------------------------------------
2026-08-04 18:17:40 | INFO     | preprocessor         | Step 9: Target encoding
2026-08-04 18:17:40 | INFO     | preprocessor         |   readmitted_binary: {0: np.int64(55875), 1: np.int64(7617)}
2026-08-04 18:17:40 | INFO     | preprocessor         |   readmitted_multi : {0: np.int64(32398), 2: np.int64(23477), 1: np.int64(7617)}
2026-08-04 18:17:40 | INFO     | preprocessor         | --------------------------------------------------
2026-08-04 18:17:40 | INFO     | preprocessor         | Step 10: Saving fitted artifacts
2026-08-04 18:17:40 | INFO     | preprocessor         |   label_encoders.pkl saved -> C:\Users\sharg\Desktop\github\DriftSentinel\outputs\artifacts\label_encoders.pkl
2026-08-04 18:17:40 | INFO     | preprocessor         |   impute_modes.json saved -> C:\Users\sharg\Desktop\github\DriftSentinel\outputs\artifacts\impute_modes.json
2026-08-04 18:17:40 | INFO     | preprocessor         |   age_ordinal_map.json saved -> C:\Users\sharg\Desktop\github\DriftSentinel\outputs\artifacts\age_ordinal_map.json
2026-08-04 18:17:40 | INFO     | preprocessor         |   preprocessor_config.json saved -> C:\Users\sharg\Desktop\github\DriftSentinel\outputs\artifacts\preprocessor_config.json
2026-08-04 18:17:40 | INFO     | preprocessor         | ======================================================================
2026-08-04 18:17:40 | INFO     | preprocessor         | fit_transform complete — shape: (63492, 42)
2026-08-04 18:17:40 | INFO     | preprocessor         | ======================================================================
2026-08-04 18:17:40 | INFO     | preprocessor         | ======================================================================
2026-08-04 18:17:40 | INFO     | preprocessor         | DriftSentinel — Preprocessor  [transform on VAL]
2026-08-04 18:17:40 | INFO     | preprocessor         | ======================================================================
2026-08-04 18:17:40 | INFO     | preprocessor         | Step 1: Dropped 9 columns
2026-08-04 18:17:40 | INFO     | preprocessor         | Step 2: Missingness flags applied
2026-08-04 18:17:41 | INFO     | preprocessor         | Step 3: ICD-9 chapter grouping applied
2026-08-04 18:17:41 | INFO     | preprocessor         | Step 4: Age ordinal encoding applied
2026-08-04 18:17:41 | INFO     | preprocessor         | Step 5: Medication encoding applied
2026-08-04 18:17:41 | INFO     | preprocessor         | Step 6: Imputation applied (train-fitted values)
2026-08-04 18:17:41 | WARNING  | preprocessor         |   medical_specialty: 2 unseen categories -> mapped to fallback 'AllergyandImmunology'
2026-08-04 18:17:41 | WARNING  | preprocessor         |   diag_1: 1 unseen categories -> mapped to fallback 'Blood'
2026-08-04 18:17:41 | INFO     | preprocessor         | Step 7: LabelEncoder applied (train-fitted)  unseen_total=3
2026-08-04 18:17:41 | INFO     | preprocessor         | Step 8: Log1p applied
2026-08-04 18:17:41 | INFO     | preprocessor         | Step 9: Target encoding applied
2026-08-04 18:17:41 | INFO     | preprocessor         | ======================================================================
2026-08-04 18:17:41 | INFO     | preprocessor         | transform complete [val] — shape: (20949, 42)
2026-08-04 18:17:41 | INFO     | preprocessor         | ======================================================================
2026-08-04 18:17:41 | INFO     | preprocessor         | ======================================================================
2026-08-04 18:17:41 | INFO     | preprocessor         | DriftSentinel — Preprocessor  [transform on TEST]
2026-08-04 18:17:41 | INFO     | preprocessor         | ======================================================================
2026-08-04 18:17:41 | INFO     | preprocessor         | Step 1: Dropped 9 columns
2026-08-04 18:17:41 | INFO     | preprocessor         | Step 2: Missingness flags applied
2026-08-04 18:17:41 | INFO     | preprocessor         | Step 3: ICD-9 chapter grouping applied
2026-08-04 18:17:41 | INFO     | preprocessor         | Step 4: Age ordinal encoding applied
2026-08-04 18:17:41 | INFO     | preprocessor         | Step 5: Medication encoding applied
2026-08-04 18:17:41 | INFO     | preprocessor         | Step 6: Imputation applied (train-fitted values)
2026-08-04 18:17:41 | WARNING  | preprocessor         |   payer_code: 1 unseen categories -> mapped to fallback 'BC'
2026-08-04 18:17:41 | WARNING  | preprocessor         |   medical_specialty: 16 unseen categories -> mapped to fallback 'AllergyandImmunology'
2026-08-04 18:17:41 | INFO     | preprocessor         | Step 7: LabelEncoder applied (train-fitted)  unseen_total=17
2026-08-04 18:17:41 | INFO     | preprocessor         | Step 8: Log1p applied
2026-08-04 18:17:41 | INFO     | preprocessor         | Step 9: Target encoding applied
2026-08-04 18:17:41 | INFO     | preprocessor         | ======================================================================
2026-08-04 18:17:41 | INFO     | preprocessor         | transform complete [test] — shape: (17325, 42)
2026-08-04 18:17:41 | INFO     | preprocessor         | ======================================================================
2026-08-04 18:18:39 | INFO     | preprocessor         | ===== RUN 20260804-181836-bd5cbd | pid=17396 | started 2026-08-04 18:18:39 =====
2026-08-04 18:18:39 | INFO     | preprocessor         | ======================================================================
2026-08-04 18:18:39 | INFO     | preprocessor         | DriftSentinel — Preprocessor  [fit_transform on TRAIN]
2026-08-04 18:18:39 | INFO     | preprocessor         | ======================================================================
2026-08-04 18:18:39 | INFO     | preprocessor         | --------------------------------------------------
2026-08-04 18:18:39 | INFO     | preprocessor         | Step 1: Dropping zero-variance and ID columns
2026-08-04 18:18:39 | INFO     | preprocessor         | Dropped 9 columns: ['encounter_id', 'patient_nbr', 'examide', 'citoglipton', 'acetohexamide', 'troglitazone', 'metformin-rosiglitazone', 'metformin-pioglitazone', 'glimepiride-pioglitazone']
2026-08-04 18:18:39 | INFO     | preprocessor         | Remaining columns: 41
2026-08-04 18:18:39 | INFO     | preprocessor         | --------------------------------------------------
2026-08-04 18:18:39 | INFO     | preprocessor         | Step 2: Encoding missingness flags
2026-08-04 18:18:39 | INFO     | preprocessor         |   weight_missing                      flagged=61,370 (96.7%)
2026-08-04 18:18:39 | INFO     | preprocessor         |   Original column 'weight' dropped after flag creation
2026-08-04 18:18:39 | INFO     | preprocessor         |   max_glu_serum_missing               flagged=58,649 (92.4%)
2026-08-04 18:18:39 | INFO     | preprocessor         |   Original column 'max_glu_serum' dropped after flag creation
2026-08-04 18:18:39 | INFO     | preprocessor         |   A1Cresult_missing                   flagged=53,887 (84.9%)
2026-08-04 18:18:39 | INFO     | preprocessor         |   Original column 'A1Cresult' dropped after flag creation
2026-08-04 18:18:39 | INFO     | preprocessor         | --------------------------------------------------
2026-08-04 18:18:39 | INFO     | preprocessor         | Step 3: ICD-9 chapter grouping (diag_1 / diag_2 / diag_3)
2026-08-04 18:18:39 | INFO     | preprocessor         |   diag_1 -> 18 chapters
2026-08-04 18:18:39 | INFO     | preprocessor         |     Circulatory          : 19,608
2026-08-04 18:18:39 | INFO     | preprocessor         |     Endocrine            : 7,604
2026-08-04 18:18:39 | INFO     | preprocessor         |     Respiratory          : 6,140
2026-08-04 18:18:39 | INFO     | preprocessor         |     Digestive            : 5,665
2026-08-04 18:18:39 | INFO     | preprocessor         |     Symptoms             : 4,969
2026-08-04 18:18:39 | INFO     | preprocessor         |   diag_2 -> 19 chapters
2026-08-04 18:18:39 | INFO     | preprocessor         |     Circulatory          : 20,713
2026-08-04 18:18:39 | INFO     | preprocessor         |     Endocrine            : 13,953
2026-08-04 18:18:39 | INFO     | preprocessor         |     Respiratory          : 6,304
2026-08-04 18:18:39 | INFO     | preprocessor         |     Genitourinary        : 4,034
2026-08-04 18:18:39 | INFO     | preprocessor         |     Symptoms             : 2,775
2026-08-04 18:18:40 | INFO     | preprocessor         |   diag_3 -> 19 chapters
2026-08-04 18:18:40 | INFO     | preprocessor         |     Circulatory          : 18,893
2026-08-04 18:18:40 | INFO     | preprocessor         |     Endocrine            : 16,963
2026-08-04 18:18:40 | INFO     | preprocessor         |     Respiratory          : 4,234
2026-08-04 18:18:40 | INFO     | preprocessor         |     Genitourinary        : 3,532
2026-08-04 18:18:40 | INFO     | preprocessor         |     Symptoms             : 2,628
2026-08-04 18:18:40 | INFO     | preprocessor         | --------------------------------------------------
2026-08-04 18:18:40 | INFO     | preprocessor         | Step 4: Age ordinal encoding
2026-08-04 18:18:40 | INFO     | preprocessor         |   age: 10 bins -> ordinal [0-9]  unmapped=0
2026-08-04 18:18:40 | INFO     | preprocessor         | --------------------------------------------------
2026-08-04 18:18:40 | INFO     | preprocessor         | Step 5: Medication encoding
2026-08-04 18:18:40 | INFO     | preprocessor         |   metformin                           ordinal encoded [No=0,Steady=1,Up=2,Down=3]
2026-08-04 18:18:40 | INFO     | preprocessor         |   repaglinide                         ordinal encoded [No=0,Steady=1,Up=2,Down=3]
2026-08-04 18:18:40 | INFO     | preprocessor         |   nateglinide                         ordinal encoded [No=0,Steady=1,Up=2,Down=3]
2026-08-04 18:18:40 | INFO     | preprocessor         |   glimepiride                         ordinal encoded [No=0,Steady=1,Up=2,Down=3]
2026-08-04 18:18:40 | INFO     | preprocessor         |   glipizide                           ordinal encoded [No=0,Steady=1,Up=2,Down=3]
2026-08-04 18:18:40 | INFO     | preprocessor         |   glyburide                           ordinal encoded [No=0,Steady=1,Up=2,Down=3]
2026-08-04 18:18:40 | INFO     | preprocessor         |   pioglitazone                        ordinal encoded [No=0,Steady=1,Up=2,Down=3]
2026-08-04 18:18:40 | INFO     | preprocessor         |   rosiglitazone                       ordinal encoded [No=0,Steady=1,Up=2,Down=3]
2026-08-04 18:18:40 | INFO     | preprocessor         |   insulin                             ordinal encoded [No=0,Steady=1,Up=2,Down=3]
2026-08-04 18:18:40 | INFO     | preprocessor         |   chlorpropamide                      binary encoded  prescribed=71 (0.11%)
2026-08-04 18:18:40 | INFO     | preprocessor         |   tolbutamide                         binary encoded  prescribed=19 (0.03%)
2026-08-04 18:18:40 | INFO     | preprocessor         |   acarbose                            binary encoded  prescribed=202 (0.32%)
2026-08-04 18:18:40 | INFO     | preprocessor         |   miglitol                            binary encoded  prescribed=30 (0.05%)
2026-08-04 18:18:40 | INFO     | preprocessor         |   tolazamide                          binary encoded  prescribed=38 (0.06%)
2026-08-04 18:18:40 | INFO     | preprocessor         |   glyburide-metformin                 binary encoded  prescribed=306 (0.48%)
2026-08-04 18:18:40 | INFO     | preprocessor         |   glipizide-metformin                 binary encoded  prescribed=10 (0.02%)
2026-08-04 18:18:40 | INFO     | preprocessor         | --------------------------------------------------
2026-08-04 18:18:40 | INFO     | preprocessor         | Step 6: Categorical imputation (fit on train)
2026-08-04 18:18:40 | INFO     | preprocessor         |   race                      mode imputed with 'Caucasian'  (fitted on train)
2026-08-04 18:18:40 | INFO     | preprocessor         |   medical_specialty         filled with 'Unknown'
2026-08-04 18:18:40 | INFO     | preprocessor         |   payer_code                filled with 'Unknown'
2026-08-04 18:18:40 | INFO     | preprocessor         | --------------------------------------------------
2026-08-04 18:18:40 | INFO     | preprocessor         | Step 7: LabelEncoder (fit on train)
2026-08-04 18:18:40 | INFO     | preprocessor         |   race                      5 classes  (fitted on train)
2026-08-04 18:18:40 | INFO     | preprocessor         |   gender                    3 classes  (fitted on train)
2026-08-04 18:18:40 | INFO     | preprocessor         |   payer_code                17 classes  (fitted on train)
2026-08-04 18:18:40 | INFO     | preprocessor         |   medical_specialty         68 classes  (fitted on train)
2026-08-04 18:18:40 | INFO     | preprocessor         |   change                    2 classes  (fitted on train)
2026-08-04 18:18:40 | INFO     | preprocessor         |   diabetesMed               2 classes  (fitted on train)
2026-08-04 18:18:40 | INFO     | preprocessor         |   diag_1                    18 classes  (fitted on train)
2026-08-04 18:18:40 | INFO     | preprocessor         |   diag_2                    19 classes  (fitted on train)
2026-08-04 18:18:40 | INFO     | preprocessor         |   diag_3                    19 classes  (fitted on train)
2026-08-04 18:18:40 | INFO     | preprocessor         | --------------------------------------------------
2026-08-04 18:18:40 | INFO     | preprocessor         | Step 8: Log1p transformation
2026-08-04 18:18:40 | INFO     | preprocessor         |   number_outpatient         skew: 7.645 -> 2.962
2026-08-04 18:18:40 | INFO     | preprocessor         |   number_emergency          skew: 11.193 -> 3.786
2026-08-04 18:18:40 | INFO     | preprocessor         | --------------------------------------------------
2026-08-04 18:18:40 | INFO     | preprocessor         | Step 9: Target encoding
2026-08-04 18:18:40 | INFO     | preprocessor         |   readmitted_binary: {0: np.int64(55875), 1: np.int64(7617)}
2026-08-04 18:18:40 | INFO     | preprocessor         |   readmitted_multi : {0: np.int64(32398), 2: np.int64(23477), 1: np.int64(7617)}
2026-08-04 18:18:40 | INFO     | preprocessor         | --------------------------------------------------
2026-08-04 18:18:40 | INFO     | preprocessor         | Step 10: Saving fitted artifacts
2026-08-04 18:18:40 | INFO     | preprocessor         |   label_encoders.pkl saved -> C:\Users\sharg\Desktop\github\DriftSentinel\outputs\artifacts\label_encoders.pkl
2026-08-04 18:18:40 | INFO     | preprocessor         |   impute_modes.json saved -> C:\Users\sharg\Desktop\github\DriftSentinel\outputs\artifacts\impute_modes.json
2026-08-04 18:18:40 | INFO     | preprocessor         |   age_ordinal_map.json saved -> C:\Users\sharg\Desktop\github\DriftSentinel\outputs\artifacts\age_ordinal_map.json
2026-08-04 18:18:40 | INFO     | preprocessor         |   preprocessor_config.json saved -> C:\Users\sharg\Desktop\github\DriftSentinel\outputs\artifacts\preprocessor_config.json
2026-08-04 18:18:40 | INFO     | preprocessor         | ======================================================================
2026-08-04 18:18:40 | INFO     | preprocessor         | fit_transform complete — shape: (63492, 42)
2026-08-04 18:18:40 | INFO     | preprocessor         | ======================================================================
2026-08-04 18:18:40 | INFO     | preprocessor         | ======================================================================
2026-08-04 18:18:40 | INFO     | preprocessor         | DriftSentinel — Preprocessor  [transform on VAL]
2026-08-04 18:18:40 | INFO     | preprocessor         | ======================================================================
2026-08-04 18:18:40 | INFO     | preprocessor         | Step 1: Dropped 9 columns
2026-08-04 18:18:40 | INFO     | preprocessor         | Step 2: Missingness flags applied
2026-08-04 18:18:40 | INFO     | preprocessor         | Step 3: ICD-9 chapter grouping applied
2026-08-04 18:18:40 | INFO     | preprocessor         | Step 4: Age ordinal encoding applied
2026-08-04 18:18:40 | INFO     | preprocessor         | Step 5: Medication encoding applied
2026-08-04 18:18:40 | INFO     | preprocessor         | Step 6: Imputation applied (train-fitted values)
2026-08-04 18:18:40 | WARNING  | preprocessor         |   medical_specialty: 2 unseen categories -> mapped to fallback 'AllergyandImmunology'
2026-08-04 18:18:40 | WARNING  | preprocessor         |   diag_1: 1 unseen categories -> mapped to fallback 'Blood'
2026-08-04 18:18:40 | INFO     | preprocessor         | Step 7: LabelEncoder applied (train-fitted)  unseen_total=3
2026-08-04 18:18:40 | INFO     | preprocessor         | Step 8: Log1p applied
2026-08-04 18:18:40 | INFO     | preprocessor         | Step 9: Target encoding applied
2026-08-04 18:18:40 | INFO     | preprocessor         | ======================================================================
2026-08-04 18:18:40 | INFO     | preprocessor         | transform complete [val] — shape: (20949, 42)
2026-08-04 18:18:40 | INFO     | preprocessor         | ======================================================================
2026-08-04 18:18:40 | INFO     | preprocessor         | ======================================================================
2026-08-04 18:18:40 | INFO     | preprocessor         | DriftSentinel — Preprocessor  [transform on TEST]
2026-08-04 18:18:40 | INFO     | preprocessor         | ======================================================================
2026-08-04 18:18:40 | INFO     | preprocessor         | Step 1: Dropped 9 columns
2026-08-04 18:18:40 | INFO     | preprocessor         | Step 2: Missingness flags applied
2026-08-04 18:18:40 | INFO     | preprocessor         | Step 3: ICD-9 chapter grouping applied
2026-08-04 18:18:40 | INFO     | preprocessor         | Step 4: Age ordinal encoding applied
2026-08-04 18:18:40 | INFO     | preprocessor         | Step 5: Medication encoding applied
2026-08-04 18:18:40 | INFO     | preprocessor         | Step 6: Imputation applied (train-fitted values)
2026-08-04 18:18:40 | WARNING  | preprocessor         |   payer_code: 1 unseen categories -> mapped to fallback 'BC'
2026-08-04 18:18:40 | WARNING  | preprocessor         |   medical_specialty: 16 unseen categories -> mapped to fallback 'AllergyandImmunology'
2026-08-04 18:18:40 | INFO     | preprocessor         | Step 7: LabelEncoder applied (train-fitted)  unseen_total=17
2026-08-04 18:18:40 | INFO     | preprocessor         | Step 8: Log1p applied
2026-08-04 18:18:40 | INFO     | preprocessor         | Step 9: Target encoding applied
2026-08-04 18:18:40 | INFO     | preprocessor         | ======================================================================
2026-08-04 18:18:40 | INFO     | preprocessor         | transform complete [test] — shape: (17325, 42)
2026-08-04 18:18:40 | INFO     | preprocessor         | ======================================================================
2026-08-04 18:20:38 | INFO     | preprocessor         | ===== RUN 20260804-182035-7f2ed9 | pid=30584 | started 2026-08-04 18:20:38 =====
2026-08-04 18:20:38 | INFO     | preprocessor         | ======================================================================
2026-08-04 18:20:38 | INFO     | preprocessor         | DriftSentinel — Preprocessor  [fit_transform on TRAIN]
2026-08-04 18:20:38 | INFO     | preprocessor         | ======================================================================
2026-08-04 18:20:38 | INFO     | preprocessor         | --------------------------------------------------
2026-08-04 18:20:38 | INFO     | preprocessor         | Step 1: Dropping zero-variance and ID columns
2026-08-04 18:20:38 | INFO     | preprocessor         | Dropped 9 columns: ['encounter_id', 'patient_nbr', 'examide', 'citoglipton', 'acetohexamide', 'troglitazone', 'metformin-rosiglitazone', 'metformin-pioglitazone', 'glimepiride-pioglitazone']
2026-08-04 18:20:38 | INFO     | preprocessor         | Remaining columns: 41
2026-08-04 18:20:38 | INFO     | preprocessor         | --------------------------------------------------
2026-08-04 18:20:38 | INFO     | preprocessor         | Step 2: Encoding missingness flags
2026-08-04 18:20:38 | INFO     | preprocessor         |   weight_missing                      flagged=61,370 (96.7%)
2026-08-04 18:20:38 | INFO     | preprocessor         |   Original column 'weight' dropped after flag creation
2026-08-04 18:20:38 | INFO     | preprocessor         |   max_glu_serum_missing               flagged=58,649 (92.4%)
2026-08-04 18:20:38 | INFO     | preprocessor         |   Original column 'max_glu_serum' dropped after flag creation
2026-08-04 18:20:38 | INFO     | preprocessor         |   A1Cresult_missing                   flagged=53,887 (84.9%)
2026-08-04 18:20:38 | INFO     | preprocessor         |   Original column 'A1Cresult' dropped after flag creation
2026-08-04 18:20:38 | INFO     | preprocessor         | --------------------------------------------------
2026-08-04 18:20:38 | INFO     | preprocessor         | Step 3: ICD-9 chapter grouping (diag_1 / diag_2 / diag_3)
2026-08-04 18:20:38 | INFO     | preprocessor         |   diag_1 -> 18 chapters
2026-08-04 18:20:38 | INFO     | preprocessor         |     Circulatory          : 19,608
2026-08-04 18:20:38 | INFO     | preprocessor         |     Endocrine            : 7,604
2026-08-04 18:20:38 | INFO     | preprocessor         |     Respiratory          : 6,140
2026-08-04 18:20:38 | INFO     | preprocessor         |     Digestive            : 5,665
2026-08-04 18:20:38 | INFO     | preprocessor         |     Symptoms             : 4,969
2026-08-04 18:20:39 | INFO     | preprocessor         |   diag_2 -> 19 chapters
2026-08-04 18:20:39 | INFO     | preprocessor         |     Circulatory          : 20,713
2026-08-04 18:20:39 | INFO     | preprocessor         |     Endocrine            : 13,953
2026-08-04 18:20:39 | INFO     | preprocessor         |     Respiratory          : 6,304
2026-08-04 18:20:39 | INFO     | preprocessor         |     Genitourinary        : 4,034
2026-08-04 18:20:39 | INFO     | preprocessor         |     Symptoms             : 2,775
2026-08-04 18:20:39 | INFO     | preprocessor         |   diag_3 -> 19 chapters
2026-08-04 18:20:39 | INFO     | preprocessor         |     Circulatory          : 18,893
2026-08-04 18:20:39 | INFO     | preprocessor         |     Endocrine            : 16,963
2026-08-04 18:20:39 | INFO     | preprocessor         |     Respiratory          : 4,234
2026-08-04 18:20:39 | INFO     | preprocessor         |     Genitourinary        : 3,532
2026-08-04 18:20:39 | INFO     | preprocessor         |     Symptoms             : 2,628
2026-08-04 18:20:39 | INFO     | preprocessor         | --------------------------------------------------
2026-08-04 18:20:39 | INFO     | preprocessor         | Step 4: Age ordinal encoding
2026-08-04 18:20:39 | INFO     | preprocessor         |   age: 10 bins -> ordinal [0-9]  unmapped=0
2026-08-04 18:20:39 | INFO     | preprocessor         | --------------------------------------------------
2026-08-04 18:20:39 | INFO     | preprocessor         | Step 5: Medication encoding
2026-08-04 18:20:39 | INFO     | preprocessor         |   metformin                           ordinal encoded [No=0,Steady=1,Up=2,Down=3]
2026-08-04 18:20:39 | INFO     | preprocessor         |   repaglinide                         ordinal encoded [No=0,Steady=1,Up=2,Down=3]
2026-08-04 18:20:39 | INFO     | preprocessor         |   nateglinide                         ordinal encoded [No=0,Steady=1,Up=2,Down=3]
2026-08-04 18:20:39 | INFO     | preprocessor         |   glimepiride                         ordinal encoded [No=0,Steady=1,Up=2,Down=3]
2026-08-04 18:20:39 | INFO     | preprocessor         |   glipizide                           ordinal encoded [No=0,Steady=1,Up=2,Down=3]
2026-08-04 18:20:39 | INFO     | preprocessor         |   glyburide                           ordinal encoded [No=0,Steady=1,Up=2,Down=3]
2026-08-04 18:20:39 | INFO     | preprocessor         |   pioglitazone                        ordinal encoded [No=0,Steady=1,Up=2,Down=3]
2026-08-04 18:20:39 | INFO     | preprocessor         |   rosiglitazone                       ordinal encoded [No=0,Steady=1,Up=2,Down=3]
2026-08-04 18:20:39 | INFO     | preprocessor         |   insulin                             ordinal encoded [No=0,Steady=1,Up=2,Down=3]
2026-08-04 18:20:39 | INFO     | preprocessor         |   chlorpropamide                      binary encoded  prescribed=71 (0.11%)
2026-08-04 18:20:39 | INFO     | preprocessor         |   tolbutamide                         binary encoded  prescribed=19 (0.03%)
2026-08-04 18:20:39 | INFO     | preprocessor         |   acarbose                            binary encoded  prescribed=202 (0.32%)
2026-08-04 18:20:39 | INFO     | preprocessor         |   miglitol                            binary encoded  prescribed=30 (0.05%)
2026-08-04 18:20:39 | INFO     | preprocessor         |   tolazamide                          binary encoded  prescribed=38 (0.06%)
2026-08-04 18:20:39 | INFO     | preprocessor         |   glyburide-metformin                 binary encoded  prescribed=306 (0.48%)
2026-08-04 18:20:39 | INFO     | preprocessor         |   glipizide-metformin                 binary encoded  prescribed=10 (0.02%)
2026-08-04 18:20:39 | INFO     | preprocessor         | --------------------------------------------------
2026-08-04 18:20:39 | INFO     | preprocessor         | Step 6: Categorical imputation (fit on train)
2026-08-04 18:20:39 | INFO     | preprocessor         |   race                      mode imputed with 'Caucasian'  (fitted on train)
2026-08-04 18:20:39 | INFO     | preprocessor         |   medical_specialty         filled with 'Unknown'
2026-08-04 18:20:39 | INFO     | preprocessor         |   payer_code                filled with 'Unknown'
2026-08-04 18:20:39 | INFO     | preprocessor         | --------------------------------------------------
2026-08-04 18:20:39 | INFO     | preprocessor         | Step 7: LabelEncoder (fit on train)
2026-08-04 18:20:39 | INFO     | preprocessor         |   race                      5 classes  (fitted on train)
2026-08-04 18:20:39 | INFO     | preprocessor         |   gender                    3 classes  (fitted on train)
2026-08-04 18:20:39 | INFO     | preprocessor         |   payer_code                17 classes  (fitted on train)
2026-08-04 18:20:39 | INFO     | preprocessor         |   medical_specialty         68 classes  (fitted on train)
2026-08-04 18:20:39 | INFO     | preprocessor         |   change                    2 classes  (fitted on train)
2026-08-04 18:20:39 | INFO     | preprocessor         |   diabetesMed               2 classes  (fitted on train)
2026-08-04 18:20:39 | INFO     | preprocessor         |   diag_1                    18 classes  (fitted on train)
2026-08-04 18:20:39 | INFO     | preprocessor         |   diag_2                    19 classes  (fitted on train)
2026-08-04 18:20:39 | INFO     | preprocessor         |   diag_3                    19 classes  (fitted on train)
2026-08-04 18:20:39 | INFO     | preprocessor         | --------------------------------------------------
2026-08-04 18:20:39 | INFO     | preprocessor         | Step 8: Log1p transformation
2026-08-04 18:20:39 | INFO     | preprocessor         |   number_outpatient         skew: 7.645 -> 2.962
2026-08-04 18:20:39 | INFO     | preprocessor         |   number_emergency          skew: 11.193 -> 3.786
2026-08-04 18:20:39 | INFO     | preprocessor         | --------------------------------------------------
2026-08-04 18:20:39 | INFO     | preprocessor         | Step 9: Target encoding
2026-08-04 18:20:39 | INFO     | preprocessor         |   readmitted_binary: {0: np.int64(55875), 1: np.int64(7617)}
2026-08-04 18:20:39 | INFO     | preprocessor         |   readmitted_multi : {0: np.int64(32398), 2: np.int64(23477), 1: np.int64(7617)}
2026-08-04 18:20:39 | INFO     | preprocessor         | --------------------------------------------------
2026-08-04 18:20:39 | INFO     | preprocessor         | Step 10: Saving fitted artifacts
2026-08-04 18:20:39 | INFO     | preprocessor         |   label_encoders.pkl saved -> C:\Users\sharg\Desktop\github\DriftSentinel\outputs\artifacts\label_encoders.pkl
2026-08-04 18:20:39 | INFO     | preprocessor         |   impute_modes.json saved -> C:\Users\sharg\Desktop\github\DriftSentinel\outputs\artifacts\impute_modes.json
2026-08-04 18:20:39 | INFO     | preprocessor         |   age_ordinal_map.json saved -> C:\Users\sharg\Desktop\github\DriftSentinel\outputs\artifacts\age_ordinal_map.json
2026-08-04 18:20:39 | INFO     | preprocessor         |   preprocessor_config.json saved -> C:\Users\sharg\Desktop\github\DriftSentinel\outputs\artifacts\preprocessor_config.json
2026-08-04 18:20:39 | INFO     | preprocessor         | ======================================================================
2026-08-04 18:20:39 | INFO     | preprocessor         | fit_transform complete — shape: (63492, 42)
2026-08-04 18:20:39 | INFO     | preprocessor         | ======================================================================
2026-08-04 18:20:39 | INFO     | preprocessor         | ======================================================================
2026-08-04 18:20:39 | INFO     | preprocessor         | DriftSentinel — Preprocessor  [transform on VAL]
2026-08-04 18:20:39 | INFO     | preprocessor         | ======================================================================
2026-08-04 18:20:39 | INFO     | preprocessor         | Step 1: Dropped 9 columns
2026-08-04 18:20:39 | INFO     | preprocessor         | Step 2: Missingness flags applied
2026-08-04 18:20:39 | INFO     | preprocessor         | Step 3: ICD-9 chapter grouping applied
2026-08-04 18:20:39 | INFO     | preprocessor         | Step 4: Age ordinal encoding applied
2026-08-04 18:20:39 | INFO     | preprocessor         | Step 5: Medication encoding applied
2026-08-04 18:20:39 | INFO     | preprocessor         | Step 6: Imputation applied (train-fitted values)
2026-08-04 18:20:39 | WARNING  | preprocessor         |   medical_specialty: 2 unseen categories -> mapped to fallback 'AllergyandImmunology'
2026-08-04 18:20:39 | WARNING  | preprocessor         |   diag_1: 1 unseen categories -> mapped to fallback 'Blood'
2026-08-04 18:20:39 | INFO     | preprocessor         | Step 7: LabelEncoder applied (train-fitted)  unseen_total=3
2026-08-04 18:20:39 | INFO     | preprocessor         | Step 8: Log1p applied
2026-08-04 18:20:39 | INFO     | preprocessor         | Step 9: Target encoding applied
2026-08-04 18:20:39 | INFO     | preprocessor         | ======================================================================
2026-08-04 18:20:39 | INFO     | preprocessor         | transform complete [val] — shape: (20949, 42)
2026-08-04 18:20:39 | INFO     | preprocessor         | ======================================================================
2026-08-04 18:20:39 | INFO     | preprocessor         | ======================================================================
2026-08-04 18:20:39 | INFO     | preprocessor         | DriftSentinel — Preprocessor  [transform on TEST]
2026-08-04 18:20:39 | INFO     | preprocessor         | ======================================================================
2026-08-04 18:20:39 | INFO     | preprocessor         | Step 1: Dropped 9 columns
2026-08-04 18:20:39 | INFO     | preprocessor         | Step 2: Missingness flags applied
2026-08-04 18:20:39 | INFO     | preprocessor         | Step 3: ICD-9 chapter grouping applied
2026-08-04 18:20:39 | INFO     | preprocessor         | Step 4: Age ordinal encoding applied
2026-08-04 18:20:39 | INFO     | preprocessor         | Step 5: Medication encoding applied
2026-08-04 18:20:39 | INFO     | preprocessor         | Step 6: Imputation applied (train-fitted values)
2026-08-04 18:20:39 | WARNING  | preprocessor         |   payer_code: 1 unseen categories -> mapped to fallback 'BC'
2026-08-04 18:20:39 | WARNING  | preprocessor         |   medical_specialty: 16 unseen categories -> mapped to fallback 'AllergyandImmunology'
2026-08-04 18:20:39 | INFO     | preprocessor         | Step 7: LabelEncoder applied (train-fitted)  unseen_total=17
2026-08-04 18:20:39 | INFO     | preprocessor         | Step 8: Log1p applied
2026-08-04 18:20:39 | INFO     | preprocessor         | Step 9: Target encoding applied
2026-08-04 18:20:39 | INFO     | preprocessor         | ======================================================================
2026-08-04 18:20:39 | INFO     | preprocessor         | transform complete [test] — shape: (17325, 42)
2026-08-04 18:20:39 | INFO     | preprocessor         | ======================================================================
2026-08-04 18:21:38 | INFO     | preprocessor         | ===== RUN 20260804-182135-1f3800 | pid=31680 | started 2026-08-04 18:21:38 =====
2026-08-04 18:21:38 | INFO     | preprocessor         | ======================================================================
2026-08-04 18:21:38 | INFO     | preprocessor         | DriftSentinel — Preprocessor  [fit_transform on TRAIN]
2026-08-04 18:21:38 | INFO     | preprocessor         | ======================================================================
2026-08-04 18:21:38 | INFO     | preprocessor         | --------------------------------------------------
2026-08-04 18:21:38 | INFO     | preprocessor         | Step 1: Dropping zero-variance and ID columns
2026-08-04 18:21:38 | INFO     | preprocessor         | Dropped 9 columns: ['encounter_id', 'patient_nbr', 'examide', 'citoglipton', 'acetohexamide', 'troglitazone', 'metformin-rosiglitazone', 'metformin-pioglitazone', 'glimepiride-pioglitazone']
2026-08-04 18:21:38 | INFO     | preprocessor         | Remaining columns: 41
2026-08-04 18:21:38 | INFO     | preprocessor         | --------------------------------------------------
2026-08-04 18:21:38 | INFO     | preprocessor         | Step 2: Encoding missingness flags
2026-08-04 18:21:38 | INFO     | preprocessor         |   weight_missing                      flagged=61,370 (96.7%)
2026-08-04 18:21:38 | INFO     | preprocessor         |   Original column 'weight' dropped after flag creation
2026-08-04 18:21:38 | INFO     | preprocessor         |   max_glu_serum_missing               flagged=58,649 (92.4%)
2026-08-04 18:21:38 | INFO     | preprocessor         |   Original column 'max_glu_serum' dropped after flag creation
2026-08-04 18:21:38 | INFO     | preprocessor         |   A1Cresult_missing                   flagged=53,887 (84.9%)
2026-08-04 18:21:38 | INFO     | preprocessor         |   Original column 'A1Cresult' dropped after flag creation
2026-08-04 18:21:38 | INFO     | preprocessor         | --------------------------------------------------
2026-08-04 18:21:38 | INFO     | preprocessor         | Step 3: ICD-9 chapter grouping (diag_1 / diag_2 / diag_3)
2026-08-04 18:21:38 | INFO     | preprocessor         |   diag_1 -> 18 chapters
2026-08-04 18:21:38 | INFO     | preprocessor         |     Circulatory          : 19,608
2026-08-04 18:21:38 | INFO     | preprocessor         |     Endocrine            : 7,604
2026-08-04 18:21:38 | INFO     | preprocessor         |     Respiratory          : 6,140
2026-08-04 18:21:38 | INFO     | preprocessor         |     Digestive            : 5,665
2026-08-04 18:21:38 | INFO     | preprocessor         |     Symptoms             : 4,969
2026-08-04 18:21:38 | INFO     | preprocessor         |   diag_2 -> 19 chapters
2026-08-04 18:21:38 | INFO     | preprocessor         |     Circulatory          : 20,713
2026-08-04 18:21:38 | INFO     | preprocessor         |     Endocrine            : 13,953
2026-08-04 18:21:38 | INFO     | preprocessor         |     Respiratory          : 6,304
2026-08-04 18:21:38 | INFO     | preprocessor         |     Genitourinary        : 4,034
2026-08-04 18:21:38 | INFO     | preprocessor         |     Symptoms             : 2,775
2026-08-04 18:21:38 | INFO     | preprocessor         |   diag_3 -> 19 chapters
2026-08-04 18:21:38 | INFO     | preprocessor         |     Circulatory          : 18,893
2026-08-04 18:21:38 | INFO     | preprocessor         |     Endocrine            : 16,963
2026-08-04 18:21:38 | INFO     | preprocessor         |     Respiratory          : 4,234
2026-08-04 18:21:38 | INFO     | preprocessor         |     Genitourinary        : 3,532
2026-08-04 18:21:38 | INFO     | preprocessor         |     Symptoms             : 2,628
2026-08-04 18:21:38 | INFO     | preprocessor         | --------------------------------------------------
2026-08-04 18:21:38 | INFO     | preprocessor         | Step 4: Age ordinal encoding
2026-08-04 18:21:38 | INFO     | preprocessor         |   age: 10 bins -> ordinal [0-9]  unmapped=0
2026-08-04 18:21:38 | INFO     | preprocessor         | --------------------------------------------------
2026-08-04 18:21:38 | INFO     | preprocessor         | Step 5: Medication encoding
2026-08-04 18:21:38 | INFO     | preprocessor         |   metformin                           ordinal encoded [No=0,Steady=1,Up=2,Down=3]
2026-08-04 18:21:38 | INFO     | preprocessor         |   repaglinide                         ordinal encoded [No=0,Steady=1,Up=2,Down=3]
2026-08-04 18:21:38 | INFO     | preprocessor         |   nateglinide                         ordinal encoded [No=0,Steady=1,Up=2,Down=3]
2026-08-04 18:21:38 | INFO     | preprocessor         |   glimepiride                         ordinal encoded [No=0,Steady=1,Up=2,Down=3]
2026-08-04 18:21:38 | INFO     | preprocessor         |   glipizide                           ordinal encoded [No=0,Steady=1,Up=2,Down=3]
2026-08-04 18:21:38 | INFO     | preprocessor         |   glyburide                           ordinal encoded [No=0,Steady=1,Up=2,Down=3]
2026-08-04 18:21:38 | INFO     | preprocessor         |   pioglitazone                        ordinal encoded [No=0,Steady=1,Up=2,Down=3]
2026-08-04 18:21:38 | INFO     | preprocessor         |   rosiglitazone                       ordinal encoded [No=0,Steady=1,Up=2,Down=3]
2026-08-04 18:21:38 | INFO     | preprocessor         |   insulin                             ordinal encoded [No=0,Steady=1,Up=2,Down=3]
2026-08-04 18:21:38 | INFO     | preprocessor         |   chlorpropamide                      binary encoded  prescribed=71 (0.11%)
2026-08-04 18:21:38 | INFO     | preprocessor         |   tolbutamide                         binary encoded  prescribed=19 (0.03%)
2026-08-04 18:21:38 | INFO     | preprocessor         |   acarbose                            binary encoded  prescribed=202 (0.32%)
2026-08-04 18:21:38 | INFO     | preprocessor         |   miglitol                            binary encoded  prescribed=30 (0.05%)
2026-08-04 18:21:38 | INFO     | preprocessor         |   tolazamide                          binary encoded  prescribed=38 (0.06%)
2026-08-04 18:21:38 | INFO     | preprocessor         |   glyburide-metformin                 binary encoded  prescribed=306 (0.48%)
2026-08-04 18:21:38 | INFO     | preprocessor         |   glipizide-metformin                 binary encoded  prescribed=10 (0.02%)
2026-08-04 18:21:38 | INFO     | preprocessor         | --------------------------------------------------
2026-08-04 18:21:38 | INFO     | preprocessor         | Step 6: Categorical imputation (fit on train)
2026-08-04 18:21:38 | INFO     | preprocessor         |   race                      mode imputed with 'Caucasian'  (fitted on train)
2026-08-04 18:21:38 | INFO     | preprocessor         |   medical_specialty         filled with 'Unknown'
2026-08-04 18:21:38 | INFO     | preprocessor         |   payer_code                filled with 'Unknown'
2026-08-04 18:21:38 | INFO     | preprocessor         | --------------------------------------------------
2026-08-04 18:21:38 | INFO     | preprocessor         | Step 7: LabelEncoder (fit on train)
2026-08-04 18:21:38 | INFO     | preprocessor         |   race                      5 classes  (fitted on train)
2026-08-04 18:21:38 | INFO     | preprocessor         |   gender                    3 classes  (fitted on train)
2026-08-04 18:21:38 | INFO     | preprocessor         |   payer_code                17 classes  (fitted on train)
2026-08-04 18:21:38 | INFO     | preprocessor         |   medical_specialty         68 classes  (fitted on train)
2026-08-04 18:21:38 | INFO     | preprocessor         |   change                    2 classes  (fitted on train)
2026-08-04 18:21:38 | INFO     | preprocessor         |   diabetesMed               2 classes  (fitted on train)
2026-08-04 18:21:38 | INFO     | preprocessor         |   diag_1                    18 classes  (fitted on train)
2026-08-04 18:21:38 | INFO     | preprocessor         |   diag_2                    19 classes  (fitted on train)
2026-08-04 18:21:38 | INFO     | preprocessor         |   diag_3                    19 classes  (fitted on train)
2026-08-04 18:21:38 | INFO     | preprocessor         | --------------------------------------------------
2026-08-04 18:21:38 | INFO     | preprocessor         | Step 8: Log1p transformation
2026-08-04 18:21:38 | INFO     | preprocessor         |   number_outpatient         skew: 7.645 -> 2.962
2026-08-04 18:21:38 | INFO     | preprocessor         |   number_emergency          skew: 11.193 -> 3.786
2026-08-04 18:21:38 | INFO     | preprocessor         | --------------------------------------------------
2026-08-04 18:21:38 | INFO     | preprocessor         | Step 9: Target encoding
2026-08-04 18:21:38 | INFO     | preprocessor         |   readmitted_binary: {0: np.int64(55875), 1: np.int64(7617)}
2026-08-04 18:21:38 | INFO     | preprocessor         |   readmitted_multi : {0: np.int64(32398), 2: np.int64(23477), 1: np.int64(7617)}
2026-08-04 18:21:38 | INFO     | preprocessor         | --------------------------------------------------
2026-08-04 18:21:38 | INFO     | preprocessor         | Step 10: Saving fitted artifacts
2026-08-04 18:21:38 | INFO     | preprocessor         |   label_encoders.pkl saved -> C:\Users\sharg\Desktop\github\DriftSentinel\outputs\artifacts\label_encoders.pkl
2026-08-04 18:21:38 | INFO     | preprocessor         |   impute_modes.json saved -> C:\Users\sharg\Desktop\github\DriftSentinel\outputs\artifacts\impute_modes.json
2026-08-04 18:21:38 | INFO     | preprocessor         |   age_ordinal_map.json saved -> C:\Users\sharg\Desktop\github\DriftSentinel\outputs\artifacts\age_ordinal_map.json
2026-08-04 18:21:38 | INFO     | preprocessor         |   preprocessor_config.json saved -> C:\Users\sharg\Desktop\github\DriftSentinel\outputs\artifacts\preprocessor_config.json
2026-08-04 18:21:38 | INFO     | preprocessor         | ======================================================================
2026-08-04 18:21:38 | INFO     | preprocessor         | fit_transform complete — shape: (63492, 42)
2026-08-04 18:21:38 | INFO     | preprocessor         | ======================================================================
2026-08-04 18:21:38 | INFO     | preprocessor         | ======================================================================
2026-08-04 18:21:38 | INFO     | preprocessor         | DriftSentinel — Preprocessor  [transform on VAL]
2026-08-04 18:21:38 | INFO     | preprocessor         | ======================================================================
2026-08-04 18:21:38 | INFO     | preprocessor         | Step 1: Dropped 9 columns
2026-08-04 18:21:38 | INFO     | preprocessor         | Step 2: Missingness flags applied
2026-08-04 18:21:38 | INFO     | preprocessor         | Step 3: ICD-9 chapter grouping applied
2026-08-04 18:21:38 | INFO     | preprocessor         | Step 4: Age ordinal encoding applied
2026-08-04 18:21:38 | INFO     | preprocessor         | Step 5: Medication encoding applied
2026-08-04 18:21:38 | INFO     | preprocessor         | Step 6: Imputation applied (train-fitted values)
2026-08-04 18:21:38 | WARNING  | preprocessor         |   medical_specialty: 2 unseen categories -> mapped to fallback 'AllergyandImmunology'
2026-08-04 18:21:38 | WARNING  | preprocessor         |   diag_1: 1 unseen categories -> mapped to fallback 'Blood'
2026-08-04 18:21:38 | INFO     | preprocessor         | Step 7: LabelEncoder applied (train-fitted)  unseen_total=3
2026-08-04 18:21:38 | INFO     | preprocessor         | Step 8: Log1p applied
2026-08-04 18:21:38 | INFO     | preprocessor         | Step 9: Target encoding applied
2026-08-04 18:21:38 | INFO     | preprocessor         | ======================================================================
2026-08-04 18:21:38 | INFO     | preprocessor         | transform complete [val] — shape: (20949, 42)
2026-08-04 18:21:38 | INFO     | preprocessor         | ======================================================================
2026-08-04 18:21:38 | INFO     | preprocessor         | ======================================================================
2026-08-04 18:21:38 | INFO     | preprocessor         | DriftSentinel — Preprocessor  [transform on TEST]
2026-08-04 18:21:38 | INFO     | preprocessor         | ======================================================================
2026-08-04 18:21:38 | INFO     | preprocessor         | Step 1: Dropped 9 columns
2026-08-04 18:21:39 | INFO     | preprocessor         | Step 2: Missingness flags applied
2026-08-04 18:21:39 | INFO     | preprocessor         | Step 3: ICD-9 chapter grouping applied
2026-08-04 18:21:39 | INFO     | preprocessor         | Step 4: Age ordinal encoding applied
2026-08-04 18:21:39 | INFO     | preprocessor         | Step 5: Medication encoding applied
2026-08-04 18:21:39 | INFO     | preprocessor         | Step 6: Imputation applied (train-fitted values)
2026-08-04 18:21:39 | WARNING  | preprocessor         |   payer_code: 1 unseen categories -> mapped to fallback 'BC'
2026-08-04 18:21:39 | WARNING  | preprocessor         |   medical_specialty: 16 unseen categories -> mapped to fallback 'AllergyandImmunology'
2026-08-04 18:21:39 | INFO     | preprocessor         | Step 7: LabelEncoder applied (train-fitted)  unseen_total=17
2026-08-04 18:21:39 | INFO     | preprocessor         | Step 8: Log1p applied
2026-08-04 18:21:39 | INFO     | preprocessor         | Step 9: Target encoding applied
2026-08-04 18:21:39 | INFO     | preprocessor         | ======================================================================
2026-08-04 18:21:39 | INFO     | preprocessor         | transform complete [test] — shape: (17325, 42)
2026-08-04 18:21:39 | INFO     | preprocessor         | ======================================================================
2026-08-04 18:23:50 | INFO     | preprocessor         | ===== RUN 20260804-182347-f55045 | pid=26156 | started 2026-08-04 18:23:50 =====
2026-08-04 18:23:50 | INFO     | preprocessor         | ======================================================================
2026-08-04 18:23:50 | INFO     | preprocessor         | DriftSentinel — Preprocessor  [fit_transform on TRAIN]
2026-08-04 18:23:50 | INFO     | preprocessor         | ======================================================================
2026-08-04 18:23:50 | INFO     | preprocessor         | --------------------------------------------------
2026-08-04 18:23:50 | INFO     | preprocessor         | Step 1: Dropping zero-variance and ID columns
2026-08-04 18:23:50 | INFO     | preprocessor         | Dropped 9 columns: ['encounter_id', 'patient_nbr', 'examide', 'citoglipton', 'acetohexamide', 'troglitazone', 'metformin-rosiglitazone', 'metformin-pioglitazone', 'glimepiride-pioglitazone']
2026-08-04 18:23:50 | INFO     | preprocessor         | Remaining columns: 41
2026-08-04 18:23:50 | INFO     | preprocessor         | --------------------------------------------------
2026-08-04 18:23:50 | INFO     | preprocessor         | Step 2: Encoding missingness flags
2026-08-04 18:23:50 | INFO     | preprocessor         |   weight_missing                      flagged=61,370 (96.7%)
2026-08-04 18:23:50 | INFO     | preprocessor         |   Original column 'weight' dropped after flag creation
2026-08-04 18:23:50 | INFO     | preprocessor         |   max_glu_serum_missing               flagged=58,649 (92.4%)
2026-08-04 18:23:50 | INFO     | preprocessor         |   Original column 'max_glu_serum' dropped after flag creation
2026-08-04 18:23:50 | INFO     | preprocessor         |   A1Cresult_missing                   flagged=53,887 (84.9%)
2026-08-04 18:23:50 | INFO     | preprocessor         |   Original column 'A1Cresult' dropped after flag creation
2026-08-04 18:23:50 | INFO     | preprocessor         | --------------------------------------------------
2026-08-04 18:23:50 | INFO     | preprocessor         | Step 3: ICD-9 chapter grouping (diag_1 / diag_2 / diag_3)
2026-08-04 18:23:50 | INFO     | preprocessor         |   diag_1 -> 18 chapters
2026-08-04 18:23:50 | INFO     | preprocessor         |     Circulatory          : 19,608
2026-08-04 18:23:50 | INFO     | preprocessor         |     Endocrine            : 7,604
2026-08-04 18:23:50 | INFO     | preprocessor         |     Respiratory          : 6,140
2026-08-04 18:23:50 | INFO     | preprocessor         |     Digestive            : 5,665
2026-08-04 18:23:50 | INFO     | preprocessor         |     Symptoms             : 4,969
2026-08-04 18:23:50 | INFO     | preprocessor         |   diag_2 -> 19 chapters
2026-08-04 18:23:50 | INFO     | preprocessor         |     Circulatory          : 20,713
2026-08-04 18:23:50 | INFO     | preprocessor         |     Endocrine            : 13,953
2026-08-04 18:23:50 | INFO     | preprocessor         |     Respiratory          : 6,304
2026-08-04 18:23:50 | INFO     | preprocessor         |     Genitourinary        : 4,034
2026-08-04 18:23:50 | INFO     | preprocessor         |     Symptoms             : 2,775
2026-08-04 18:23:50 | INFO     | preprocessor         |   diag_3 -> 19 chapters
2026-08-04 18:23:50 | INFO     | preprocessor         |     Circulatory          : 18,893
2026-08-04 18:23:50 | INFO     | preprocessor         |     Endocrine            : 16,963
2026-08-04 18:23:50 | INFO     | preprocessor         |     Respiratory          : 4,234
2026-08-04 18:23:50 | INFO     | preprocessor         |     Genitourinary        : 3,532
2026-08-04 18:23:50 | INFO     | preprocessor         |     Symptoms             : 2,628
2026-08-04 18:23:50 | INFO     | preprocessor         | --------------------------------------------------
2026-08-04 18:23:50 | INFO     | preprocessor         | Step 4: Age ordinal encoding
2026-08-04 18:23:50 | INFO     | preprocessor         |   age: 10 bins -> ordinal [0-9]  unmapped=0
2026-08-04 18:23:50 | INFO     | preprocessor         | --------------------------------------------------
2026-08-04 18:23:50 | INFO     | preprocessor         | Step 5: Medication encoding
2026-08-04 18:23:50 | INFO     | preprocessor         |   metformin                           ordinal encoded [No=0,Steady=1,Up=2,Down=3]
2026-08-04 18:23:50 | INFO     | preprocessor         |   repaglinide                         ordinal encoded [No=0,Steady=1,Up=2,Down=3]
2026-08-04 18:23:50 | INFO     | preprocessor         |   nateglinide                         ordinal encoded [No=0,Steady=1,Up=2,Down=3]
2026-08-04 18:23:50 | INFO     | preprocessor         |   glimepiride                         ordinal encoded [No=0,Steady=1,Up=2,Down=3]
2026-08-04 18:23:51 | INFO     | preprocessor         |   glipizide                           ordinal encoded [No=0,Steady=1,Up=2,Down=3]
2026-08-04 18:23:51 | INFO     | preprocessor         |   glyburide                           ordinal encoded [No=0,Steady=1,Up=2,Down=3]
2026-08-04 18:23:51 | INFO     | preprocessor         |   pioglitazone                        ordinal encoded [No=0,Steady=1,Up=2,Down=3]
2026-08-04 18:23:51 | INFO     | preprocessor         |   rosiglitazone                       ordinal encoded [No=0,Steady=1,Up=2,Down=3]
2026-08-04 18:23:51 | INFO     | preprocessor         |   insulin                             ordinal encoded [No=0,Steady=1,Up=2,Down=3]
2026-08-04 18:23:51 | INFO     | preprocessor         |   chlorpropamide                      binary encoded  prescribed=71 (0.11%)
2026-08-04 18:23:51 | INFO     | preprocessor         |   tolbutamide                         binary encoded  prescribed=19 (0.03%)
2026-08-04 18:23:51 | INFO     | preprocessor         |   acarbose                            binary encoded  prescribed=202 (0.32%)
2026-08-04 18:23:51 | INFO     | preprocessor         |   miglitol                            binary encoded  prescribed=30 (0.05%)
2026-08-04 18:23:51 | INFO     | preprocessor         |   tolazamide                          binary encoded  prescribed=38 (0.06%)
2026-08-04 18:23:51 | INFO     | preprocessor         |   glyburide-metformin                 binary encoded  prescribed=306 (0.48%)
2026-08-04 18:23:51 | INFO     | preprocessor         |   glipizide-metformin                 binary encoded  prescribed=10 (0.02%)
2026-08-04 18:23:51 | INFO     | preprocessor         | --------------------------------------------------
2026-08-04 18:23:51 | INFO     | preprocessor         | Step 6: Categorical imputation (fit on train)
2026-08-04 18:23:51 | INFO     | preprocessor         |   race                      mode imputed with 'Caucasian'  (fitted on train)
2026-08-04 18:23:51 | INFO     | preprocessor         |   medical_specialty         filled with 'Unknown'
2026-08-04 18:23:51 | INFO     | preprocessor         |   payer_code                filled with 'Unknown'
2026-08-04 18:23:51 | INFO     | preprocessor         | --------------------------------------------------
2026-08-04 18:23:51 | INFO     | preprocessor         | Step 7: LabelEncoder (fit on train)
2026-08-04 18:23:51 | INFO     | preprocessor         |   race                      5 classes  (fitted on train)
2026-08-04 18:23:51 | INFO     | preprocessor         |   gender                    3 classes  (fitted on train)
2026-08-04 18:23:51 | INFO     | preprocessor         |   payer_code                17 classes  (fitted on train)
2026-08-04 18:23:51 | INFO     | preprocessor         |   medical_specialty         68 classes  (fitted on train)
2026-08-04 18:23:51 | INFO     | preprocessor         |   change                    2 classes  (fitted on train)
2026-08-04 18:23:51 | INFO     | preprocessor         |   diabetesMed               2 classes  (fitted on train)
2026-08-04 18:23:51 | INFO     | preprocessor         |   diag_1                    18 classes  (fitted on train)
2026-08-04 18:23:51 | INFO     | preprocessor         |   diag_2                    19 classes  (fitted on train)
2026-08-04 18:23:51 | INFO     | preprocessor         |   diag_3                    19 classes  (fitted on train)
2026-08-04 18:23:51 | INFO     | preprocessor         | --------------------------------------------------
2026-08-04 18:23:51 | INFO     | preprocessor         | Step 8: Log1p transformation
2026-08-04 18:23:51 | INFO     | preprocessor         |   number_outpatient         skew: 7.645 -> 2.962
2026-08-04 18:23:51 | INFO     | preprocessor         |   number_emergency          skew: 11.193 -> 3.786
2026-08-04 18:23:51 | INFO     | preprocessor         | --------------------------------------------------
2026-08-04 18:23:51 | INFO     | preprocessor         | Step 9: Target encoding
2026-08-04 18:23:51 | INFO     | preprocessor         |   readmitted_binary: {0: np.int64(55875), 1: np.int64(7617)}
2026-08-04 18:23:51 | INFO     | preprocessor         |   readmitted_multi : {0: np.int64(32398), 2: np.int64(23477), 1: np.int64(7617)}
2026-08-04 18:23:51 | INFO     | preprocessor         | --------------------------------------------------
2026-08-04 18:23:51 | INFO     | preprocessor         | Step 10: Saving fitted artifacts
2026-08-04 18:23:51 | INFO     | preprocessor         |   label_encoders.pkl saved -> C:\Users\sharg\Desktop\github\DriftSentinel\outputs\artifacts\label_encoders.pkl
2026-08-04 18:23:51 | INFO     | preprocessor         |   impute_modes.json saved -> C:\Users\sharg\Desktop\github\DriftSentinel\outputs\artifacts\impute_modes.json
2026-08-04 18:23:51 | INFO     | preprocessor         |   age_ordinal_map.json saved -> C:\Users\sharg\Desktop\github\DriftSentinel\outputs\artifacts\age_ordinal_map.json
2026-08-04 18:23:51 | INFO     | preprocessor         |   preprocessor_config.json saved -> C:\Users\sharg\Desktop\github\DriftSentinel\outputs\artifacts\preprocessor_config.json
2026-08-04 18:23:51 | INFO     | preprocessor         | ======================================================================
2026-08-04 18:23:51 | INFO     | preprocessor         | fit_transform complete — shape: (63492, 42)
2026-08-04 18:23:51 | INFO     | preprocessor         | ======================================================================
2026-08-04 18:23:51 | INFO     | preprocessor         | ======================================================================
2026-08-04 18:23:51 | INFO     | preprocessor         | DriftSentinel — Preprocessor  [transform on VAL]
2026-08-04 18:23:51 | INFO     | preprocessor         | ======================================================================
2026-08-04 18:23:51 | INFO     | preprocessor         | Step 1: Dropped 9 columns
2026-08-04 18:23:51 | INFO     | preprocessor         | Step 2: Missingness flags applied
2026-08-04 18:23:51 | INFO     | preprocessor         | Step 3: ICD-9 chapter grouping applied
2026-08-04 18:23:51 | INFO     | preprocessor         | Step 4: Age ordinal encoding applied
2026-08-04 18:23:51 | INFO     | preprocessor         | Step 5: Medication encoding applied
2026-08-04 18:23:51 | INFO     | preprocessor         | Step 6: Imputation applied (train-fitted values)
2026-08-04 18:23:51 | WARNING  | preprocessor         |   medical_specialty: 2 unseen categories -> mapped to fallback 'AllergyandImmunology'
2026-08-04 18:23:51 | WARNING  | preprocessor         |   diag_1: 1 unseen categories -> mapped to fallback 'Blood'
2026-08-04 18:23:51 | INFO     | preprocessor         | Step 7: LabelEncoder applied (train-fitted)  unseen_total=3
2026-08-04 18:23:51 | INFO     | preprocessor         | Step 8: Log1p applied
2026-08-04 18:23:51 | INFO     | preprocessor         | Step 9: Target encoding applied
2026-08-04 18:23:51 | INFO     | preprocessor         | ======================================================================
2026-08-04 18:23:51 | INFO     | preprocessor         | transform complete [val] — shape: (20949, 42)
2026-08-04 18:23:51 | INFO     | preprocessor         | ======================================================================
2026-08-04 18:23:51 | INFO     | preprocessor         | ======================================================================
2026-08-04 18:23:51 | INFO     | preprocessor         | DriftSentinel — Preprocessor  [transform on TEST]
2026-08-04 18:23:51 | INFO     | preprocessor         | ======================================================================
2026-08-04 18:23:51 | INFO     | preprocessor         | Step 1: Dropped 9 columns
2026-08-04 18:23:51 | INFO     | preprocessor         | Step 2: Missingness flags applied
2026-08-04 18:23:51 | INFO     | preprocessor         | Step 3: ICD-9 chapter grouping applied
2026-08-04 18:23:51 | INFO     | preprocessor         | Step 4: Age ordinal encoding applied
2026-08-04 18:23:51 | INFO     | preprocessor         | Step 5: Medication encoding applied
2026-08-04 18:23:51 | INFO     | preprocessor         | Step 6: Imputation applied (train-fitted values)
2026-08-04 18:23:51 | WARNING  | preprocessor         |   payer_code: 1 unseen categories -> mapped to fallback 'BC'
2026-08-04 18:23:51 | WARNING  | preprocessor         |   medical_specialty: 16 unseen categories -> mapped to fallback 'AllergyandImmunology'
2026-08-04 18:23:51 | INFO     | preprocessor         | Step 7: LabelEncoder applied (train-fitted)  unseen_total=17
2026-08-04 18:23:51 | INFO     | preprocessor         | Step 8: Log1p applied
2026-08-04 18:23:51 | INFO     | preprocessor         | Step 9: Target encoding applied
2026-08-04 18:23:51 | INFO     | preprocessor         | ======================================================================
2026-08-04 18:23:51 | INFO     | preprocessor         | transform complete [test] — shape: (17325, 42)
2026-08-04 18:23:51 | INFO     | preprocessor         | ======================================================================
2026-08-04 18:24:50 | INFO     | preprocessor         | ===== RUN 20260804-182447-58fe82 | pid=23936 | started 2026-08-04 18:24:50 =====
2026-08-04 18:24:50 | INFO     | preprocessor         | ======================================================================
2026-08-04 18:24:50 | INFO     | preprocessor         | DriftSentinel — Preprocessor  [fit_transform on TRAIN]
2026-08-04 18:24:50 | INFO     | preprocessor         | ======================================================================
2026-08-04 18:24:50 | INFO     | preprocessor         | --------------------------------------------------
2026-08-04 18:24:50 | INFO     | preprocessor         | Step 1: Dropping zero-variance and ID columns
2026-08-04 18:24:50 | INFO     | preprocessor         | Dropped 9 columns: ['encounter_id', 'patient_nbr', 'examide', 'citoglipton', 'acetohexamide', 'troglitazone', 'metformin-rosiglitazone', 'metformin-pioglitazone', 'glimepiride-pioglitazone']
2026-08-04 18:24:50 | INFO     | preprocessor         | Remaining columns: 41
2026-08-04 18:24:50 | INFO     | preprocessor         | --------------------------------------------------
2026-08-04 18:24:50 | INFO     | preprocessor         | Step 2: Encoding missingness flags
2026-08-04 18:24:50 | INFO     | preprocessor         |   weight_missing                      flagged=61,370 (96.7%)
2026-08-04 18:24:50 | INFO     | preprocessor         |   Original column 'weight' dropped after flag creation
2026-08-04 18:24:50 | INFO     | preprocessor         |   max_glu_serum_missing               flagged=58,649 (92.4%)
2026-08-04 18:24:50 | INFO     | preprocessor         |   Original column 'max_glu_serum' dropped after flag creation
2026-08-04 18:24:50 | INFO     | preprocessor         |   A1Cresult_missing                   flagged=53,887 (84.9%)
2026-08-04 18:24:50 | INFO     | preprocessor         |   Original column 'A1Cresult' dropped after flag creation
2026-08-04 18:24:50 | INFO     | preprocessor         | --------------------------------------------------
2026-08-04 18:24:50 | INFO     | preprocessor         | Step 3: ICD-9 chapter grouping (diag_1 / diag_2 / diag_3)
2026-08-04 18:24:50 | INFO     | preprocessor         |   diag_1 -> 18 chapters
2026-08-04 18:24:50 | INFO     | preprocessor         |     Circulatory          : 19,608
2026-08-04 18:24:50 | INFO     | preprocessor         |     Endocrine            : 7,604
2026-08-04 18:24:50 | INFO     | preprocessor         |     Respiratory          : 6,140
2026-08-04 18:24:50 | INFO     | preprocessor         |     Digestive            : 5,665
2026-08-04 18:24:50 | INFO     | preprocessor         |     Symptoms             : 4,969
2026-08-04 18:24:50 | INFO     | preprocessor         |   diag_2 -> 19 chapters
2026-08-04 18:24:50 | INFO     | preprocessor         |     Circulatory          : 20,713
2026-08-04 18:24:50 | INFO     | preprocessor         |     Endocrine            : 13,953
2026-08-04 18:24:50 | INFO     | preprocessor         |     Respiratory          : 6,304
2026-08-04 18:24:50 | INFO     | preprocessor         |     Genitourinary        : 4,034
2026-08-04 18:24:50 | INFO     | preprocessor         |     Symptoms             : 2,775
2026-08-04 18:24:50 | INFO     | preprocessor         |   diag_3 -> 19 chapters
2026-08-04 18:24:50 | INFO     | preprocessor         |     Circulatory          : 18,893
2026-08-04 18:24:50 | INFO     | preprocessor         |     Endocrine            : 16,963
2026-08-04 18:24:50 | INFO     | preprocessor         |     Respiratory          : 4,234
2026-08-04 18:24:50 | INFO     | preprocessor         |     Genitourinary        : 3,532
2026-08-04 18:24:50 | INFO     | preprocessor         |     Symptoms             : 2,628
2026-08-04 18:24:50 | INFO     | preprocessor         | --------------------------------------------------
2026-08-04 18:24:50 | INFO     | preprocessor         | Step 4: Age ordinal encoding
2026-08-04 18:24:50 | INFO     | preprocessor         |   age: 10 bins -> ordinal [0-9]  unmapped=0
2026-08-04 18:24:50 | INFO     | preprocessor         | --------------------------------------------------
2026-08-04 18:24:50 | INFO     | preprocessor         | Step 5: Medication encoding
2026-08-04 18:24:50 | INFO     | preprocessor         |   metformin                           ordinal encoded [No=0,Steady=1,Up=2,Down=3]
2026-08-04 18:24:50 | INFO     | preprocessor         |   repaglinide                         ordinal encoded [No=0,Steady=1,Up=2,Down=3]
2026-08-04 18:24:50 | INFO     | preprocessor         |   nateglinide                         ordinal encoded [No=0,Steady=1,Up=2,Down=3]
2026-08-04 18:24:50 | INFO     | preprocessor         |   glimepiride                         ordinal encoded [No=0,Steady=1,Up=2,Down=3]
2026-08-04 18:24:50 | INFO     | preprocessor         |   glipizide                           ordinal encoded [No=0,Steady=1,Up=2,Down=3]
2026-08-04 18:24:50 | INFO     | preprocessor         |   glyburide                           ordinal encoded [No=0,Steady=1,Up=2,Down=3]
2026-08-04 18:24:50 | INFO     | preprocessor         |   pioglitazone                        ordinal encoded [No=0,Steady=1,Up=2,Down=3]
2026-08-04 18:24:50 | INFO     | preprocessor         |   rosiglitazone                       ordinal encoded [No=0,Steady=1,Up=2,Down=3]
2026-08-04 18:24:50 | INFO     | preprocessor         |   insulin                             ordinal encoded [No=0,Steady=1,Up=2,Down=3]
2026-08-04 18:24:50 | INFO     | preprocessor         |   chlorpropamide                      binary encoded  prescribed=71 (0.11%)
2026-08-04 18:24:50 | INFO     | preprocessor         |   tolbutamide                         binary encoded  prescribed=19 (0.03%)
2026-08-04 18:24:50 | INFO     | preprocessor         |   acarbose                            binary encoded  prescribed=202 (0.32%)
2026-08-04 18:24:50 | INFO     | preprocessor         |   miglitol                            binary encoded  prescribed=30 (0.05%)
2026-08-04 18:24:50 | INFO     | preprocessor         |   tolazamide                          binary encoded  prescribed=38 (0.06%)
2026-08-04 18:24:50 | INFO     | preprocessor         |   glyburide-metformin                 binary encoded  prescribed=306 (0.48%)
2026-08-04 18:24:50 | INFO     | preprocessor         |   glipizide-metformin                 binary encoded  prescribed=10 (0.02%)
2026-08-04 18:24:50 | INFO     | preprocessor         | --------------------------------------------------
2026-08-04 18:24:50 | INFO     | preprocessor         | Step 6: Categorical imputation (fit on train)
2026-08-04 18:24:50 | INFO     | preprocessor         |   race                      mode imputed with 'Caucasian'  (fitted on train)
2026-08-04 18:24:50 | INFO     | preprocessor         |   medical_specialty         filled with 'Unknown'
2026-08-04 18:24:50 | INFO     | preprocessor         |   payer_code                filled with 'Unknown'
2026-08-04 18:24:50 | INFO     | preprocessor         | --------------------------------------------------
2026-08-04 18:24:50 | INFO     | preprocessor         | Step 7: LabelEncoder (fit on train)
2026-08-04 18:24:50 | INFO     | preprocessor         |   race                      5 classes  (fitted on train)
2026-08-04 18:24:50 | INFO     | preprocessor         |   gender                    3 classes  (fitted on train)
2026-08-04 18:24:50 | INFO     | preprocessor         |   payer_code                17 classes  (fitted on train)
2026-08-04 18:24:50 | INFO     | preprocessor         |   medical_specialty         68 classes  (fitted on train)
2026-08-04 18:24:50 | INFO     | preprocessor         |   change                    2 classes  (fitted on train)
2026-08-04 18:24:50 | INFO     | preprocessor         |   diabetesMed               2 classes  (fitted on train)
2026-08-04 18:24:50 | INFO     | preprocessor         |   diag_1                    18 classes  (fitted on train)
2026-08-04 18:24:50 | INFO     | preprocessor         |   diag_2                    19 classes  (fitted on train)
2026-08-04 18:24:50 | INFO     | preprocessor         |   diag_3                    19 classes  (fitted on train)
2026-08-04 18:24:50 | INFO     | preprocessor         | --------------------------------------------------
2026-08-04 18:24:50 | INFO     | preprocessor         | Step 8: Log1p transformation
2026-08-04 18:24:50 | INFO     | preprocessor         |   number_outpatient         skew: 7.645 -> 2.962
2026-08-04 18:24:50 | INFO     | preprocessor         |   number_emergency          skew: 11.193 -> 3.786
2026-08-04 18:24:50 | INFO     | preprocessor         | --------------------------------------------------
2026-08-04 18:24:50 | INFO     | preprocessor         | Step 9: Target encoding
2026-08-04 18:24:50 | INFO     | preprocessor         |   readmitted_binary: {0: np.int64(55875), 1: np.int64(7617)}
2026-08-04 18:24:50 | INFO     | preprocessor         |   readmitted_multi : {0: np.int64(32398), 2: np.int64(23477), 1: np.int64(7617)}
2026-08-04 18:24:50 | INFO     | preprocessor         | --------------------------------------------------
2026-08-04 18:24:50 | INFO     | preprocessor         | Step 10: Saving fitted artifacts
2026-08-04 18:24:50 | INFO     | preprocessor         |   label_encoders.pkl saved -> C:\Users\sharg\Desktop\github\DriftSentinel\outputs\artifacts\label_encoders.pkl
2026-08-04 18:24:50 | INFO     | preprocessor         |   impute_modes.json saved -> C:\Users\sharg\Desktop\github\DriftSentinel\outputs\artifacts\impute_modes.json
2026-08-04 18:24:50 | INFO     | preprocessor         |   age_ordinal_map.json saved -> C:\Users\sharg\Desktop\github\DriftSentinel\outputs\artifacts\age_ordinal_map.json
2026-08-04 18:24:50 | INFO     | preprocessor         |   preprocessor_config.json saved -> C:\Users\sharg\Desktop\github\DriftSentinel\outputs\artifacts\preprocessor_config.json
2026-08-04 18:24:50 | INFO     | preprocessor         | ======================================================================
2026-08-04 18:24:50 | INFO     | preprocessor         | fit_transform complete — shape: (63492, 42)
2026-08-04 18:24:50 | INFO     | preprocessor         | ======================================================================
2026-08-04 18:24:50 | INFO     | preprocessor         | ======================================================================
2026-08-04 18:24:50 | INFO     | preprocessor         | DriftSentinel — Preprocessor  [transform on VAL]
2026-08-04 18:24:50 | INFO     | preprocessor         | ======================================================================
2026-08-04 18:24:50 | INFO     | preprocessor         | Step 1: Dropped 9 columns
2026-08-04 18:24:50 | INFO     | preprocessor         | Step 2: Missingness flags applied
2026-08-04 18:24:50 | INFO     | preprocessor         | Step 3: ICD-9 chapter grouping applied
2026-08-04 18:24:50 | INFO     | preprocessor         | Step 4: Age ordinal encoding applied
2026-08-04 18:24:50 | INFO     | preprocessor         | Step 5: Medication encoding applied
2026-08-04 18:24:50 | INFO     | preprocessor         | Step 6: Imputation applied (train-fitted values)
2026-08-04 18:24:50 | WARNING  | preprocessor         |   medical_specialty: 2 unseen categories -> mapped to fallback 'AllergyandImmunology'
2026-08-04 18:24:50 | WARNING  | preprocessor         |   diag_1: 1 unseen categories -> mapped to fallback 'Blood'
2026-08-04 18:24:50 | INFO     | preprocessor         | Step 7: LabelEncoder applied (train-fitted)  unseen_total=3
2026-08-04 18:24:50 | INFO     | preprocessor         | Step 8: Log1p applied
2026-08-04 18:24:50 | INFO     | preprocessor         | Step 9: Target encoding applied
2026-08-04 18:24:50 | INFO     | preprocessor         | ======================================================================
2026-08-04 18:24:50 | INFO     | preprocessor         | transform complete [val] — shape: (20949, 42)
2026-08-04 18:24:50 | INFO     | preprocessor         | ======================================================================
2026-08-04 18:24:50 | INFO     | preprocessor         | ======================================================================
2026-08-04 18:24:50 | INFO     | preprocessor         | DriftSentinel — Preprocessor  [transform on TEST]
2026-08-04 18:24:50 | INFO     | preprocessor         | ======================================================================
2026-08-04 18:24:50 | INFO     | preprocessor         | Step 1: Dropped 9 columns
2026-08-04 18:24:50 | INFO     | preprocessor         | Step 2: Missingness flags applied
2026-08-04 18:24:50 | INFO     | preprocessor         | Step 3: ICD-9 chapter grouping applied
2026-08-04 18:24:50 | INFO     | preprocessor         | Step 4: Age ordinal encoding applied
2026-08-04 18:24:50 | INFO     | preprocessor         | Step 5: Medication encoding applied
2026-08-04 18:24:50 | INFO     | preprocessor         | Step 6: Imputation applied (train-fitted values)
2026-08-04 18:24:50 | WARNING  | preprocessor         |   payer_code: 1 unseen categories -> mapped to fallback 'BC'
2026-08-04 18:24:50 | WARNING  | preprocessor         |   medical_specialty: 16 unseen categories -> mapped to fallback 'AllergyandImmunology'
2026-08-04 18:24:50 | INFO     | preprocessor         | Step 7: LabelEncoder applied (train-fitted)  unseen_total=17
2026-08-04 18:24:50 | INFO     | preprocessor         | Step 8: Log1p applied
2026-08-04 18:24:50 | INFO     | preprocessor         | Step 9: Target encoding applied
2026-08-04 18:24:50 | INFO     | preprocessor         | ======================================================================
2026-08-04 18:24:50 | INFO     | preprocessor         | transform complete [test] — shape: (17325, 42)
2026-08-04 18:24:50 | INFO     | preprocessor         | ======================================================================
2026-08-04 18:26:19 | INFO     | preprocessor         | ===== RUN 20260804-182616-767803 | pid=22596 | started 2026-08-04 18:26:19 =====
2026-08-04 18:26:19 | INFO     | preprocessor         | ======================================================================
2026-08-04 18:26:19 | INFO     | preprocessor         | DriftSentinel — Preprocessor  [fit_transform on TRAIN]
2026-08-04 18:26:19 | INFO     | preprocessor         | ======================================================================
2026-08-04 18:26:19 | INFO     | preprocessor         | --------------------------------------------------
2026-08-04 18:26:19 | INFO     | preprocessor         | Step 1: Dropping zero-variance and ID columns
2026-08-04 18:26:19 | INFO     | preprocessor         | Dropped 9 columns: ['encounter_id', 'patient_nbr', 'examide', 'citoglipton', 'acetohexamide', 'troglitazone', 'metformin-rosiglitazone', 'metformin-pioglitazone', 'glimepiride-pioglitazone']
2026-08-04 18:26:19 | INFO     | preprocessor         | Remaining columns: 41
2026-08-04 18:26:19 | INFO     | preprocessor         | --------------------------------------------------
2026-08-04 18:26:19 | INFO     | preprocessor         | Step 2: Encoding missingness flags
2026-08-04 18:26:19 | INFO     | preprocessor         |   weight_missing                      flagged=61,370 (96.7%)
2026-08-04 18:26:19 | INFO     | preprocessor         |   Original column 'weight' dropped after flag creation
2026-08-04 18:26:19 | INFO     | preprocessor         |   max_glu_serum_missing               flagged=58,649 (92.4%)
2026-08-04 18:26:19 | INFO     | preprocessor         |   Original column 'max_glu_serum' dropped after flag creation
2026-08-04 18:26:19 | INFO     | preprocessor         |   A1Cresult_missing                   flagged=53,887 (84.9%)
2026-08-04 18:26:19 | INFO     | preprocessor         |   Original column 'A1Cresult' dropped after flag creation
2026-08-04 18:26:19 | INFO     | preprocessor         | --------------------------------------------------
2026-08-04 18:26:19 | INFO     | preprocessor         | Step 3: ICD-9 chapter grouping (diag_1 / diag_2 / diag_3)
2026-08-04 18:26:19 | INFO     | preprocessor         |   diag_1 -> 18 chapters
2026-08-04 18:26:19 | INFO     | preprocessor         |     Circulatory          : 19,608
2026-08-04 18:26:19 | INFO     | preprocessor         |     Endocrine            : 7,604
2026-08-04 18:26:19 | INFO     | preprocessor         |     Respiratory          : 6,140
2026-08-04 18:26:19 | INFO     | preprocessor         |     Digestive            : 5,665
2026-08-04 18:26:19 | INFO     | preprocessor         |     Symptoms             : 4,969
2026-08-04 18:26:19 | INFO     | preprocessor         |   diag_2 -> 19 chapters
2026-08-04 18:26:19 | INFO     | preprocessor         |     Circulatory          : 20,713
2026-08-04 18:26:19 | INFO     | preprocessor         |     Endocrine            : 13,953
2026-08-04 18:26:19 | INFO     | preprocessor         |     Respiratory          : 6,304
2026-08-04 18:26:19 | INFO     | preprocessor         |     Genitourinary        : 4,034
2026-08-04 18:26:19 | INFO     | preprocessor         |     Symptoms             : 2,775
2026-08-04 18:26:19 | INFO     | preprocessor         |   diag_3 -> 19 chapters
2026-08-04 18:26:19 | INFO     | preprocessor         |     Circulatory          : 18,893
2026-08-04 18:26:19 | INFO     | preprocessor         |     Endocrine            : 16,963
2026-08-04 18:26:19 | INFO     | preprocessor         |     Respiratory          : 4,234
2026-08-04 18:26:19 | INFO     | preprocessor         |     Genitourinary        : 3,532
2026-08-04 18:26:19 | INFO     | preprocessor         |     Symptoms             : 2,628
2026-08-04 18:26:19 | INFO     | preprocessor         | --------------------------------------------------
2026-08-04 18:26:19 | INFO     | preprocessor         | Step 4: Age ordinal encoding
2026-08-04 18:26:19 | INFO     | preprocessor         |   age: 10 bins -> ordinal [0-9]  unmapped=0
2026-08-04 18:26:19 | INFO     | preprocessor         | --------------------------------------------------
2026-08-04 18:26:19 | INFO     | preprocessor         | Step 5: Medication encoding
2026-08-04 18:26:19 | INFO     | preprocessor         |   metformin                           ordinal encoded [No=0,Steady=1,Up=2,Down=3]
2026-08-04 18:26:19 | INFO     | preprocessor         |   repaglinide                         ordinal encoded [No=0,Steady=1,Up=2,Down=3]
2026-08-04 18:26:19 | INFO     | preprocessor         |   nateglinide                         ordinal encoded [No=0,Steady=1,Up=2,Down=3]
2026-08-04 18:26:19 | INFO     | preprocessor         |   glimepiride                         ordinal encoded [No=0,Steady=1,Up=2,Down=3]
2026-08-04 18:26:19 | INFO     | preprocessor         |   glipizide                           ordinal encoded [No=0,Steady=1,Up=2,Down=3]
2026-08-04 18:26:19 | INFO     | preprocessor         |   glyburide                           ordinal encoded [No=0,Steady=1,Up=2,Down=3]
2026-08-04 18:26:19 | INFO     | preprocessor         |   pioglitazone                        ordinal encoded [No=0,Steady=1,Up=2,Down=3]
2026-08-04 18:26:19 | INFO     | preprocessor         |   rosiglitazone                       ordinal encoded [No=0,Steady=1,Up=2,Down=3]
2026-08-04 18:26:19 | INFO     | preprocessor         |   insulin                             ordinal encoded [No=0,Steady=1,Up=2,Down=3]
2026-08-04 18:26:19 | INFO     | preprocessor         |   chlorpropamide                      binary encoded  prescribed=71 (0.11%)
2026-08-04 18:26:19 | INFO     | preprocessor         |   tolbutamide                         binary encoded  prescribed=19 (0.03%)
2026-08-04 18:26:19 | INFO     | preprocessor         |   acarbose                            binary encoded  prescribed=202 (0.32%)
2026-08-04 18:26:19 | INFO     | preprocessor         |   miglitol                            binary encoded  prescribed=30 (0.05%)
2026-08-04 18:26:19 | INFO     | preprocessor         |   tolazamide                          binary encoded  prescribed=38 (0.06%)
2026-08-04 18:26:19 | INFO     | preprocessor         |   glyburide-metformin                 binary encoded  prescribed=306 (0.48%)
2026-08-04 18:26:19 | INFO     | preprocessor         |   glipizide-metformin                 binary encoded  prescribed=10 (0.02%)
2026-08-04 18:26:19 | INFO     | preprocessor         | --------------------------------------------------
2026-08-04 18:26:19 | INFO     | preprocessor         | Step 6: Categorical imputation (fit on train)
2026-08-04 18:26:19 | INFO     | preprocessor         |   race                      mode imputed with 'Caucasian'  (fitted on train)
2026-08-04 18:26:19 | INFO     | preprocessor         |   medical_specialty         filled with 'Unknown'
2026-08-04 18:26:19 | INFO     | preprocessor         |   payer_code                filled with 'Unknown'
2026-08-04 18:26:19 | INFO     | preprocessor         | --------------------------------------------------
2026-08-04 18:26:19 | INFO     | preprocessor         | Step 7: LabelEncoder (fit on train)
2026-08-04 18:26:19 | INFO     | preprocessor         |   race                      5 classes  (fitted on train)
2026-08-04 18:26:19 | INFO     | preprocessor         |   gender                    3 classes  (fitted on train)
2026-08-04 18:26:19 | INFO     | preprocessor         |   payer_code                17 classes  (fitted on train)
2026-08-04 18:26:19 | INFO     | preprocessor         |   medical_specialty         68 classes  (fitted on train)
2026-08-04 18:26:19 | INFO     | preprocessor         |   change                    2 classes  (fitted on train)
2026-08-04 18:26:19 | INFO     | preprocessor         |   diabetesMed               2 classes  (fitted on train)
2026-08-04 18:26:19 | INFO     | preprocessor         |   diag_1                    18 classes  (fitted on train)
2026-08-04 18:26:19 | INFO     | preprocessor         |   diag_2                    19 classes  (fitted on train)
2026-08-04 18:26:19 | INFO     | preprocessor         |   diag_3                    19 classes  (fitted on train)
2026-08-04 18:26:19 | INFO     | preprocessor         | --------------------------------------------------
2026-08-04 18:26:19 | INFO     | preprocessor         | Step 8: Log1p transformation
2026-08-04 18:26:19 | INFO     | preprocessor         |   number_outpatient         skew: 7.645 -> 2.962
2026-08-04 18:26:19 | INFO     | preprocessor         |   number_emergency          skew: 11.193 -> 3.786
2026-08-04 18:26:19 | INFO     | preprocessor         | --------------------------------------------------
2026-08-04 18:26:19 | INFO     | preprocessor         | Step 9: Target encoding
2026-08-04 18:26:19 | INFO     | preprocessor         |   readmitted_binary: {0: np.int64(55875), 1: np.int64(7617)}
2026-08-04 18:26:19 | INFO     | preprocessor         |   readmitted_multi : {0: np.int64(32398), 2: np.int64(23477), 1: np.int64(7617)}
2026-08-04 18:26:19 | INFO     | preprocessor         | --------------------------------------------------
2026-08-04 18:26:19 | INFO     | preprocessor         | Step 10: Saving fitted artifacts
2026-08-04 18:26:19 | INFO     | preprocessor         |   label_encoders.pkl saved -> C:\Users\sharg\Desktop\github\DriftSentinel\outputs\artifacts\label_encoders.pkl
2026-08-04 18:26:19 | INFO     | preprocessor         |   impute_modes.json saved -> C:\Users\sharg\Desktop\github\DriftSentinel\outputs\artifacts\impute_modes.json
2026-08-04 18:26:19 | INFO     | preprocessor         |   age_ordinal_map.json saved -> C:\Users\sharg\Desktop\github\DriftSentinel\outputs\artifacts\age_ordinal_map.json
2026-08-04 18:26:19 | INFO     | preprocessor         |   preprocessor_config.json saved -> C:\Users\sharg\Desktop\github\DriftSentinel\outputs\artifacts\preprocessor_config.json
2026-08-04 18:26:19 | INFO     | preprocessor         | ======================================================================
2026-08-04 18:26:19 | INFO     | preprocessor         | fit_transform complete — shape: (63492, 42)
2026-08-04 18:26:19 | INFO     | preprocessor         | ======================================================================
2026-08-04 18:26:19 | INFO     | preprocessor         | ======================================================================
2026-08-04 18:26:19 | INFO     | preprocessor         | DriftSentinel — Preprocessor  [transform on VAL]
2026-08-04 18:26:19 | INFO     | preprocessor         | ======================================================================
2026-08-04 18:26:19 | INFO     | preprocessor         | Step 1: Dropped 9 columns
2026-08-04 18:26:19 | INFO     | preprocessor         | Step 2: Missingness flags applied
2026-08-04 18:26:19 | INFO     | preprocessor         | Step 3: ICD-9 chapter grouping applied
2026-08-04 18:26:19 | INFO     | preprocessor         | Step 4: Age ordinal encoding applied
2026-08-04 18:26:19 | INFO     | preprocessor         | Step 5: Medication encoding applied
2026-08-04 18:26:19 | INFO     | preprocessor         | Step 6: Imputation applied (train-fitted values)
2026-08-04 18:26:19 | WARNING  | preprocessor         |   medical_specialty: 2 unseen categories -> mapped to fallback 'AllergyandImmunology'
2026-08-04 18:26:19 | WARNING  | preprocessor         |   diag_1: 1 unseen categories -> mapped to fallback 'Blood'
2026-08-04 18:26:19 | INFO     | preprocessor         | Step 7: LabelEncoder applied (train-fitted)  unseen_total=3
2026-08-04 18:26:19 | INFO     | preprocessor         | Step 8: Log1p applied
2026-08-04 18:26:19 | INFO     | preprocessor         | Step 9: Target encoding applied
2026-08-04 18:26:19 | INFO     | preprocessor         | ======================================================================
2026-08-04 18:26:19 | INFO     | preprocessor         | transform complete [val] — shape: (20949, 42)
2026-08-04 18:26:19 | INFO     | preprocessor         | ======================================================================
2026-08-04 18:26:19 | INFO     | preprocessor         | ======================================================================
2026-08-04 18:26:19 | INFO     | preprocessor         | DriftSentinel — Preprocessor  [transform on TEST]
2026-08-04 18:26:19 | INFO     | preprocessor         | ======================================================================
2026-08-04 18:26:19 | INFO     | preprocessor         | Step 1: Dropped 9 columns
2026-08-04 18:26:19 | INFO     | preprocessor         | Step 2: Missingness flags applied
2026-08-04 18:26:19 | INFO     | preprocessor         | Step 3: ICD-9 chapter grouping applied
2026-08-04 18:26:19 | INFO     | preprocessor         | Step 4: Age ordinal encoding applied
2026-08-04 18:26:19 | INFO     | preprocessor         | Step 5: Medication encoding applied
2026-08-04 18:26:19 | INFO     | preprocessor         | Step 6: Imputation applied (train-fitted values)
2026-08-04 18:26:19 | WARNING  | preprocessor         |   payer_code: 1 unseen categories -> mapped to fallback 'BC'
2026-08-04 18:26:19 | WARNING  | preprocessor         |   medical_specialty: 16 unseen categories -> mapped to fallback 'AllergyandImmunology'
2026-08-04 18:26:19 | INFO     | preprocessor         | Step 7: LabelEncoder applied (train-fitted)  unseen_total=17
2026-08-04 18:26:19 | INFO     | preprocessor         | Step 8: Log1p applied
2026-08-04 18:26:19 | INFO     | preprocessor         | Step 9: Target encoding applied
2026-08-04 18:26:19 | INFO     | preprocessor         | ======================================================================
2026-08-04 18:26:19 | INFO     | preprocessor         | transform complete [test] — shape: (17325, 42)
2026-08-04 18:26:19 | INFO     | preprocessor         | ======================================================================
2026-08-04 18:27:54 | INFO     | preprocessor         | ===== RUN 20260804-182750-7cb05f | pid=31812 | started 2026-08-04 18:27:54 =====
2026-08-04 18:27:54 | INFO     | preprocessor         | ======================================================================
2026-08-04 18:27:54 | INFO     | preprocessor         | DriftSentinel — Preprocessor  [fit_transform on TRAIN]
2026-08-04 18:27:54 | INFO     | preprocessor         | ======================================================================
2026-08-04 18:27:54 | INFO     | preprocessor         | --------------------------------------------------
2026-08-04 18:27:54 | INFO     | preprocessor         | Step 1: Dropping zero-variance and ID columns
2026-08-04 18:27:54 | INFO     | preprocessor         | Dropped 9 columns: ['encounter_id', 'patient_nbr', 'examide', 'citoglipton', 'acetohexamide', 'troglitazone', 'metformin-rosiglitazone', 'metformin-pioglitazone', 'glimepiride-pioglitazone']
2026-08-04 18:27:54 | INFO     | preprocessor         | Remaining columns: 41
2026-08-04 18:27:54 | INFO     | preprocessor         | --------------------------------------------------
2026-08-04 18:27:54 | INFO     | preprocessor         | Step 2: Encoding missingness flags
2026-08-04 18:27:54 | INFO     | preprocessor         |   weight_missing                      flagged=61,370 (96.7%)
2026-08-04 18:27:54 | INFO     | preprocessor         |   Original column 'weight' dropped after flag creation
2026-08-04 18:27:54 | INFO     | preprocessor         |   max_glu_serum_missing               flagged=58,649 (92.4%)
2026-08-04 18:27:54 | INFO     | preprocessor         |   Original column 'max_glu_serum' dropped after flag creation
2026-08-04 18:27:54 | INFO     | preprocessor         |   A1Cresult_missing                   flagged=53,887 (84.9%)
2026-08-04 18:27:54 | INFO     | preprocessor         |   Original column 'A1Cresult' dropped after flag creation
2026-08-04 18:27:54 | INFO     | preprocessor         | --------------------------------------------------
2026-08-04 18:27:54 | INFO     | preprocessor         | Step 3: ICD-9 chapter grouping (diag_1 / diag_2 / diag_3)
2026-08-04 18:27:54 | INFO     | preprocessor         |   diag_1 -> 18 chapters
2026-08-04 18:27:54 | INFO     | preprocessor         |     Circulatory          : 19,608
2026-08-04 18:27:54 | INFO     | preprocessor         |     Endocrine            : 7,604
2026-08-04 18:27:54 | INFO     | preprocessor         |     Respiratory          : 6,140
2026-08-04 18:27:54 | INFO     | preprocessor         |     Digestive            : 5,665
2026-08-04 18:27:54 | INFO     | preprocessor         |     Symptoms             : 4,969
2026-08-04 18:27:54 | INFO     | preprocessor         |   diag_2 -> 19 chapters
2026-08-04 18:27:54 | INFO     | preprocessor         |     Circulatory          : 20,713
2026-08-04 18:27:54 | INFO     | preprocessor         |     Endocrine            : 13,953
2026-08-04 18:27:54 | INFO     | preprocessor         |     Respiratory          : 6,304
2026-08-04 18:27:54 | INFO     | preprocessor         |     Genitourinary        : 4,034
2026-08-04 18:27:54 | INFO     | preprocessor         |     Symptoms             : 2,775
2026-08-04 18:27:54 | INFO     | preprocessor         |   diag_3 -> 19 chapters
2026-08-04 18:27:54 | INFO     | preprocessor         |     Circulatory          : 18,893
2026-08-04 18:27:54 | INFO     | preprocessor         |     Endocrine            : 16,963
2026-08-04 18:27:54 | INFO     | preprocessor         |     Respiratory          : 4,234
2026-08-04 18:27:54 | INFO     | preprocessor         |     Genitourinary        : 3,532
2026-08-04 18:27:54 | INFO     | preprocessor         |     Symptoms             : 2,628
2026-08-04 18:27:54 | INFO     | preprocessor         | --------------------------------------------------
2026-08-04 18:27:54 | INFO     | preprocessor         | Step 4: Age ordinal encoding
2026-08-04 18:27:54 | INFO     | preprocessor         |   age: 10 bins -> ordinal [0-9]  unmapped=0
2026-08-04 18:27:54 | INFO     | preprocessor         | --------------------------------------------------
2026-08-04 18:27:54 | INFO     | preprocessor         | Step 5: Medication encoding
2026-08-04 18:27:54 | INFO     | preprocessor         |   metformin                           ordinal encoded [No=0,Steady=1,Up=2,Down=3]
2026-08-04 18:27:54 | INFO     | preprocessor         |   repaglinide                         ordinal encoded [No=0,Steady=1,Up=2,Down=3]
2026-08-04 18:27:54 | INFO     | preprocessor         |   nateglinide                         ordinal encoded [No=0,Steady=1,Up=2,Down=3]
2026-08-04 18:27:54 | INFO     | preprocessor         |   glimepiride                         ordinal encoded [No=0,Steady=1,Up=2,Down=3]
2026-08-04 18:27:54 | INFO     | preprocessor         |   glipizide                           ordinal encoded [No=0,Steady=1,Up=2,Down=3]
2026-08-04 18:27:54 | INFO     | preprocessor         |   glyburide                           ordinal encoded [No=0,Steady=1,Up=2,Down=3]
2026-08-04 18:27:54 | INFO     | preprocessor         |   pioglitazone                        ordinal encoded [No=0,Steady=1,Up=2,Down=3]
2026-08-04 18:27:54 | INFO     | preprocessor         |   rosiglitazone                       ordinal encoded [No=0,Steady=1,Up=2,Down=3]
2026-08-04 18:27:54 | INFO     | preprocessor         |   insulin                             ordinal encoded [No=0,Steady=1,Up=2,Down=3]
2026-08-04 18:27:54 | INFO     | preprocessor         |   chlorpropamide                      binary encoded  prescribed=71 (0.11%)
2026-08-04 18:27:54 | INFO     | preprocessor         |   tolbutamide                         binary encoded  prescribed=19 (0.03%)
2026-08-04 18:27:54 | INFO     | preprocessor         |   acarbose                            binary encoded  prescribed=202 (0.32%)
2026-08-04 18:27:54 | INFO     | preprocessor         |   miglitol                            binary encoded  prescribed=30 (0.05%)
2026-08-04 18:27:54 | INFO     | preprocessor         |   tolazamide                          binary encoded  prescribed=38 (0.06%)
2026-08-04 18:27:54 | INFO     | preprocessor         |   glyburide-metformin                 binary encoded  prescribed=306 (0.48%)
2026-08-04 18:27:54 | INFO     | preprocessor         |   glipizide-metformin                 binary encoded  prescribed=10 (0.02%)
2026-08-04 18:27:54 | INFO     | preprocessor         | --------------------------------------------------
2026-08-04 18:27:54 | INFO     | preprocessor         | Step 6: Categorical imputation (fit on train)
2026-08-04 18:27:54 | INFO     | preprocessor         |   race                      mode imputed with 'Caucasian'  (fitted on train)
2026-08-04 18:27:54 | INFO     | preprocessor         |   medical_specialty         filled with 'Unknown'
2026-08-04 18:27:54 | INFO     | preprocessor         |   payer_code                filled with 'Unknown'
2026-08-04 18:27:54 | INFO     | preprocessor         | --------------------------------------------------
2026-08-04 18:27:54 | INFO     | preprocessor         | Step 7: LabelEncoder (fit on train)
2026-08-04 18:27:54 | INFO     | preprocessor         |   race                      5 classes  (fitted on train)
2026-08-04 18:27:54 | INFO     | preprocessor         |   gender                    3 classes  (fitted on train)
2026-08-04 18:27:54 | INFO     | preprocessor         |   payer_code                17 classes  (fitted on train)
2026-08-04 18:27:54 | INFO     | preprocessor         |   medical_specialty         68 classes  (fitted on train)
2026-08-04 18:27:54 | INFO     | preprocessor         |   change                    2 classes  (fitted on train)
2026-08-04 18:27:54 | INFO     | preprocessor         |   diabetesMed               2 classes  (fitted on train)
2026-08-04 18:27:54 | INFO     | preprocessor         |   diag_1                    18 classes  (fitted on train)
2026-08-04 18:27:54 | INFO     | preprocessor         |   diag_2                    19 classes  (fitted on train)
2026-08-04 18:27:54 | INFO     | preprocessor         |   diag_3                    19 classes  (fitted on train)
2026-08-04 18:27:54 | INFO     | preprocessor         | --------------------------------------------------
2026-08-04 18:27:54 | INFO     | preprocessor         | Step 8: Log1p transformation
2026-08-04 18:27:54 | INFO     | preprocessor         |   number_outpatient         skew: 7.645 -> 2.962
2026-08-04 18:27:54 | INFO     | preprocessor         |   number_emergency          skew: 11.193 -> 3.786
2026-08-04 18:27:54 | INFO     | preprocessor         | --------------------------------------------------
2026-08-04 18:27:54 | INFO     | preprocessor         | Step 9: Target encoding
2026-08-04 18:27:54 | INFO     | preprocessor         |   readmitted_binary: {0: np.int64(55875), 1: np.int64(7617)}
2026-08-04 18:27:54 | INFO     | preprocessor         |   readmitted_multi : {0: np.int64(32398), 2: np.int64(23477), 1: np.int64(7617)}
2026-08-04 18:27:54 | INFO     | preprocessor         | --------------------------------------------------
2026-08-04 18:27:54 | INFO     | preprocessor         | Step 10: Saving fitted artifacts
2026-08-04 18:27:54 | INFO     | preprocessor         |   label_encoders.pkl saved -> C:\Users\sharg\Desktop\github\DriftSentinel\outputs\artifacts\label_encoders.pkl
2026-08-04 18:27:54 | INFO     | preprocessor         |   impute_modes.json saved -> C:\Users\sharg\Desktop\github\DriftSentinel\outputs\artifacts\impute_modes.json
2026-08-04 18:27:54 | INFO     | preprocessor         |   age_ordinal_map.json saved -> C:\Users\sharg\Desktop\github\DriftSentinel\outputs\artifacts\age_ordinal_map.json
2026-08-04 18:27:54 | INFO     | preprocessor         |   preprocessor_config.json saved -> C:\Users\sharg\Desktop\github\DriftSentinel\outputs\artifacts\preprocessor_config.json
2026-08-04 18:27:54 | INFO     | preprocessor         | ======================================================================
2026-08-04 18:27:54 | INFO     | preprocessor         | fit_transform complete — shape: (63492, 42)
2026-08-04 18:27:54 | INFO     | preprocessor         | ======================================================================
2026-08-04 18:27:54 | INFO     | preprocessor         | ======================================================================
2026-08-04 18:27:54 | INFO     | preprocessor         | DriftSentinel — Preprocessor  [transform on VAL]
2026-08-04 18:27:54 | INFO     | preprocessor         | ======================================================================
2026-08-04 18:27:54 | INFO     | preprocessor         | Step 1: Dropped 9 columns
2026-08-04 18:27:54 | INFO     | preprocessor         | Step 2: Missingness flags applied
2026-08-04 18:27:54 | INFO     | preprocessor         | Step 3: ICD-9 chapter grouping applied
2026-08-04 18:27:54 | INFO     | preprocessor         | Step 4: Age ordinal encoding applied
2026-08-04 18:27:54 | INFO     | preprocessor         | Step 5: Medication encoding applied
2026-08-04 18:27:54 | INFO     | preprocessor         | Step 6: Imputation applied (train-fitted values)
2026-08-04 18:27:54 | WARNING  | preprocessor         |   medical_specialty: 2 unseen categories -> mapped to fallback 'AllergyandImmunology'
2026-08-04 18:27:54 | WARNING  | preprocessor         |   diag_1: 1 unseen categories -> mapped to fallback 'Blood'
2026-08-04 18:27:54 | INFO     | preprocessor         | Step 7: LabelEncoder applied (train-fitted)  unseen_total=3
2026-08-04 18:27:54 | INFO     | preprocessor         | Step 8: Log1p applied
2026-08-04 18:27:54 | INFO     | preprocessor         | Step 9: Target encoding applied
2026-08-04 18:27:54 | INFO     | preprocessor         | ======================================================================
2026-08-04 18:27:54 | INFO     | preprocessor         | transform complete [val] — shape: (20949, 42)
2026-08-04 18:27:54 | INFO     | preprocessor         | ======================================================================
2026-08-04 18:27:54 | INFO     | preprocessor         | ======================================================================
2026-08-04 18:27:54 | INFO     | preprocessor         | DriftSentinel — Preprocessor  [transform on TEST]
2026-08-04 18:27:54 | INFO     | preprocessor         | ======================================================================
2026-08-04 18:27:54 | INFO     | preprocessor         | Step 1: Dropped 9 columns
2026-08-04 18:27:54 | INFO     | preprocessor         | Step 2: Missingness flags applied
2026-08-04 18:27:54 | INFO     | preprocessor         | Step 3: ICD-9 chapter grouping applied
2026-08-04 18:27:54 | INFO     | preprocessor         | Step 4: Age ordinal encoding applied
2026-08-04 18:27:54 | INFO     | preprocessor         | Step 5: Medication encoding applied
2026-08-04 18:27:54 | INFO     | preprocessor         | Step 6: Imputation applied (train-fitted values)
2026-08-04 18:27:54 | WARNING  | preprocessor         |   payer_code: 1 unseen categories -> mapped to fallback 'BC'
2026-08-04 18:27:54 | WARNING  | preprocessor         |   medical_specialty: 16 unseen categories -> mapped to fallback 'AllergyandImmunology'
2026-08-04 18:27:54 | INFO     | preprocessor         | Step 7: LabelEncoder applied (train-fitted)  unseen_total=17
2026-08-04 18:27:54 | INFO     | preprocessor         | Step 8: Log1p applied
2026-08-04 18:27:54 | INFO     | preprocessor         | Step 9: Target encoding applied
2026-08-04 18:27:54 | INFO     | preprocessor         | ======================================================================
2026-08-04 18:27:54 | INFO     | preprocessor         | transform complete [test] — shape: (17325, 42)
2026-08-04 18:27:54 | INFO     | preprocessor         | ======================================================================
2026-08-04 18:30:19 | INFO     | preprocessor         | ===== RUN 20260804-183015-40a5e4 | pid=7752 | started 2026-08-04 18:30:19 =====
2026-08-04 18:30:19 | INFO     | preprocessor         | ======================================================================
2026-08-04 18:30:19 | INFO     | preprocessor         | DriftSentinel — Preprocessor  [fit_transform on TRAIN]
2026-08-04 18:30:19 | INFO     | preprocessor         | ======================================================================
2026-08-04 18:30:19 | INFO     | preprocessor         | --------------------------------------------------
2026-08-04 18:30:19 | INFO     | preprocessor         | Step 1: Dropping zero-variance and ID columns
2026-08-04 18:30:19 | INFO     | preprocessor         | Dropped 9 columns: ['encounter_id', 'patient_nbr', 'examide', 'citoglipton', 'acetohexamide', 'troglitazone', 'metformin-rosiglitazone', 'metformin-pioglitazone', 'glimepiride-pioglitazone']
2026-08-04 18:30:19 | INFO     | preprocessor         | Remaining columns: 41
2026-08-04 18:30:19 | INFO     | preprocessor         | --------------------------------------------------
2026-08-04 18:30:19 | INFO     | preprocessor         | Step 2: Encoding missingness flags
2026-08-04 18:30:19 | INFO     | preprocessor         |   weight_missing                      flagged=61,370 (96.7%)
2026-08-04 18:30:19 | INFO     | preprocessor         |   Original column 'weight' dropped after flag creation
2026-08-04 18:30:19 | INFO     | preprocessor         |   max_glu_serum_missing               flagged=58,649 (92.4%)
2026-08-04 18:30:19 | INFO     | preprocessor         |   Original column 'max_glu_serum' dropped after flag creation
2026-08-04 18:30:19 | INFO     | preprocessor         |   A1Cresult_missing                   flagged=53,887 (84.9%)
2026-08-04 18:30:19 | INFO     | preprocessor         |   Original column 'A1Cresult' dropped after flag creation
2026-08-04 18:30:19 | INFO     | preprocessor         | --------------------------------------------------
2026-08-04 18:30:19 | INFO     | preprocessor         | Step 3: ICD-9 chapter grouping (diag_1 / diag_2 / diag_3)
2026-08-04 18:30:19 | INFO     | preprocessor         |   diag_1 -> 18 chapters
2026-08-04 18:30:19 | INFO     | preprocessor         |     Circulatory          : 19,608
2026-08-04 18:30:19 | INFO     | preprocessor         |     Endocrine            : 7,604
2026-08-04 18:30:19 | INFO     | preprocessor         |     Respiratory          : 6,140
2026-08-04 18:30:19 | INFO     | preprocessor         |     Digestive            : 5,665
2026-08-04 18:30:19 | INFO     | preprocessor         |     Symptoms             : 4,969
2026-08-04 18:30:19 | INFO     | preprocessor         |   diag_2 -> 19 chapters
2026-08-04 18:30:19 | INFO     | preprocessor         |     Circulatory          : 20,713
2026-08-04 18:30:19 | INFO     | preprocessor         |     Endocrine            : 13,953
2026-08-04 18:30:19 | INFO     | preprocessor         |     Respiratory          : 6,304
2026-08-04 18:30:19 | INFO     | preprocessor         |     Genitourinary        : 4,034
2026-08-04 18:30:19 | INFO     | preprocessor         |     Symptoms             : 2,775
2026-08-04 18:30:19 | INFO     | preprocessor         |   diag_3 -> 19 chapters
2026-08-04 18:30:19 | INFO     | preprocessor         |     Circulatory          : 18,893
2026-08-04 18:30:19 | INFO     | preprocessor         |     Endocrine            : 16,963
2026-08-04 18:30:19 | INFO     | preprocessor         |     Respiratory          : 4,234
2026-08-04 18:30:19 | INFO     | preprocessor         |     Genitourinary        : 3,532
2026-08-04 18:30:19 | INFO     | preprocessor         |     Symptoms             : 2,628
2026-08-04 18:30:19 | INFO     | preprocessor         | --------------------------------------------------
2026-08-04 18:30:19 | INFO     | preprocessor         | Step 4: Age ordinal encoding
2026-08-04 18:30:19 | INFO     | preprocessor         |   age: 10 bins -> ordinal [0-9]  unmapped=0
2026-08-04 18:30:19 | INFO     | preprocessor         | --------------------------------------------------
2026-08-04 18:30:19 | INFO     | preprocessor         | Step 5: Medication encoding
2026-08-04 18:30:19 | INFO     | preprocessor         |   metformin                           ordinal encoded [No=0,Steady=1,Up=2,Down=3]
2026-08-04 18:30:19 | INFO     | preprocessor         |   repaglinide                         ordinal encoded [No=0,Steady=1,Up=2,Down=3]
2026-08-04 18:30:19 | INFO     | preprocessor         |   nateglinide                         ordinal encoded [No=0,Steady=1,Up=2,Down=3]
2026-08-04 18:30:19 | INFO     | preprocessor         |   glimepiride                         ordinal encoded [No=0,Steady=1,Up=2,Down=3]
2026-08-04 18:30:19 | INFO     | preprocessor         |   glipizide                           ordinal encoded [No=0,Steady=1,Up=2,Down=3]
2026-08-04 18:30:19 | INFO     | preprocessor         |   glyburide                           ordinal encoded [No=0,Steady=1,Up=2,Down=3]
2026-08-04 18:30:19 | INFO     | preprocessor         |   pioglitazone                        ordinal encoded [No=0,Steady=1,Up=2,Down=3]
2026-08-04 18:30:19 | INFO     | preprocessor         |   rosiglitazone                       ordinal encoded [No=0,Steady=1,Up=2,Down=3]
2026-08-04 18:30:19 | INFO     | preprocessor         |   insulin                             ordinal encoded [No=0,Steady=1,Up=2,Down=3]
2026-08-04 18:30:19 | INFO     | preprocessor         |   chlorpropamide                      binary encoded  prescribed=71 (0.11%)
2026-08-04 18:30:19 | INFO     | preprocessor         |   tolbutamide                         binary encoded  prescribed=19 (0.03%)
2026-08-04 18:30:19 | INFO     | preprocessor         |   acarbose                            binary encoded  prescribed=202 (0.32%)
2026-08-04 18:30:19 | INFO     | preprocessor         |   miglitol                            binary encoded  prescribed=30 (0.05%)
2026-08-04 18:30:19 | INFO     | preprocessor         |   tolazamide                          binary encoded  prescribed=38 (0.06%)
2026-08-04 18:30:19 | INFO     | preprocessor         |   glyburide-metformin                 binary encoded  prescribed=306 (0.48%)
2026-08-04 18:30:19 | INFO     | preprocessor         |   glipizide-metformin                 binary encoded  prescribed=10 (0.02%)
2026-08-04 18:30:19 | INFO     | preprocessor         | --------------------------------------------------
2026-08-04 18:30:19 | INFO     | preprocessor         | Step 6: Categorical imputation (fit on train)
2026-08-04 18:30:19 | INFO     | preprocessor         |   race                      mode imputed with 'Caucasian'  (fitted on train)
2026-08-04 18:30:19 | INFO     | preprocessor         |   medical_specialty         filled with 'Unknown'
2026-08-04 18:30:19 | INFO     | preprocessor         |   payer_code                filled with 'Unknown'
2026-08-04 18:30:19 | INFO     | preprocessor         | --------------------------------------------------
2026-08-04 18:30:19 | INFO     | preprocessor         | Step 7: LabelEncoder (fit on train)
2026-08-04 18:30:19 | INFO     | preprocessor         |   race                      5 classes  (fitted on train)
2026-08-04 18:30:19 | INFO     | preprocessor         |   gender                    3 classes  (fitted on train)
2026-08-04 18:30:19 | INFO     | preprocessor         |   payer_code                17 classes  (fitted on train)
2026-08-04 18:30:19 | INFO     | preprocessor         |   medical_specialty         68 classes  (fitted on train)
2026-08-04 18:30:19 | INFO     | preprocessor         |   change                    2 classes  (fitted on train)
2026-08-04 18:30:19 | INFO     | preprocessor         |   diabetesMed               2 classes  (fitted on train)
2026-08-04 18:30:19 | INFO     | preprocessor         |   diag_1                    18 classes  (fitted on train)
2026-08-04 18:30:19 | INFO     | preprocessor         |   diag_2                    19 classes  (fitted on train)
2026-08-04 18:30:19 | INFO     | preprocessor         |   diag_3                    19 classes  (fitted on train)
2026-08-04 18:30:19 | INFO     | preprocessor         | --------------------------------------------------
2026-08-04 18:30:19 | INFO     | preprocessor         | Step 8: Log1p transformation
2026-08-04 18:30:19 | INFO     | preprocessor         |   number_outpatient         skew: 7.645 -> 2.962
2026-08-04 18:30:19 | INFO     | preprocessor         |   number_emergency          skew: 11.193 -> 3.786
2026-08-04 18:30:19 | INFO     | preprocessor         | --------------------------------------------------
2026-08-04 18:30:19 | INFO     | preprocessor         | Step 9: Target encoding
2026-08-04 18:30:19 | INFO     | preprocessor         |   readmitted_binary: {0: np.int64(55875), 1: np.int64(7617)}
2026-08-04 18:30:19 | INFO     | preprocessor         |   readmitted_multi : {0: np.int64(32398), 2: np.int64(23477), 1: np.int64(7617)}
2026-08-04 18:30:19 | INFO     | preprocessor         | --------------------------------------------------
2026-08-04 18:30:19 | INFO     | preprocessor         | Step 10: Saving fitted artifacts
2026-08-04 18:30:19 | INFO     | preprocessor         |   label_encoders.pkl saved -> C:\Users\sharg\Desktop\github\DriftSentinel\outputs\artifacts\label_encoders.pkl
2026-08-04 18:30:19 | INFO     | preprocessor         |   impute_modes.json saved -> C:\Users\sharg\Desktop\github\DriftSentinel\outputs\artifacts\impute_modes.json
2026-08-04 18:30:19 | INFO     | preprocessor         |   age_ordinal_map.json saved -> C:\Users\sharg\Desktop\github\DriftSentinel\outputs\artifacts\age_ordinal_map.json
2026-08-04 18:30:19 | INFO     | preprocessor         |   preprocessor_config.json saved -> C:\Users\sharg\Desktop\github\DriftSentinel\outputs\artifacts\preprocessor_config.json
2026-08-04 18:30:19 | INFO     | preprocessor         | ======================================================================
2026-08-04 18:30:19 | INFO     | preprocessor         | fit_transform complete — shape: (63492, 42)
2026-08-04 18:30:19 | INFO     | preprocessor         | ======================================================================
2026-08-04 18:30:19 | INFO     | preprocessor         | ======================================================================
2026-08-04 18:30:19 | INFO     | preprocessor         | DriftSentinel — Preprocessor  [transform on VAL]
2026-08-04 18:30:19 | INFO     | preprocessor         | ======================================================================
2026-08-04 18:30:19 | INFO     | preprocessor         | Step 1: Dropped 9 columns
2026-08-04 18:30:19 | INFO     | preprocessor         | Step 2: Missingness flags applied
2026-08-04 18:30:20 | INFO     | preprocessor         | Step 3: ICD-9 chapter grouping applied
2026-08-04 18:30:20 | INFO     | preprocessor         | Step 4: Age ordinal encoding applied
2026-08-04 18:30:20 | INFO     | preprocessor         | Step 5: Medication encoding applied
2026-08-04 18:30:20 | INFO     | preprocessor         | Step 6: Imputation applied (train-fitted values)
2026-08-04 18:30:20 | WARNING  | preprocessor         |   medical_specialty: 2 unseen categories -> mapped to fallback 'AllergyandImmunology'
2026-08-04 18:30:20 | WARNING  | preprocessor         |   diag_1: 1 unseen categories -> mapped to fallback 'Blood'
2026-08-04 18:30:20 | INFO     | preprocessor         | Step 7: LabelEncoder applied (train-fitted)  unseen_total=3
2026-08-04 18:30:20 | INFO     | preprocessor         | Step 8: Log1p applied
2026-08-04 18:30:20 | INFO     | preprocessor         | Step 9: Target encoding applied
2026-08-04 18:30:20 | INFO     | preprocessor         | ======================================================================
2026-08-04 18:30:20 | INFO     | preprocessor         | transform complete [val] — shape: (20949, 42)
2026-08-04 18:30:20 | INFO     | preprocessor         | ======================================================================
2026-08-04 18:30:20 | INFO     | preprocessor         | ======================================================================
2026-08-04 18:30:20 | INFO     | preprocessor         | DriftSentinel — Preprocessor  [transform on TEST]
2026-08-04 18:30:20 | INFO     | preprocessor         | ======================================================================
2026-08-04 18:30:20 | INFO     | preprocessor         | Step 1: Dropped 9 columns
2026-08-04 18:30:20 | INFO     | preprocessor         | Step 2: Missingness flags applied
2026-08-04 18:30:20 | INFO     | preprocessor         | Step 3: ICD-9 chapter grouping applied
2026-08-04 18:30:20 | INFO     | preprocessor         | Step 4: Age ordinal encoding applied
2026-08-04 18:30:20 | INFO     | preprocessor         | Step 5: Medication encoding applied
2026-08-04 18:30:20 | INFO     | preprocessor         | Step 6: Imputation applied (train-fitted values)
2026-08-04 18:30:20 | WARNING  | preprocessor         |   payer_code: 1 unseen categories -> mapped to fallback 'BC'
2026-08-04 18:30:20 | WARNING  | preprocessor         |   medical_specialty: 16 unseen categories -> mapped to fallback 'AllergyandImmunology'
2026-08-04 18:30:20 | INFO     | preprocessor         | Step 7: LabelEncoder applied (train-fitted)  unseen_total=17
2026-08-04 18:30:20 | INFO     | preprocessor         | Step 8: Log1p applied
2026-08-04 18:30:20 | INFO     | preprocessor         | Step 9: Target encoding applied
2026-08-04 18:30:20 | INFO     | preprocessor         | ======================================================================
2026-08-04 18:30:20 | INFO     | preprocessor         | transform complete [test] — shape: (17325, 42)
2026-08-04 18:30:20 | INFO     | preprocessor         | ======================================================================
2026-08-04 18:33:33 | INFO     | preprocessor         | ===== RUN 20260804-183329-4cf69f | pid=16904 | started 2026-08-04 18:33:33 =====
2026-08-04 18:33:33 | INFO     | preprocessor         | ======================================================================
2026-08-04 18:33:33 | INFO     | preprocessor         | DriftSentinel — Preprocessor  [fit_transform on TRAIN]
2026-08-04 18:33:33 | INFO     | preprocessor         | ======================================================================
2026-08-04 18:33:33 | INFO     | preprocessor         | --------------------------------------------------
2026-08-04 18:33:33 | INFO     | preprocessor         | Step 1: Dropping zero-variance and ID columns
2026-08-04 18:33:33 | INFO     | preprocessor         | Dropped 9 columns: ['encounter_id', 'patient_nbr', 'examide', 'citoglipton', 'acetohexamide', 'troglitazone', 'metformin-rosiglitazone', 'metformin-pioglitazone', 'glimepiride-pioglitazone']
2026-08-04 18:33:33 | INFO     | preprocessor         | Remaining columns: 41
2026-08-04 18:33:33 | INFO     | preprocessor         | --------------------------------------------------
2026-08-04 18:33:33 | INFO     | preprocessor         | Step 2: Encoding missingness flags
2026-08-04 18:33:33 | INFO     | preprocessor         |   weight_missing                      flagged=61,370 (96.7%)
2026-08-04 18:33:33 | INFO     | preprocessor         |   Original column 'weight' dropped after flag creation
2026-08-04 18:33:33 | INFO     | preprocessor         |   max_glu_serum_missing               flagged=58,649 (92.4%)
2026-08-04 18:33:33 | INFO     | preprocessor         |   Original column 'max_glu_serum' dropped after flag creation
2026-08-04 18:33:33 | INFO     | preprocessor         |   A1Cresult_missing                   flagged=53,887 (84.9%)
2026-08-04 18:33:33 | INFO     | preprocessor         |   Original column 'A1Cresult' dropped after flag creation
2026-08-04 18:33:33 | INFO     | preprocessor         | --------------------------------------------------
2026-08-04 18:33:33 | INFO     | preprocessor         | Step 3: ICD-9 chapter grouping (diag_1 / diag_2 / diag_3)
2026-08-04 18:33:33 | INFO     | preprocessor         |   diag_1 -> 18 chapters
2026-08-04 18:33:33 | INFO     | preprocessor         |     Circulatory          : 19,608
2026-08-04 18:33:33 | INFO     | preprocessor         |     Endocrine            : 7,604
2026-08-04 18:33:33 | INFO     | preprocessor         |     Respiratory          : 6,140
2026-08-04 18:33:33 | INFO     | preprocessor         |     Digestive            : 5,665
2026-08-04 18:33:33 | INFO     | preprocessor         |     Symptoms             : 4,969
2026-08-04 18:33:33 | INFO     | preprocessor         |   diag_2 -> 19 chapters
2026-08-04 18:33:33 | INFO     | preprocessor         |     Circulatory          : 20,713
2026-08-04 18:33:33 | INFO     | preprocessor         |     Endocrine            : 13,953
2026-08-04 18:33:33 | INFO     | preprocessor         |     Respiratory          : 6,304
2026-08-04 18:33:33 | INFO     | preprocessor         |     Genitourinary        : 4,034
2026-08-04 18:33:33 | INFO     | preprocessor         |     Symptoms             : 2,775
2026-08-04 18:33:33 | INFO     | preprocessor         |   diag_3 -> 19 chapters
2026-08-04 18:33:33 | INFO     | preprocessor         |     Circulatory          : 18,893
2026-08-04 18:33:33 | INFO     | preprocessor         |     Endocrine            : 16,963
2026-08-04 18:33:33 | INFO     | preprocessor         |     Respiratory          : 4,234
2026-08-04 18:33:33 | INFO     | preprocessor         |     Genitourinary        : 3,532
2026-08-04 18:33:33 | INFO     | preprocessor         |     Symptoms             : 2,628
2026-08-04 18:33:33 | INFO     | preprocessor         | --------------------------------------------------
2026-08-04 18:33:33 | INFO     | preprocessor         | Step 4: Age ordinal encoding
2026-08-04 18:33:33 | INFO     | preprocessor         |   age: 10 bins -> ordinal [0-9]  unmapped=0
2026-08-04 18:33:33 | INFO     | preprocessor         | --------------------------------------------------
2026-08-04 18:33:33 | INFO     | preprocessor         | Step 5: Medication encoding
2026-08-04 18:33:33 | INFO     | preprocessor         |   metformin                           ordinal encoded [No=0,Steady=1,Up=2,Down=3]
2026-08-04 18:33:33 | INFO     | preprocessor         |   repaglinide                         ordinal encoded [No=0,Steady=1,Up=2,Down=3]
2026-08-04 18:33:33 | INFO     | preprocessor         |   nateglinide                         ordinal encoded [No=0,Steady=1,Up=2,Down=3]
2026-08-04 18:33:33 | INFO     | preprocessor         |   glimepiride                         ordinal encoded [No=0,Steady=1,Up=2,Down=3]
2026-08-04 18:33:33 | INFO     | preprocessor         |   glipizide                           ordinal encoded [No=0,Steady=1,Up=2,Down=3]
2026-08-04 18:33:33 | INFO     | preprocessor         |   glyburide                           ordinal encoded [No=0,Steady=1,Up=2,Down=3]
2026-08-04 18:33:33 | INFO     | preprocessor         |   pioglitazone                        ordinal encoded [No=0,Steady=1,Up=2,Down=3]
2026-08-04 18:33:33 | INFO     | preprocessor         |   rosiglitazone                       ordinal encoded [No=0,Steady=1,Up=2,Down=3]
2026-08-04 18:33:33 | INFO     | preprocessor         |   insulin                             ordinal encoded [No=0,Steady=1,Up=2,Down=3]
2026-08-04 18:33:33 | INFO     | preprocessor         |   chlorpropamide                      binary encoded  prescribed=71 (0.11%)
2026-08-04 18:33:33 | INFO     | preprocessor         |   tolbutamide                         binary encoded  prescribed=19 (0.03%)
2026-08-04 18:33:33 | INFO     | preprocessor         |   acarbose                            binary encoded  prescribed=202 (0.32%)
2026-08-04 18:33:33 | INFO     | preprocessor         |   miglitol                            binary encoded  prescribed=30 (0.05%)
2026-08-04 18:33:33 | INFO     | preprocessor         |   tolazamide                          binary encoded  prescribed=38 (0.06%)
2026-08-04 18:33:33 | INFO     | preprocessor         |   glyburide-metformin                 binary encoded  prescribed=306 (0.48%)
2026-08-04 18:33:33 | INFO     | preprocessor         |   glipizide-metformin                 binary encoded  prescribed=10 (0.02%)
2026-08-04 18:33:33 | INFO     | preprocessor         | --------------------------------------------------
2026-08-04 18:33:33 | INFO     | preprocessor         | Step 6: Categorical imputation (fit on train)
2026-08-04 18:33:33 | INFO     | preprocessor         |   race                      mode imputed with 'Caucasian'  (fitted on train)
2026-08-04 18:33:33 | INFO     | preprocessor         |   medical_specialty         filled with 'Unknown'
2026-08-04 18:33:33 | INFO     | preprocessor         |   payer_code                filled with 'Unknown'
2026-08-04 18:33:33 | INFO     | preprocessor         | --------------------------------------------------
2026-08-04 18:33:33 | INFO     | preprocessor         | Step 7: LabelEncoder (fit on train)
2026-08-04 18:33:33 | INFO     | preprocessor         |   race                      5 classes  (fitted on train)
2026-08-04 18:33:33 | INFO     | preprocessor         |   gender                    3 classes  (fitted on train)
2026-08-04 18:33:33 | INFO     | preprocessor         |   payer_code                17 classes  (fitted on train)
2026-08-04 18:33:33 | INFO     | preprocessor         |   medical_specialty         68 classes  (fitted on train)
2026-08-04 18:33:33 | INFO     | preprocessor         |   change                    2 classes  (fitted on train)
2026-08-04 18:33:33 | INFO     | preprocessor         |   diabetesMed               2 classes  (fitted on train)
2026-08-04 18:33:33 | INFO     | preprocessor         |   diag_1                    18 classes  (fitted on train)
2026-08-04 18:33:33 | INFO     | preprocessor         |   diag_2                    19 classes  (fitted on train)
2026-08-04 18:33:33 | INFO     | preprocessor         |   diag_3                    19 classes  (fitted on train)
2026-08-04 18:33:33 | INFO     | preprocessor         | --------------------------------------------------
2026-08-04 18:33:33 | INFO     | preprocessor         | Step 8: Log1p transformation
2026-08-04 18:33:33 | INFO     | preprocessor         |   number_outpatient         skew: 7.645 -> 2.962
2026-08-04 18:33:33 | INFO     | preprocessor         |   number_emergency          skew: 11.193 -> 3.786
2026-08-04 18:33:33 | INFO     | preprocessor         | --------------------------------------------------
2026-08-04 18:33:33 | INFO     | preprocessor         | Step 9: Target encoding
2026-08-04 18:33:33 | INFO     | preprocessor         |   readmitted_binary: {0: np.int64(55875), 1: np.int64(7617)}
2026-08-04 18:33:33 | INFO     | preprocessor         |   readmitted_multi : {0: np.int64(32398), 2: np.int64(23477), 1: np.int64(7617)}
2026-08-04 18:33:33 | INFO     | preprocessor         | --------------------------------------------------
2026-08-04 18:33:33 | INFO     | preprocessor         | Step 10: Saving fitted artifacts
2026-08-04 18:33:33 | INFO     | preprocessor         |   label_encoders.pkl saved -> C:\Users\sharg\Desktop\github\DriftSentinel\outputs\artifacts\label_encoders.pkl
2026-08-04 18:33:33 | INFO     | preprocessor         |   impute_modes.json saved -> C:\Users\sharg\Desktop\github\DriftSentinel\outputs\artifacts\impute_modes.json
2026-08-04 18:33:33 | INFO     | preprocessor         |   age_ordinal_map.json saved -> C:\Users\sharg\Desktop\github\DriftSentinel\outputs\artifacts\age_ordinal_map.json
2026-08-04 18:33:33 | INFO     | preprocessor         |   preprocessor_config.json saved -> C:\Users\sharg\Desktop\github\DriftSentinel\outputs\artifacts\preprocessor_config.json
2026-08-04 18:33:33 | INFO     | preprocessor         | ======================================================================
2026-08-04 18:33:33 | INFO     | preprocessor         | fit_transform complete — shape: (63492, 42)
2026-08-04 18:33:33 | INFO     | preprocessor         | ======================================================================
2026-08-04 18:33:33 | INFO     | preprocessor         | ======================================================================
2026-08-04 18:33:33 | INFO     | preprocessor         | DriftSentinel — Preprocessor  [transform on VAL]
2026-08-04 18:33:33 | INFO     | preprocessor         | ======================================================================
2026-08-04 18:33:33 | INFO     | preprocessor         | Step 1: Dropped 9 columns
2026-08-04 18:33:33 | INFO     | preprocessor         | Step 2: Missingness flags applied
2026-08-04 18:33:33 | INFO     | preprocessor         | Step 3: ICD-9 chapter grouping applied
2026-08-04 18:33:33 | INFO     | preprocessor         | Step 4: Age ordinal encoding applied
2026-08-04 18:33:33 | INFO     | preprocessor         | Step 5: Medication encoding applied
2026-08-04 18:33:33 | INFO     | preprocessor         | Step 6: Imputation applied (train-fitted values)
2026-08-04 18:33:33 | WARNING  | preprocessor         |   medical_specialty: 2 unseen categories -> mapped to fallback 'AllergyandImmunology'
2026-08-04 18:33:33 | WARNING  | preprocessor         |   diag_1: 1 unseen categories -> mapped to fallback 'Blood'
2026-08-04 18:33:33 | INFO     | preprocessor         | Step 7: LabelEncoder applied (train-fitted)  unseen_total=3
2026-08-04 18:33:33 | INFO     | preprocessor         | Step 8: Log1p applied
2026-08-04 18:33:33 | INFO     | preprocessor         | Step 9: Target encoding applied
2026-08-04 18:33:33 | INFO     | preprocessor         | ======================================================================
2026-08-04 18:33:33 | INFO     | preprocessor         | transform complete [val] — shape: (20949, 42)
2026-08-04 18:33:33 | INFO     | preprocessor         | ======================================================================
2026-08-04 18:33:33 | INFO     | preprocessor         | ======================================================================
2026-08-04 18:33:33 | INFO     | preprocessor         | DriftSentinel — Preprocessor  [transform on TEST]
2026-08-04 18:33:33 | INFO     | preprocessor         | ======================================================================
2026-08-04 18:33:33 | INFO     | preprocessor         | Step 1: Dropped 9 columns
2026-08-04 18:33:33 | INFO     | preprocessor         | Step 2: Missingness flags applied
2026-08-04 18:33:34 | INFO     | preprocessor         | Step 3: ICD-9 chapter grouping applied
2026-08-04 18:33:34 | INFO     | preprocessor         | Step 4: Age ordinal encoding applied
2026-08-04 18:33:34 | INFO     | preprocessor         | Step 5: Medication encoding applied
2026-08-04 18:33:34 | INFO     | preprocessor         | Step 6: Imputation applied (train-fitted values)
2026-08-04 18:33:34 | WARNING  | preprocessor         |   payer_code: 1 unseen categories -> mapped to fallback 'BC'
2026-08-04 18:33:34 | WARNING  | preprocessor         |   medical_specialty: 16 unseen categories -> mapped to fallback 'AllergyandImmunology'
2026-08-04 18:33:34 | INFO     | preprocessor         | Step 7: LabelEncoder applied (train-fitted)  unseen_total=17
2026-08-04 18:33:34 | INFO     | preprocessor         | Step 8: Log1p applied
2026-08-04 18:33:34 | INFO     | preprocessor         | Step 9: Target encoding applied
2026-08-04 18:33:34 | INFO     | preprocessor         | ======================================================================
2026-08-04 18:33:34 | INFO     | preprocessor         | transform complete [test] — shape: (17325, 42)
2026-08-04 18:33:34 | INFO     | preprocessor         | ======================================================================
2026-08-04 18:37:23 | INFO     | preprocessor         | ===== RUN 20260804-183719-0dc347 | pid=22080 | started 2026-08-04 18:37:23 =====
2026-08-04 18:37:23 | INFO     | preprocessor         | ======================================================================
2026-08-04 18:37:23 | INFO     | preprocessor         | DriftSentinel — Preprocessor  [fit_transform on TRAIN]
2026-08-04 18:37:23 | INFO     | preprocessor         | ======================================================================
2026-08-04 18:37:23 | INFO     | preprocessor         | --------------------------------------------------
2026-08-04 18:37:23 | INFO     | preprocessor         | Step 1: Dropping zero-variance and ID columns
2026-08-04 18:37:23 | INFO     | preprocessor         | Dropped 9 columns: ['encounter_id', 'patient_nbr', 'examide', 'citoglipton', 'acetohexamide', 'troglitazone', 'metformin-rosiglitazone', 'metformin-pioglitazone', 'glimepiride-pioglitazone']
2026-08-04 18:37:23 | INFO     | preprocessor         | Remaining columns: 41
2026-08-04 18:37:23 | INFO     | preprocessor         | --------------------------------------------------
2026-08-04 18:37:23 | INFO     | preprocessor         | Step 2: Encoding missingness flags
2026-08-04 18:37:23 | INFO     | preprocessor         |   weight_missing                      flagged=61,370 (96.7%)
2026-08-04 18:37:23 | INFO     | preprocessor         |   Original column 'weight' dropped after flag creation
2026-08-04 18:37:23 | INFO     | preprocessor         |   max_glu_serum_missing               flagged=58,649 (92.4%)
2026-08-04 18:37:23 | INFO     | preprocessor         |   Original column 'max_glu_serum' dropped after flag creation
2026-08-04 18:37:23 | INFO     | preprocessor         |   A1Cresult_missing                   flagged=53,887 (84.9%)
2026-08-04 18:37:23 | INFO     | preprocessor         |   Original column 'A1Cresult' dropped after flag creation
2026-08-04 18:37:23 | INFO     | preprocessor         | --------------------------------------------------
2026-08-04 18:37:23 | INFO     | preprocessor         | Step 3: ICD-9 chapter grouping (diag_1 / diag_2 / diag_3)
2026-08-04 18:37:23 | INFO     | preprocessor         |   diag_1 -> 18 chapters
2026-08-04 18:37:23 | INFO     | preprocessor         |     Circulatory          : 19,608
2026-08-04 18:37:23 | INFO     | preprocessor         |     Endocrine            : 7,604
2026-08-04 18:37:23 | INFO     | preprocessor         |     Respiratory          : 6,140
2026-08-04 18:37:23 | INFO     | preprocessor         |     Digestive            : 5,665
2026-08-04 18:37:23 | INFO     | preprocessor         |     Symptoms             : 4,969
2026-08-04 18:37:23 | INFO     | preprocessor         |   diag_2 -> 19 chapters
2026-08-04 18:37:23 | INFO     | preprocessor         |     Circulatory          : 20,713
2026-08-04 18:37:23 | INFO     | preprocessor         |     Endocrine            : 13,953
2026-08-04 18:37:23 | INFO     | preprocessor         |     Respiratory          : 6,304
2026-08-04 18:37:23 | INFO     | preprocessor         |     Genitourinary        : 4,034
2026-08-04 18:37:23 | INFO     | preprocessor         |     Symptoms             : 2,775
2026-08-04 18:37:23 | INFO     | preprocessor         |   diag_3 -> 19 chapters
2026-08-04 18:37:23 | INFO     | preprocessor         |     Circulatory          : 18,893
2026-08-04 18:37:23 | INFO     | preprocessor         |     Endocrine            : 16,963
2026-08-04 18:37:23 | INFO     | preprocessor         |     Respiratory          : 4,234
2026-08-04 18:37:23 | INFO     | preprocessor         |     Genitourinary        : 3,532
2026-08-04 18:37:23 | INFO     | preprocessor         |     Symptoms             : 2,628
2026-08-04 18:37:23 | INFO     | preprocessor         | --------------------------------------------------
2026-08-04 18:37:23 | INFO     | preprocessor         | Step 4: Age ordinal encoding
2026-08-04 18:37:23 | INFO     | preprocessor         |   age: 10 bins -> ordinal [0-9]  unmapped=0
2026-08-04 18:37:23 | INFO     | preprocessor         | --------------------------------------------------
2026-08-04 18:37:23 | INFO     | preprocessor         | Step 5: Medication encoding
2026-08-04 18:37:23 | INFO     | preprocessor         |   metformin                           ordinal encoded [No=0,Steady=1,Up=2,Down=3]
2026-08-04 18:37:23 | INFO     | preprocessor         |   repaglinide                         ordinal encoded [No=0,Steady=1,Up=2,Down=3]
2026-08-04 18:37:23 | INFO     | preprocessor         |   nateglinide                         ordinal encoded [No=0,Steady=1,Up=2,Down=3]
2026-08-04 18:37:23 | INFO     | preprocessor         |   glimepiride                         ordinal encoded [No=0,Steady=1,Up=2,Down=3]
2026-08-04 18:37:23 | INFO     | preprocessor         |   glipizide                           ordinal encoded [No=0,Steady=1,Up=2,Down=3]
2026-08-04 18:37:23 | INFO     | preprocessor         |   glyburide                           ordinal encoded [No=0,Steady=1,Up=2,Down=3]
2026-08-04 18:37:23 | INFO     | preprocessor         |   pioglitazone                        ordinal encoded [No=0,Steady=1,Up=2,Down=3]
2026-08-04 18:37:23 | INFO     | preprocessor         |   rosiglitazone                       ordinal encoded [No=0,Steady=1,Up=2,Down=3]
2026-08-04 18:37:23 | INFO     | preprocessor         |   insulin                             ordinal encoded [No=0,Steady=1,Up=2,Down=3]
2026-08-04 18:37:23 | INFO     | preprocessor         |   chlorpropamide                      binary encoded  prescribed=71 (0.11%)
2026-08-04 18:37:23 | INFO     | preprocessor         |   tolbutamide                         binary encoded  prescribed=19 (0.03%)
2026-08-04 18:37:23 | INFO     | preprocessor         |   acarbose                            binary encoded  prescribed=202 (0.32%)
2026-08-04 18:37:23 | INFO     | preprocessor         |   miglitol                            binary encoded  prescribed=30 (0.05%)
2026-08-04 18:37:23 | INFO     | preprocessor         |   tolazamide                          binary encoded  prescribed=38 (0.06%)
2026-08-04 18:37:23 | INFO     | preprocessor         |   glyburide-metformin                 binary encoded  prescribed=306 (0.48%)
2026-08-04 18:37:23 | INFO     | preprocessor         |   glipizide-metformin                 binary encoded  prescribed=10 (0.02%)
2026-08-04 18:37:23 | INFO     | preprocessor         | --------------------------------------------------
2026-08-04 18:37:23 | INFO     | preprocessor         | Step 6: Categorical imputation (fit on train)
2026-08-04 18:37:23 | INFO     | preprocessor         |   race                      mode imputed with 'Caucasian'  (fitted on train)
2026-08-04 18:37:23 | INFO     | preprocessor         |   medical_specialty         filled with 'Unknown'
2026-08-04 18:37:23 | INFO     | preprocessor         |   payer_code                filled with 'Unknown'
2026-08-04 18:37:23 | INFO     | preprocessor         | --------------------------------------------------
2026-08-04 18:37:23 | INFO     | preprocessor         | Step 7: LabelEncoder (fit on train)
2026-08-04 18:37:23 | INFO     | preprocessor         |   race                      5 classes  (fitted on train)
2026-08-04 18:37:23 | INFO     | preprocessor         |   gender                    3 classes  (fitted on train)
2026-08-04 18:37:23 | INFO     | preprocessor         |   payer_code                17 classes  (fitted on train)
2026-08-04 18:37:23 | INFO     | preprocessor         |   medical_specialty         68 classes  (fitted on train)
2026-08-04 18:37:23 | INFO     | preprocessor         |   change                    2 classes  (fitted on train)
2026-08-04 18:37:23 | INFO     | preprocessor         |   diabetesMed               2 classes  (fitted on train)
2026-08-04 18:37:23 | INFO     | preprocessor         |   diag_1                    18 classes  (fitted on train)
2026-08-04 18:37:23 | INFO     | preprocessor         |   diag_2                    19 classes  (fitted on train)
2026-08-04 18:37:23 | INFO     | preprocessor         |   diag_3                    19 classes  (fitted on train)
2026-08-04 18:37:23 | INFO     | preprocessor         | --------------------------------------------------
2026-08-04 18:37:23 | INFO     | preprocessor         | Step 8: Log1p transformation
2026-08-04 18:37:23 | INFO     | preprocessor         |   number_outpatient         skew: 7.645 -> 2.962
2026-08-04 18:37:23 | INFO     | preprocessor         |   number_emergency          skew: 11.193 -> 3.786
2026-08-04 18:37:23 | INFO     | preprocessor         | --------------------------------------------------
2026-08-04 18:37:23 | INFO     | preprocessor         | Step 9: Target encoding
2026-08-04 18:37:23 | INFO     | preprocessor         |   readmitted_binary: {0: np.int64(55875), 1: np.int64(7617)}
2026-08-04 18:37:23 | INFO     | preprocessor         |   readmitted_multi : {0: np.int64(32398), 2: np.int64(23477), 1: np.int64(7617)}
2026-08-04 18:37:23 | INFO     | preprocessor         | --------------------------------------------------
2026-08-04 18:37:23 | INFO     | preprocessor         | Step 10: Saving fitted artifacts
2026-08-04 18:37:23 | INFO     | preprocessor         |   label_encoders.pkl saved -> C:\Users\sharg\Desktop\github\DriftSentinel\outputs\artifacts\label_encoders.pkl
2026-08-04 18:37:23 | INFO     | preprocessor         |   impute_modes.json saved -> C:\Users\sharg\Desktop\github\DriftSentinel\outputs\artifacts\impute_modes.json
2026-08-04 18:37:23 | INFO     | preprocessor         |   age_ordinal_map.json saved -> C:\Users\sharg\Desktop\github\DriftSentinel\outputs\artifacts\age_ordinal_map.json
2026-08-04 18:37:23 | INFO     | preprocessor         |   preprocessor_config.json saved -> C:\Users\sharg\Desktop\github\DriftSentinel\outputs\artifacts\preprocessor_config.json
2026-08-04 18:37:23 | INFO     | preprocessor         | ======================================================================
2026-08-04 18:37:23 | INFO     | preprocessor         | fit_transform complete — shape: (63492, 42)
2026-08-04 18:37:23 | INFO     | preprocessor         | ======================================================================
2026-08-04 18:37:23 | INFO     | preprocessor         | ======================================================================
2026-08-04 18:37:23 | INFO     | preprocessor         | DriftSentinel — Preprocessor  [transform on VAL]
2026-08-04 18:37:23 | INFO     | preprocessor         | ======================================================================
2026-08-04 18:37:23 | INFO     | preprocessor         | Step 1: Dropped 9 columns
2026-08-04 18:37:23 | INFO     | preprocessor         | Step 2: Missingness flags applied
2026-08-04 18:37:23 | INFO     | preprocessor         | Step 3: ICD-9 chapter grouping applied
2026-08-04 18:37:23 | INFO     | preprocessor         | Step 4: Age ordinal encoding applied
2026-08-04 18:37:23 | INFO     | preprocessor         | Step 5: Medication encoding applied
2026-08-04 18:37:24 | INFO     | preprocessor         | Step 6: Imputation applied (train-fitted values)
2026-08-04 18:37:24 | WARNING  | preprocessor         |   medical_specialty: 2 unseen categories -> mapped to fallback 'AllergyandImmunology'
2026-08-04 18:37:24 | WARNING  | preprocessor         |   diag_1: 1 unseen categories -> mapped to fallback 'Blood'
2026-08-04 18:37:24 | INFO     | preprocessor         | Step 7: LabelEncoder applied (train-fitted)  unseen_total=3
2026-08-04 18:37:24 | INFO     | preprocessor         | Step 8: Log1p applied
2026-08-04 18:37:24 | INFO     | preprocessor         | Step 9: Target encoding applied
2026-08-04 18:37:24 | INFO     | preprocessor         | ======================================================================
2026-08-04 18:37:24 | INFO     | preprocessor         | transform complete [val] — shape: (20949, 42)
2026-08-04 18:37:24 | INFO     | preprocessor         | ======================================================================
2026-08-04 18:37:24 | INFO     | preprocessor         | ======================================================================
2026-08-04 18:37:24 | INFO     | preprocessor         | DriftSentinel — Preprocessor  [transform on TEST]
2026-08-04 18:37:24 | INFO     | preprocessor         | ======================================================================
2026-08-04 18:37:24 | INFO     | preprocessor         | Step 1: Dropped 9 columns
2026-08-04 18:37:24 | INFO     | preprocessor         | Step 2: Missingness flags applied
2026-08-04 18:37:24 | INFO     | preprocessor         | Step 3: ICD-9 chapter grouping applied
2026-08-04 18:37:24 | INFO     | preprocessor         | Step 4: Age ordinal encoding applied
2026-08-04 18:37:24 | INFO     | preprocessor         | Step 5: Medication encoding applied
2026-08-04 18:37:24 | INFO     | preprocessor         | Step 6: Imputation applied (train-fitted values)
2026-08-04 18:37:24 | WARNING  | preprocessor         |   payer_code: 1 unseen categories -> mapped to fallback 'BC'
2026-08-04 18:37:24 | WARNING  | preprocessor         |   medical_specialty: 16 unseen categories -> mapped to fallback 'AllergyandImmunology'
2026-08-04 18:37:24 | INFO     | preprocessor         | Step 7: LabelEncoder applied (train-fitted)  unseen_total=17
2026-08-04 18:37:24 | INFO     | preprocessor         | Step 8: Log1p applied
2026-08-04 18:37:24 | INFO     | preprocessor         | Step 9: Target encoding applied
2026-08-04 18:37:24 | INFO     | preprocessor         | ======================================================================
2026-08-04 18:37:24 | INFO     | preprocessor         | transform complete [test] — shape: (17325, 42)
2026-08-04 18:37:24 | INFO     | preprocessor         | ======================================================================
2026-08-04 18:40:35 | INFO     | preprocessor         | ===== RUN 20260804-184031-3b38c4 | pid=31168 | started 2026-08-04 18:40:35 =====
2026-08-04 18:40:35 | INFO     | preprocessor         | ======================================================================
2026-08-04 18:40:35 | INFO     | preprocessor         | DriftSentinel — Preprocessor  [fit_transform on TRAIN]
2026-08-04 18:40:35 | INFO     | preprocessor         | ======================================================================
2026-08-04 18:40:35 | INFO     | preprocessor         | --------------------------------------------------
2026-08-04 18:40:35 | INFO     | preprocessor         | Step 1: Dropping zero-variance and ID columns
2026-08-04 18:40:35 | INFO     | preprocessor         | Dropped 9 columns: ['encounter_id', 'patient_nbr', 'examide', 'citoglipton', 'acetohexamide', 'troglitazone', 'metformin-rosiglitazone', 'metformin-pioglitazone', 'glimepiride-pioglitazone']
2026-08-04 18:40:35 | INFO     | preprocessor         | Remaining columns: 41
2026-08-04 18:40:35 | INFO     | preprocessor         | --------------------------------------------------
2026-08-04 18:40:35 | INFO     | preprocessor         | Step 2: Encoding missingness flags
2026-08-04 18:40:35 | INFO     | preprocessor         |   weight_missing                      flagged=61,370 (96.7%)
2026-08-04 18:40:35 | INFO     | preprocessor         |   Original column 'weight' dropped after flag creation
2026-08-04 18:40:35 | INFO     | preprocessor         |   max_glu_serum_missing               flagged=58,649 (92.4%)
2026-08-04 18:40:35 | INFO     | preprocessor         |   Original column 'max_glu_serum' dropped after flag creation
2026-08-04 18:40:35 | INFO     | preprocessor         |   A1Cresult_missing                   flagged=53,887 (84.9%)
2026-08-04 18:40:35 | INFO     | preprocessor         |   Original column 'A1Cresult' dropped after flag creation
2026-08-04 18:40:35 | INFO     | preprocessor         | --------------------------------------------------
2026-08-04 18:40:35 | INFO     | preprocessor         | Step 3: ICD-9 chapter grouping (diag_1 / diag_2 / diag_3)
2026-08-04 18:40:35 | INFO     | preprocessor         |   diag_1 -> 18 chapters
2026-08-04 18:40:35 | INFO     | preprocessor         |     Circulatory          : 19,608
2026-08-04 18:40:35 | INFO     | preprocessor         |     Endocrine            : 7,604
2026-08-04 18:40:35 | INFO     | preprocessor         |     Respiratory          : 6,140
2026-08-04 18:40:35 | INFO     | preprocessor         |     Digestive            : 5,665
2026-08-04 18:40:35 | INFO     | preprocessor         |     Symptoms             : 4,969
2026-08-04 18:40:35 | INFO     | preprocessor         |   diag_2 -> 19 chapters
2026-08-04 18:40:35 | INFO     | preprocessor         |     Circulatory          : 20,713
2026-08-04 18:40:35 | INFO     | preprocessor         |     Endocrine            : 13,953
2026-08-04 18:40:35 | INFO     | preprocessor         |     Respiratory          : 6,304
2026-08-04 18:40:35 | INFO     | preprocessor         |     Genitourinary        : 4,034
2026-08-04 18:40:35 | INFO     | preprocessor         |     Symptoms             : 2,775
2026-08-04 18:40:36 | INFO     | preprocessor         |   diag_3 -> 19 chapters
2026-08-04 18:40:36 | INFO     | preprocessor         |     Circulatory          : 18,893
2026-08-04 18:40:36 | INFO     | preprocessor         |     Endocrine            : 16,963
2026-08-04 18:40:36 | INFO     | preprocessor         |     Respiratory          : 4,234
2026-08-04 18:40:36 | INFO     | preprocessor         |     Genitourinary        : 3,532
2026-08-04 18:40:36 | INFO     | preprocessor         |     Symptoms             : 2,628
2026-08-04 18:40:36 | INFO     | preprocessor         | --------------------------------------------------
2026-08-04 18:40:36 | INFO     | preprocessor         | Step 4: Age ordinal encoding
2026-08-04 18:40:36 | INFO     | preprocessor         |   age: 10 bins -> ordinal [0-9]  unmapped=0
2026-08-04 18:40:36 | INFO     | preprocessor         | --------------------------------------------------
2026-08-04 18:40:36 | INFO     | preprocessor         | Step 5: Medication encoding
2026-08-04 18:40:36 | INFO     | preprocessor         |   metformin                           ordinal encoded [No=0,Steady=1,Up=2,Down=3]
2026-08-04 18:40:36 | INFO     | preprocessor         |   repaglinide                         ordinal encoded [No=0,Steady=1,Up=2,Down=3]
2026-08-04 18:40:36 | INFO     | preprocessor         |   nateglinide                         ordinal encoded [No=0,Steady=1,Up=2,Down=3]
2026-08-04 18:40:36 | INFO     | preprocessor         |   glimepiride                         ordinal encoded [No=0,Steady=1,Up=2,Down=3]
2026-08-04 18:40:36 | INFO     | preprocessor         |   glipizide                           ordinal encoded [No=0,Steady=1,Up=2,Down=3]
2026-08-04 18:40:36 | INFO     | preprocessor         |   glyburide                           ordinal encoded [No=0,Steady=1,Up=2,Down=3]
2026-08-04 18:40:36 | INFO     | preprocessor         |   pioglitazone                        ordinal encoded [No=0,Steady=1,Up=2,Down=3]
2026-08-04 18:40:36 | INFO     | preprocessor         |   rosiglitazone                       ordinal encoded [No=0,Steady=1,Up=2,Down=3]
2026-08-04 18:40:36 | INFO     | preprocessor         |   insulin                             ordinal encoded [No=0,Steady=1,Up=2,Down=3]
2026-08-04 18:40:36 | INFO     | preprocessor         |   chlorpropamide                      binary encoded  prescribed=71 (0.11%)
2026-08-04 18:40:36 | INFO     | preprocessor         |   tolbutamide                         binary encoded  prescribed=19 (0.03%)
2026-08-04 18:40:36 | INFO     | preprocessor         |   acarbose                            binary encoded  prescribed=202 (0.32%)
2026-08-04 18:40:36 | INFO     | preprocessor         |   miglitol                            binary encoded  prescribed=30 (0.05%)
2026-08-04 18:40:36 | INFO     | preprocessor         |   tolazamide                          binary encoded  prescribed=38 (0.06%)
2026-08-04 18:40:36 | INFO     | preprocessor         |   glyburide-metformin                 binary encoded  prescribed=306 (0.48%)
2026-08-04 18:40:36 | INFO     | preprocessor         |   glipizide-metformin                 binary encoded  prescribed=10 (0.02%)
2026-08-04 18:40:36 | INFO     | preprocessor         | --------------------------------------------------
2026-08-04 18:40:36 | INFO     | preprocessor         | Step 6: Categorical imputation (fit on train)
2026-08-04 18:40:36 | INFO     | preprocessor         |   race                      mode imputed with 'Caucasian'  (fitted on train)
2026-08-04 18:40:36 | INFO     | preprocessor         |   medical_specialty         filled with 'Unknown'
2026-08-04 18:40:36 | INFO     | preprocessor         |   payer_code                filled with 'Unknown'
2026-08-04 18:40:36 | INFO     | preprocessor         | --------------------------------------------------
2026-08-04 18:40:36 | INFO     | preprocessor         | Step 7: LabelEncoder (fit on train)
2026-08-04 18:40:36 | INFO     | preprocessor         |   race                      5 classes  (fitted on train)
2026-08-04 18:40:36 | INFO     | preprocessor         |   gender                    3 classes  (fitted on train)
2026-08-04 18:40:36 | INFO     | preprocessor         |   payer_code                17 classes  (fitted on train)
2026-08-04 18:40:36 | INFO     | preprocessor         |   medical_specialty         68 classes  (fitted on train)
2026-08-04 18:40:36 | INFO     | preprocessor         |   change                    2 classes  (fitted on train)
2026-08-04 18:40:36 | INFO     | preprocessor         |   diabetesMed               2 classes  (fitted on train)
2026-08-04 18:40:36 | INFO     | preprocessor         |   diag_1                    18 classes  (fitted on train)
2026-08-04 18:40:36 | INFO     | preprocessor         |   diag_2                    19 classes  (fitted on train)
2026-08-04 18:40:36 | INFO     | preprocessor         |   diag_3                    19 classes  (fitted on train)
2026-08-04 18:40:36 | INFO     | preprocessor         | --------------------------------------------------
2026-08-04 18:40:36 | INFO     | preprocessor         | Step 8: Log1p transformation
2026-08-04 18:40:36 | INFO     | preprocessor         |   number_outpatient         skew: 7.645 -> 2.962
2026-08-04 18:40:36 | INFO     | preprocessor         |   number_emergency          skew: 11.193 -> 3.786
2026-08-04 18:40:36 | INFO     | preprocessor         | --------------------------------------------------
2026-08-04 18:40:36 | INFO     | preprocessor         | Step 9: Target encoding
2026-08-04 18:40:36 | INFO     | preprocessor         |   readmitted_binary: {0: np.int64(55875), 1: np.int64(7617)}
2026-08-04 18:40:36 | INFO     | preprocessor         |   readmitted_multi : {0: np.int64(32398), 2: np.int64(23477), 1: np.int64(7617)}
2026-08-04 18:40:36 | INFO     | preprocessor         | --------------------------------------------------
2026-08-04 18:40:36 | INFO     | preprocessor         | Step 10: Saving fitted artifacts
2026-08-04 18:40:36 | INFO     | preprocessor         |   label_encoders.pkl saved -> C:\Users\sharg\Desktop\github\DriftSentinel\outputs\artifacts\label_encoders.pkl
2026-08-04 18:40:36 | INFO     | preprocessor         |   impute_modes.json saved -> C:\Users\sharg\Desktop\github\DriftSentinel\outputs\artifacts\impute_modes.json
2026-08-04 18:40:36 | INFO     | preprocessor         |   age_ordinal_map.json saved -> C:\Users\sharg\Desktop\github\DriftSentinel\outputs\artifacts\age_ordinal_map.json
2026-08-04 18:40:36 | INFO     | preprocessor         |   preprocessor_config.json saved -> C:\Users\sharg\Desktop\github\DriftSentinel\outputs\artifacts\preprocessor_config.json
2026-08-04 18:40:36 | INFO     | preprocessor         | ======================================================================
2026-08-04 18:40:36 | INFO     | preprocessor         | fit_transform complete — shape: (63492, 42)
2026-08-04 18:40:36 | INFO     | preprocessor         | ======================================================================
2026-08-04 18:40:36 | INFO     | preprocessor         | ======================================================================
2026-08-04 18:40:36 | INFO     | preprocessor         | DriftSentinel — Preprocessor  [transform on VAL]
2026-08-04 18:40:36 | INFO     | preprocessor         | ======================================================================
2026-08-04 18:40:36 | INFO     | preprocessor         | Step 1: Dropped 9 columns
2026-08-04 18:40:36 | INFO     | preprocessor         | Step 2: Missingness flags applied
2026-08-04 18:40:36 | INFO     | preprocessor         | Step 3: ICD-9 chapter grouping applied
2026-08-04 18:40:36 | INFO     | preprocessor         | Step 4: Age ordinal encoding applied
2026-08-04 18:40:36 | INFO     | preprocessor         | Step 5: Medication encoding applied
2026-08-04 18:40:36 | INFO     | preprocessor         | Step 6: Imputation applied (train-fitted values)
2026-08-04 18:40:36 | WARNING  | preprocessor         |   medical_specialty: 2 unseen categories -> mapped to fallback 'AllergyandImmunology'
2026-08-04 18:40:36 | WARNING  | preprocessor         |   diag_1: 1 unseen categories -> mapped to fallback 'Blood'
2026-08-04 18:40:36 | INFO     | preprocessor         | Step 7: LabelEncoder applied (train-fitted)  unseen_total=3
2026-08-04 18:40:36 | INFO     | preprocessor         | Step 8: Log1p applied
2026-08-04 18:40:36 | INFO     | preprocessor         | Step 9: Target encoding applied
2026-08-04 18:40:36 | INFO     | preprocessor         | ======================================================================
2026-08-04 18:40:36 | INFO     | preprocessor         | transform complete [val] — shape: (20949, 42)
2026-08-04 18:40:36 | INFO     | preprocessor         | ======================================================================
2026-08-04 18:40:36 | INFO     | preprocessor         | ======================================================================
2026-08-04 18:40:36 | INFO     | preprocessor         | DriftSentinel — Preprocessor  [transform on TEST]
2026-08-04 18:40:36 | INFO     | preprocessor         | ======================================================================
2026-08-04 18:40:36 | INFO     | preprocessor         | Step 1: Dropped 9 columns
2026-08-04 18:40:36 | INFO     | preprocessor         | Step 2: Missingness flags applied
2026-08-04 18:40:36 | INFO     | preprocessor         | Step 3: ICD-9 chapter grouping applied
2026-08-04 18:40:36 | INFO     | preprocessor         | Step 4: Age ordinal encoding applied
2026-08-04 18:40:36 | INFO     | preprocessor         | Step 5: Medication encoding applied
2026-08-04 18:40:36 | INFO     | preprocessor         | Step 6: Imputation applied (train-fitted values)
2026-08-04 18:40:36 | WARNING  | preprocessor         |   payer_code: 1 unseen categories -> mapped to fallback 'BC'
2026-08-04 18:40:36 | WARNING  | preprocessor         |   medical_specialty: 16 unseen categories -> mapped to fallback 'AllergyandImmunology'
2026-08-04 18:40:36 | INFO     | preprocessor         | Step 7: LabelEncoder applied (train-fitted)  unseen_total=17
2026-08-04 18:40:36 | INFO     | preprocessor         | Step 8: Log1p applied
2026-08-04 18:40:36 | INFO     | preprocessor         | Step 9: Target encoding applied
2026-08-04 18:40:36 | INFO     | preprocessor         | ======================================================================
2026-08-04 18:40:36 | INFO     | preprocessor         | transform complete [test] — shape: (17325, 42)
2026-08-04 18:40:36 | INFO     | preprocessor         | ======================================================================
2026-08-04 19:43:59 | INFO     | preprocessor         | ===== RUN 20260804-194356-ee2c50 | pid=28552 | started 2026-08-04 19:43:59 =====
2026-08-04 19:43:59 | INFO     | preprocessor         | ======================================================================
2026-08-04 19:43:59 | INFO     | preprocessor         | DriftSentinel — Preprocessor  [fit_transform on TRAIN]
2026-08-04 19:43:59 | INFO     | preprocessor         | ======================================================================
2026-08-04 19:43:59 | INFO     | preprocessor         | --------------------------------------------------
2026-08-04 19:43:59 | INFO     | preprocessor         | Step 1: Dropping zero-variance and ID columns
2026-08-04 19:43:59 | INFO     | preprocessor         | Dropped 9 columns: ['encounter_id', 'patient_nbr', 'examide', 'citoglipton', 'acetohexamide', 'troglitazone', 'metformin-rosiglitazone', 'metformin-pioglitazone', 'glimepiride-pioglitazone']
2026-08-04 19:43:59 | INFO     | preprocessor         | Remaining columns: 41
2026-08-04 19:43:59 | INFO     | preprocessor         | --------------------------------------------------
2026-08-04 19:43:59 | INFO     | preprocessor         | Step 2: Encoding missingness flags
2026-08-04 19:43:59 | INFO     | preprocessor         |   weight_missing                      flagged=61,370 (96.7%)
2026-08-04 19:43:59 | INFO     | preprocessor         |   Original column 'weight' dropped after flag creation
2026-08-04 19:43:59 | INFO     | preprocessor         |   max_glu_serum_missing               flagged=58,649 (92.4%)
2026-08-04 19:43:59 | INFO     | preprocessor         |   Original column 'max_glu_serum' dropped after flag creation
2026-08-04 19:43:59 | INFO     | preprocessor         |   A1Cresult_missing                   flagged=53,887 (84.9%)
2026-08-04 19:43:59 | INFO     | preprocessor         |   Original column 'A1Cresult' dropped after flag creation
2026-08-04 19:43:59 | INFO     | preprocessor         | --------------------------------------------------
2026-08-04 19:43:59 | INFO     | preprocessor         | Step 3: ICD-9 chapter grouping (diag_1 / diag_2 / diag_3)
2026-08-04 19:43:59 | INFO     | preprocessor         |   diag_1 -> 18 chapters
2026-08-04 19:43:59 | INFO     | preprocessor         |     Circulatory          : 19,608
2026-08-04 19:43:59 | INFO     | preprocessor         |     Endocrine            : 7,604
2026-08-04 19:43:59 | INFO     | preprocessor         |     Respiratory          : 6,140
2026-08-04 19:43:59 | INFO     | preprocessor         |     Digestive            : 5,665
2026-08-04 19:43:59 | INFO     | preprocessor         |     Symptoms             : 4,969
2026-08-04 19:43:59 | INFO     | preprocessor         |   diag_2 -> 19 chapters
2026-08-04 19:43:59 | INFO     | preprocessor         |     Circulatory          : 20,713
2026-08-04 19:43:59 | INFO     | preprocessor         |     Endocrine            : 13,953
2026-08-04 19:43:59 | INFO     | preprocessor         |     Respiratory          : 6,304
2026-08-04 19:43:59 | INFO     | preprocessor         |     Genitourinary        : 4,034
2026-08-04 19:43:59 | INFO     | preprocessor         |     Symptoms             : 2,775
2026-08-04 19:43:59 | INFO     | preprocessor         |   diag_3 -> 19 chapters
2026-08-04 19:43:59 | INFO     | preprocessor         |     Circulatory          : 18,893
2026-08-04 19:43:59 | INFO     | preprocessor         |     Endocrine            : 16,963
2026-08-04 19:43:59 | INFO     | preprocessor         |     Respiratory          : 4,234
2026-08-04 19:43:59 | INFO     | preprocessor         |     Genitourinary        : 3,532
2026-08-04 19:43:59 | INFO     | preprocessor         |     Symptoms             : 2,628
2026-08-04 19:43:59 | INFO     | preprocessor         | --------------------------------------------------
2026-08-04 19:43:59 | INFO     | preprocessor         | Step 4: Age ordinal encoding
2026-08-04 19:43:59 | INFO     | preprocessor         |   age: 10 bins -> ordinal [0-9]  unmapped=0
2026-08-04 19:43:59 | INFO     | preprocessor         | --------------------------------------------------
2026-08-04 19:43:59 | INFO     | preprocessor         | Step 5: Medication encoding
2026-08-04 19:43:59 | INFO     | preprocessor         |   metformin                           ordinal encoded [No=0,Steady=1,Up=2,Down=3]
2026-08-04 19:43:59 | INFO     | preprocessor         |   repaglinide                         ordinal encoded [No=0,Steady=1,Up=2,Down=3]
2026-08-04 19:43:59 | INFO     | preprocessor         |   nateglinide                         ordinal encoded [No=0,Steady=1,Up=2,Down=3]
2026-08-04 19:43:59 | INFO     | preprocessor         |   glimepiride                         ordinal encoded [No=0,Steady=1,Up=2,Down=3]
2026-08-04 19:43:59 | INFO     | preprocessor         |   glipizide                           ordinal encoded [No=0,Steady=1,Up=2,Down=3]
2026-08-04 19:43:59 | INFO     | preprocessor         |   glyburide                           ordinal encoded [No=0,Steady=1,Up=2,Down=3]
2026-08-04 19:43:59 | INFO     | preprocessor         |   pioglitazone                        ordinal encoded [No=0,Steady=1,Up=2,Down=3]
2026-08-04 19:43:59 | INFO     | preprocessor         |   rosiglitazone                       ordinal encoded [No=0,Steady=1,Up=2,Down=3]
2026-08-04 19:43:59 | INFO     | preprocessor         |   insulin                             ordinal encoded [No=0,Steady=1,Up=2,Down=3]
2026-08-04 19:43:59 | INFO     | preprocessor         |   chlorpropamide                      binary encoded  prescribed=71 (0.11%)
2026-08-04 19:43:59 | INFO     | preprocessor         |   tolbutamide                         binary encoded  prescribed=19 (0.03%)
2026-08-04 19:43:59 | INFO     | preprocessor         |   acarbose                            binary encoded  prescribed=202 (0.32%)
2026-08-04 19:43:59 | INFO     | preprocessor         |   miglitol                            binary encoded  prescribed=30 (0.05%)
2026-08-04 19:43:59 | INFO     | preprocessor         |   tolazamide                          binary encoded  prescribed=38 (0.06%)
2026-08-04 19:43:59 | INFO     | preprocessor         |   glyburide-metformin                 binary encoded  prescribed=306 (0.48%)
2026-08-04 19:43:59 | INFO     | preprocessor         |   glipizide-metformin                 binary encoded  prescribed=10 (0.02%)
2026-08-04 19:43:59 | INFO     | preprocessor         | --------------------------------------------------
2026-08-04 19:43:59 | INFO     | preprocessor         | Step 6: Categorical imputation (fit on train)
2026-08-04 19:43:59 | INFO     | preprocessor         |   race                      mode imputed with 'Caucasian'  (fitted on train)
2026-08-04 19:43:59 | INFO     | preprocessor         |   medical_specialty         filled with 'Unknown'
2026-08-04 19:43:59 | INFO     | preprocessor         |   payer_code                filled with 'Unknown'
2026-08-04 19:43:59 | INFO     | preprocessor         | --------------------------------------------------
2026-08-04 19:43:59 | INFO     | preprocessor         | Step 7: LabelEncoder (fit on train)
2026-08-04 19:43:59 | INFO     | preprocessor         |   race                      5 classes  (fitted on train)
2026-08-04 19:43:59 | INFO     | preprocessor         |   gender                    3 classes  (fitted on train)
2026-08-04 19:43:59 | INFO     | preprocessor         |   payer_code                17 classes  (fitted on train)
2026-08-04 19:43:59 | INFO     | preprocessor         |   medical_specialty         68 classes  (fitted on train)
2026-08-04 19:43:59 | INFO     | preprocessor         |   change                    2 classes  (fitted on train)
2026-08-04 19:43:59 | INFO     | preprocessor         |   diabetesMed               2 classes  (fitted on train)
2026-08-04 19:43:59 | INFO     | preprocessor         |   diag_1                    18 classes  (fitted on train)
2026-08-04 19:43:59 | INFO     | preprocessor         |   diag_2                    19 classes  (fitted on train)
2026-08-04 19:43:59 | INFO     | preprocessor         |   diag_3                    19 classes  (fitted on train)
2026-08-04 19:43:59 | INFO     | preprocessor         | --------------------------------------------------
2026-08-04 19:43:59 | INFO     | preprocessor         | Step 8: Log1p transformation
2026-08-04 19:43:59 | INFO     | preprocessor         |   number_outpatient         skew: 7.645 -> 2.962
2026-08-04 19:43:59 | INFO     | preprocessor         |   number_emergency          skew: 11.193 -> 3.786
2026-08-04 19:43:59 | INFO     | preprocessor         | --------------------------------------------------
2026-08-04 19:43:59 | INFO     | preprocessor         | Step 9: Target encoding
2026-08-04 19:43:59 | INFO     | preprocessor         |   readmitted_binary: {0: np.int64(55875), 1: np.int64(7617)}
2026-08-04 19:43:59 | INFO     | preprocessor         |   readmitted_multi : {0: np.int64(32398), 2: np.int64(23477), 1: np.int64(7617)}
2026-08-04 19:43:59 | INFO     | preprocessor         | --------------------------------------------------
2026-08-04 19:43:59 | INFO     | preprocessor         | Step 10: Saving fitted artifacts
2026-08-04 19:43:59 | INFO     | preprocessor         |   label_encoders.pkl saved -> C:\Users\sharg\Desktop\github\DriftSentinel\outputs\artifacts\label_encoders.pkl
2026-08-04 19:43:59 | INFO     | preprocessor         |   impute_modes.json saved -> C:\Users\sharg\Desktop\github\DriftSentinel\outputs\artifacts\impute_modes.json
2026-08-04 19:43:59 | INFO     | preprocessor         |   age_ordinal_map.json saved -> C:\Users\sharg\Desktop\github\DriftSentinel\outputs\artifacts\age_ordinal_map.json
2026-08-04 19:43:59 | INFO     | preprocessor         |   preprocessor_config.json saved -> C:\Users\sharg\Desktop\github\DriftSentinel\outputs\artifacts\preprocessor_config.json
2026-08-04 19:43:59 | INFO     | preprocessor         | ======================================================================
2026-08-04 19:43:59 | INFO     | preprocessor         | fit_transform complete — shape: (63492, 42)
2026-08-04 19:43:59 | INFO     | preprocessor         | ======================================================================
2026-08-04 19:43:59 | INFO     | preprocessor         | ======================================================================
2026-08-04 19:43:59 | INFO     | preprocessor         | DriftSentinel — Preprocessor  [transform on VAL]
2026-08-04 19:43:59 | INFO     | preprocessor         | ======================================================================
2026-08-04 19:43:59 | INFO     | preprocessor         | Step 1: Dropped 9 columns
2026-08-04 19:43:59 | INFO     | preprocessor         | Step 2: Missingness flags applied
2026-08-04 19:43:59 | INFO     | preprocessor         | Step 3: ICD-9 chapter grouping applied
2026-08-04 19:43:59 | INFO     | preprocessor         | Step 4: Age ordinal encoding applied
2026-08-04 19:43:59 | INFO     | preprocessor         | Step 5: Medication encoding applied
2026-08-04 19:43:59 | INFO     | preprocessor         | Step 6: Imputation applied (train-fitted values)
2026-08-04 19:43:59 | WARNING  | preprocessor         |   medical_specialty: 2 unseen categories -> mapped to fallback 'AllergyandImmunology'
2026-08-04 19:43:59 | WARNING  | preprocessor         |   diag_1: 1 unseen categories -> mapped to fallback 'Blood'
2026-08-04 19:43:59 | INFO     | preprocessor         | Step 7: LabelEncoder applied (train-fitted)  unseen_total=3
2026-08-04 19:43:59 | INFO     | preprocessor         | Step 8: Log1p applied
2026-08-04 19:43:59 | INFO     | preprocessor         | Step 9: Target encoding applied
2026-08-04 19:43:59 | INFO     | preprocessor         | ======================================================================
2026-08-04 19:43:59 | INFO     | preprocessor         | transform complete [val] — shape: (20949, 42)
2026-08-04 19:43:59 | INFO     | preprocessor         | ======================================================================
2026-08-04 19:43:59 | INFO     | preprocessor         | ======================================================================
2026-08-04 19:43:59 | INFO     | preprocessor         | DriftSentinel — Preprocessor  [transform on TEST]
2026-08-04 19:43:59 | INFO     | preprocessor         | ======================================================================
2026-08-04 19:43:59 | INFO     | preprocessor         | Step 1: Dropped 9 columns
2026-08-04 19:43:59 | INFO     | preprocessor         | Step 2: Missingness flags applied
2026-08-04 19:43:59 | INFO     | preprocessor         | Step 3: ICD-9 chapter grouping applied
2026-08-04 19:43:59 | INFO     | preprocessor         | Step 4: Age ordinal encoding applied
2026-08-04 19:43:59 | INFO     | preprocessor         | Step 5: Medication encoding applied
2026-08-04 19:43:59 | INFO     | preprocessor         | Step 6: Imputation applied (train-fitted values)
2026-08-04 19:43:59 | WARNING  | preprocessor         |   payer_code: 1 unseen categories -> mapped to fallback 'BC'
2026-08-04 19:43:59 | WARNING  | preprocessor         |   medical_specialty: 16 unseen categories -> mapped to fallback 'AllergyandImmunology'
2026-08-04 19:43:59 | INFO     | preprocessor         | Step 7: LabelEncoder applied (train-fitted)  unseen_total=17
2026-08-04 19:43:59 | INFO     | preprocessor         | Step 8: Log1p applied
2026-08-04 19:43:59 | INFO     | preprocessor         | Step 9: Target encoding applied
2026-08-04 19:43:59 | INFO     | preprocessor         | ======================================================================
2026-08-04 19:43:59 | INFO     | preprocessor         | transform complete [test] — shape: (17325, 42)
2026-08-04 19:43:59 | INFO     | preprocessor         | ======================================================================
2026-08-04 20:43:41 | INFO     | preprocessor         | ===== RUN 20260804-204337-c95509 | pid=23936 | started 2026-08-04 20:43:41 =====
2026-08-04 20:43:41 | INFO     | preprocessor         | ======================================================================
2026-08-04 20:43:41 | INFO     | preprocessor         | DriftSentinel — Preprocessor  [fit_transform on TRAIN]
2026-08-04 20:43:41 | INFO     | preprocessor         | ======================================================================
2026-08-04 20:43:41 | INFO     | preprocessor         | --------------------------------------------------
2026-08-04 20:43:41 | INFO     | preprocessor         | Step 1: Dropping zero-variance and ID columns
2026-08-04 20:43:41 | INFO     | preprocessor         | Dropped 9 columns: ['encounter_id', 'patient_nbr', 'examide', 'citoglipton', 'acetohexamide', 'troglitazone', 'metformin-rosiglitazone', 'metformin-pioglitazone', 'glimepiride-pioglitazone']
2026-08-04 20:43:41 | INFO     | preprocessor         | Remaining columns: 41
2026-08-04 20:43:41 | INFO     | preprocessor         | --------------------------------------------------
2026-08-04 20:43:41 | INFO     | preprocessor         | Step 2: Encoding missingness flags
2026-08-04 20:43:41 | INFO     | preprocessor         |   weight_missing                      flagged=61,370 (96.7%)
2026-08-04 20:43:41 | INFO     | preprocessor         |   Original column 'weight' dropped after flag creation
2026-08-04 20:43:41 | INFO     | preprocessor         |   max_glu_serum_missing               flagged=58,649 (92.4%)
2026-08-04 20:43:41 | INFO     | preprocessor         |   Original column 'max_glu_serum' dropped after flag creation
2026-08-04 20:43:41 | INFO     | preprocessor         |   A1Cresult_missing                   flagged=53,887 (84.9%)
2026-08-04 20:43:41 | INFO     | preprocessor         |   Original column 'A1Cresult' dropped after flag creation
2026-08-04 20:43:41 | INFO     | preprocessor         | --------------------------------------------------
2026-08-04 20:43:41 | INFO     | preprocessor         | Step 3: ICD-9 chapter grouping (diag_1 / diag_2 / diag_3)
2026-08-04 20:43:41 | INFO     | preprocessor         |   diag_1 -> 18 chapters
2026-08-04 20:43:41 | INFO     | preprocessor         |     Circulatory          : 19,608
2026-08-04 20:43:41 | INFO     | preprocessor         |     Endocrine            : 7,604
2026-08-04 20:43:41 | INFO     | preprocessor         |     Respiratory          : 6,140
2026-08-04 20:43:41 | INFO     | preprocessor         |     Digestive            : 5,665
2026-08-04 20:43:41 | INFO     | preprocessor         |     Symptoms             : 4,969
2026-08-04 20:43:41 | INFO     | preprocessor         |   diag_2 -> 19 chapters
2026-08-04 20:43:41 | INFO     | preprocessor         |     Circulatory          : 20,713
2026-08-04 20:43:41 | INFO     | preprocessor         |     Endocrine            : 13,953
2026-08-04 20:43:41 | INFO     | preprocessor         |     Respiratory          : 6,304
2026-08-04 20:43:41 | INFO     | preprocessor         |     Genitourinary        : 4,034
2026-08-04 20:43:41 | INFO     | preprocessor         |     Symptoms             : 2,775
2026-08-04 20:43:41 | INFO     | preprocessor         |   diag_3 -> 19 chapters
2026-08-04 20:43:41 | INFO     | preprocessor         |     Circulatory          : 18,893
2026-08-04 20:43:41 | INFO     | preprocessor         |     Endocrine            : 16,963
2026-08-04 20:43:41 | INFO     | preprocessor         |     Respiratory          : 4,234
2026-08-04 20:43:41 | INFO     | preprocessor         |     Genitourinary        : 3,532
2026-08-04 20:43:41 | INFO     | preprocessor         |     Symptoms             : 2,628
2026-08-04 20:43:41 | INFO     | preprocessor         | --------------------------------------------------
2026-08-04 20:43:41 | INFO     | preprocessor         | Step 4: Age ordinal encoding
2026-08-04 20:43:41 | INFO     | preprocessor         |   age: 10 bins -> ordinal [0-9]  unmapped=0
2026-08-04 20:43:41 | INFO     | preprocessor         | --------------------------------------------------
2026-08-04 20:43:41 | INFO     | preprocessor         | Step 5: Medication encoding
2026-08-04 20:43:41 | INFO     | preprocessor         |   metformin                           ordinal encoded [No=0,Steady=1,Up=2,Down=3]
2026-08-04 20:43:41 | INFO     | preprocessor         |   repaglinide                         ordinal encoded [No=0,Steady=1,Up=2,Down=3]
2026-08-04 20:43:41 | INFO     | preprocessor         |   nateglinide                         ordinal encoded [No=0,Steady=1,Up=2,Down=3]
2026-08-04 20:43:41 | INFO     | preprocessor         |   glimepiride                         ordinal encoded [No=0,Steady=1,Up=2,Down=3]
2026-08-04 20:43:41 | INFO     | preprocessor         |   glipizide                           ordinal encoded [No=0,Steady=1,Up=2,Down=3]
2026-08-04 20:43:41 | INFO     | preprocessor         |   glyburide                           ordinal encoded [No=0,Steady=1,Up=2,Down=3]
2026-08-04 20:43:41 | INFO     | preprocessor         |   pioglitazone                        ordinal encoded [No=0,Steady=1,Up=2,Down=3]
2026-08-04 20:43:41 | INFO     | preprocessor         |   rosiglitazone                       ordinal encoded [No=0,Steady=1,Up=2,Down=3]
2026-08-04 20:43:41 | INFO     | preprocessor         |   insulin                             ordinal encoded [No=0,Steady=1,Up=2,Down=3]
2026-08-04 20:43:41 | INFO     | preprocessor         |   chlorpropamide                      binary encoded  prescribed=71 (0.11%)
2026-08-04 20:43:41 | INFO     | preprocessor         |   tolbutamide                         binary encoded  prescribed=19 (0.03%)
2026-08-04 20:43:41 | INFO     | preprocessor         |   acarbose                            binary encoded  prescribed=202 (0.32%)
2026-08-04 20:43:41 | INFO     | preprocessor         |   miglitol                            binary encoded  prescribed=30 (0.05%)
2026-08-04 20:43:41 | INFO     | preprocessor         |   tolazamide                          binary encoded  prescribed=38 (0.06%)
2026-08-04 20:43:41 | INFO     | preprocessor         |   glyburide-metformin                 binary encoded  prescribed=306 (0.48%)
2026-08-04 20:43:41 | INFO     | preprocessor         |   glipizide-metformin                 binary encoded  prescribed=10 (0.02%)
2026-08-04 20:43:41 | INFO     | preprocessor         | --------------------------------------------------
2026-08-04 20:43:41 | INFO     | preprocessor         | Step 6: Categorical imputation (fit on train)
2026-08-04 20:43:41 | INFO     | preprocessor         |   race                      mode imputed with 'Caucasian'  (fitted on train)
2026-08-04 20:43:41 | INFO     | preprocessor         |   medical_specialty         filled with 'Unknown'
2026-08-04 20:43:41 | INFO     | preprocessor         |   payer_code                filled with 'Unknown'
2026-08-04 20:43:41 | INFO     | preprocessor         | --------------------------------------------------
2026-08-04 20:43:41 | INFO     | preprocessor         | Step 7: LabelEncoder (fit on train)
2026-08-04 20:43:41 | INFO     | preprocessor         |   race                      5 classes  (fitted on train)
2026-08-04 20:43:41 | INFO     | preprocessor         |   gender                    3 classes  (fitted on train)
2026-08-04 20:43:41 | INFO     | preprocessor         |   payer_code                17 classes  (fitted on train)
2026-08-04 20:43:41 | INFO     | preprocessor         |   medical_specialty         68 classes  (fitted on train)
2026-08-04 20:43:41 | INFO     | preprocessor         |   change                    2 classes  (fitted on train)
2026-08-04 20:43:41 | INFO     | preprocessor         |   diabetesMed               2 classes  (fitted on train)
2026-08-04 20:43:41 | INFO     | preprocessor         |   diag_1                    18 classes  (fitted on train)
2026-08-04 20:43:41 | INFO     | preprocessor         |   diag_2                    19 classes  (fitted on train)
2026-08-04 20:43:41 | INFO     | preprocessor         |   diag_3                    19 classes  (fitted on train)
2026-08-04 20:43:41 | INFO     | preprocessor         | --------------------------------------------------
2026-08-04 20:43:41 | INFO     | preprocessor         | Step 8: Log1p transformation
2026-08-04 20:43:41 | INFO     | preprocessor         |   number_outpatient         skew: 7.645 -> 2.962
2026-08-04 20:43:41 | INFO     | preprocessor         |   number_emergency          skew: 11.193 -> 3.786
2026-08-04 20:43:41 | INFO     | preprocessor         | --------------------------------------------------
2026-08-04 20:43:41 | INFO     | preprocessor         | Step 9: Target encoding
2026-08-04 20:43:41 | INFO     | preprocessor         |   readmitted_binary: {0: np.int64(55875), 1: np.int64(7617)}
2026-08-04 20:43:41 | INFO     | preprocessor         |   readmitted_multi : {0: np.int64(32398), 2: np.int64(23477), 1: np.int64(7617)}
2026-08-04 20:43:41 | INFO     | preprocessor         | --------------------------------------------------
2026-08-04 20:43:41 | INFO     | preprocessor         | Step 10: Saving fitted artifacts
2026-08-04 20:43:41 | INFO     | preprocessor         |   label_encoders.pkl saved -> C:\Users\sharg\Desktop\github\DriftSentinel\outputs\artifacts\label_encoders.pkl
2026-08-04 20:43:41 | INFO     | preprocessor         |   impute_modes.json saved -> C:\Users\sharg\Desktop\github\DriftSentinel\outputs\artifacts\impute_modes.json
2026-08-04 20:43:41 | INFO     | preprocessor         |   age_ordinal_map.json saved -> C:\Users\sharg\Desktop\github\DriftSentinel\outputs\artifacts\age_ordinal_map.json
2026-08-04 20:43:41 | INFO     | preprocessor         |   preprocessor_config.json saved -> C:\Users\sharg\Desktop\github\DriftSentinel\outputs\artifacts\preprocessor_config.json
2026-08-04 20:43:41 | INFO     | preprocessor         | ======================================================================
2026-08-04 20:43:41 | INFO     | preprocessor         | fit_transform complete — shape: (63492, 42)
2026-08-04 20:43:41 | INFO     | preprocessor         | ======================================================================
2026-08-04 20:43:41 | INFO     | preprocessor         | ======================================================================
2026-08-04 20:43:41 | INFO     | preprocessor         | DriftSentinel — Preprocessor  [transform on VAL]
2026-08-04 20:43:41 | INFO     | preprocessor         | ======================================================================
2026-08-04 20:43:41 | INFO     | preprocessor         | Step 1: Dropped 9 columns
2026-08-04 20:43:41 | INFO     | preprocessor         | Step 2: Missingness flags applied
2026-08-04 20:43:41 | INFO     | preprocessor         | Step 3: ICD-9 chapter grouping applied
2026-08-04 20:43:41 | INFO     | preprocessor         | Step 4: Age ordinal encoding applied
2026-08-04 20:43:42 | INFO     | preprocessor         | Step 5: Medication encoding applied
2026-08-04 20:43:42 | INFO     | preprocessor         | Step 6: Imputation applied (train-fitted values)
2026-08-04 20:43:42 | WARNING  | preprocessor         |   medical_specialty: 2 unseen categories -> mapped to fallback 'AllergyandImmunology'
2026-08-04 20:43:42 | WARNING  | preprocessor         |   diag_1: 1 unseen categories -> mapped to fallback 'Blood'
2026-08-04 20:43:42 | INFO     | preprocessor         | Step 7: LabelEncoder applied (train-fitted)  unseen_total=3
2026-08-04 20:43:42 | INFO     | preprocessor         | Step 8: Log1p applied
2026-08-04 20:43:42 | INFO     | preprocessor         | Step 9: Target encoding applied
2026-08-04 20:43:42 | INFO     | preprocessor         | ======================================================================
2026-08-04 20:43:42 | INFO     | preprocessor         | transform complete [val] — shape: (20949, 42)
2026-08-04 20:43:42 | INFO     | preprocessor         | ======================================================================
2026-08-04 20:43:42 | INFO     | preprocessor         | ======================================================================
2026-08-04 20:43:42 | INFO     | preprocessor         | DriftSentinel — Preprocessor  [transform on TEST]
2026-08-04 20:43:42 | INFO     | preprocessor         | ======================================================================
2026-08-04 20:43:42 | INFO     | preprocessor         | Step 1: Dropped 9 columns
2026-08-04 20:43:42 | INFO     | preprocessor         | Step 2: Missingness flags applied
2026-08-04 20:43:42 | INFO     | preprocessor         | Step 3: ICD-9 chapter grouping applied
2026-08-04 20:43:42 | INFO     | preprocessor         | Step 4: Age ordinal encoding applied
2026-08-04 20:43:42 | INFO     | preprocessor         | Step 5: Medication encoding applied
2026-08-04 20:43:42 | INFO     | preprocessor         | Step 6: Imputation applied (train-fitted values)
2026-08-04 20:43:42 | WARNING  | preprocessor         |   payer_code: 1 unseen categories -> mapped to fallback 'BC'
2026-08-04 20:43:42 | WARNING  | preprocessor         |   medical_specialty: 16 unseen categories -> mapped to fallback 'AllergyandImmunology'
2026-08-04 20:43:42 | INFO     | preprocessor         | Step 7: LabelEncoder applied (train-fitted)  unseen_total=17
2026-08-04 20:43:42 | INFO     | preprocessor         | Step 8: Log1p applied
2026-08-04 20:43:42 | INFO     | preprocessor         | Step 9: Target encoding applied
2026-08-04 20:43:42 | INFO     | preprocessor         | ======================================================================
2026-08-04 20:43:42 | INFO     | preprocessor         | transform complete [test] — shape: (17325, 42)
2026-08-04 20:43:42 | INFO     | preprocessor         | ======================================================================
2026-08-04 20:48:03 | INFO     | preprocessor         | ===== RUN 20260804-204759-229d57 | pid=20292 | started 2026-08-04 20:48:03 =====
2026-08-04 20:48:03 | INFO     | preprocessor         | ======================================================================
2026-08-04 20:48:03 | INFO     | preprocessor         | DriftSentinel — Preprocessor  [fit_transform on TRAIN]
2026-08-04 20:48:03 | INFO     | preprocessor         | ======================================================================
2026-08-04 20:48:03 | INFO     | preprocessor         | --------------------------------------------------
2026-08-04 20:48:03 | INFO     | preprocessor         | Step 1: Dropping zero-variance and ID columns
2026-08-04 20:48:03 | INFO     | preprocessor         | Dropped 9 columns: ['encounter_id', 'patient_nbr', 'examide', 'citoglipton', 'acetohexamide', 'troglitazone', 'metformin-rosiglitazone', 'metformin-pioglitazone', 'glimepiride-pioglitazone']
2026-08-04 20:48:03 | INFO     | preprocessor         | Remaining columns: 41
2026-08-04 20:48:03 | INFO     | preprocessor         | --------------------------------------------------
2026-08-04 20:48:03 | INFO     | preprocessor         | Step 2: Encoding missingness flags
2026-08-04 20:48:03 | INFO     | preprocessor         |   weight_missing                      flagged=61,370 (96.7%)
2026-08-04 20:48:03 | INFO     | preprocessor         |   Original column 'weight' dropped after flag creation
2026-08-04 20:48:03 | INFO     | preprocessor         |   max_glu_serum_missing               flagged=58,649 (92.4%)
2026-08-04 20:48:03 | INFO     | preprocessor         |   Original column 'max_glu_serum' dropped after flag creation
2026-08-04 20:48:03 | INFO     | preprocessor         |   A1Cresult_missing                   flagged=53,887 (84.9%)
2026-08-04 20:48:03 | INFO     | preprocessor         |   Original column 'A1Cresult' dropped after flag creation
2026-08-04 20:48:03 | INFO     | preprocessor         | --------------------------------------------------
2026-08-04 20:48:03 | INFO     | preprocessor         | Step 3: ICD-9 chapter grouping (diag_1 / diag_2 / diag_3)
2026-08-04 20:48:03 | INFO     | preprocessor         |   diag_1 -> 18 chapters
2026-08-04 20:48:03 | INFO     | preprocessor         |     Circulatory          : 19,608
2026-08-04 20:48:03 | INFO     | preprocessor         |     Endocrine            : 7,604
2026-08-04 20:48:03 | INFO     | preprocessor         |     Respiratory          : 6,140
2026-08-04 20:48:03 | INFO     | preprocessor         |     Digestive            : 5,665
2026-08-04 20:48:03 | INFO     | preprocessor         |     Symptoms             : 4,969
2026-08-04 20:48:03 | INFO     | preprocessor         |   diag_2 -> 19 chapters
2026-08-04 20:48:03 | INFO     | preprocessor         |     Circulatory          : 20,713
2026-08-04 20:48:03 | INFO     | preprocessor         |     Endocrine            : 13,953
2026-08-04 20:48:03 | INFO     | preprocessor         |     Respiratory          : 6,304
2026-08-04 20:48:03 | INFO     | preprocessor         |     Genitourinary        : 4,034
2026-08-04 20:48:03 | INFO     | preprocessor         |     Symptoms             : 2,775
2026-08-04 20:48:03 | INFO     | preprocessor         |   diag_3 -> 19 chapters
2026-08-04 20:48:03 | INFO     | preprocessor         |     Circulatory          : 18,893
2026-08-04 20:48:03 | INFO     | preprocessor         |     Endocrine            : 16,963
2026-08-04 20:48:03 | INFO     | preprocessor         |     Respiratory          : 4,234
2026-08-04 20:48:03 | INFO     | preprocessor         |     Genitourinary        : 3,532
2026-08-04 20:48:03 | INFO     | preprocessor         |     Symptoms             : 2,628
2026-08-04 20:48:03 | INFO     | preprocessor         | --------------------------------------------------
2026-08-04 20:48:03 | INFO     | preprocessor         | Step 4: Age ordinal encoding
2026-08-04 20:48:03 | INFO     | preprocessor         |   age: 10 bins -> ordinal [0-9]  unmapped=0
2026-08-04 20:48:03 | INFO     | preprocessor         | --------------------------------------------------
2026-08-04 20:48:03 | INFO     | preprocessor         | Step 5: Medication encoding
2026-08-04 20:48:03 | INFO     | preprocessor         |   metformin                           ordinal encoded [No=0,Steady=1,Up=2,Down=3]
2026-08-04 20:48:03 | INFO     | preprocessor         |   repaglinide                         ordinal encoded [No=0,Steady=1,Up=2,Down=3]
2026-08-04 20:48:03 | INFO     | preprocessor         |   nateglinide                         ordinal encoded [No=0,Steady=1,Up=2,Down=3]
2026-08-04 20:48:03 | INFO     | preprocessor         |   glimepiride                         ordinal encoded [No=0,Steady=1,Up=2,Down=3]
2026-08-04 20:48:03 | INFO     | preprocessor         |   glipizide                           ordinal encoded [No=0,Steady=1,Up=2,Down=3]
2026-08-04 20:48:03 | INFO     | preprocessor         |   glyburide                           ordinal encoded [No=0,Steady=1,Up=2,Down=3]
2026-08-04 20:48:03 | INFO     | preprocessor         |   pioglitazone                        ordinal encoded [No=0,Steady=1,Up=2,Down=3]
2026-08-04 20:48:03 | INFO     | preprocessor         |   rosiglitazone                       ordinal encoded [No=0,Steady=1,Up=2,Down=3]
2026-08-04 20:48:03 | INFO     | preprocessor         |   insulin                             ordinal encoded [No=0,Steady=1,Up=2,Down=3]
2026-08-04 20:48:03 | INFO     | preprocessor         |   chlorpropamide                      binary encoded  prescribed=71 (0.11%)
2026-08-04 20:48:03 | INFO     | preprocessor         |   tolbutamide                         binary encoded  prescribed=19 (0.03%)
2026-08-04 20:48:03 | INFO     | preprocessor         |   acarbose                            binary encoded  prescribed=202 (0.32%)
2026-08-04 20:48:03 | INFO     | preprocessor         |   miglitol                            binary encoded  prescribed=30 (0.05%)
2026-08-04 20:48:03 | INFO     | preprocessor         |   tolazamide                          binary encoded  prescribed=38 (0.06%)
2026-08-04 20:48:03 | INFO     | preprocessor         |   glyburide-metformin                 binary encoded  prescribed=306 (0.48%)
2026-08-04 20:48:03 | INFO     | preprocessor         |   glipizide-metformin                 binary encoded  prescribed=10 (0.02%)
2026-08-04 20:48:03 | INFO     | preprocessor         | --------------------------------------------------
2026-08-04 20:48:03 | INFO     | preprocessor         | Step 6: Categorical imputation (fit on train)
2026-08-04 20:48:03 | INFO     | preprocessor         |   race                      mode imputed with 'Caucasian'  (fitted on train)
2026-08-04 20:48:03 | INFO     | preprocessor         |   medical_specialty         filled with 'Unknown'
2026-08-04 20:48:03 | INFO     | preprocessor         |   payer_code                filled with 'Unknown'
2026-08-04 20:48:03 | INFO     | preprocessor         | --------------------------------------------------
2026-08-04 20:48:03 | INFO     | preprocessor         | Step 7: LabelEncoder (fit on train)
2026-08-04 20:48:03 | INFO     | preprocessor         |   race                      5 classes  (fitted on train)
2026-08-04 20:48:03 | INFO     | preprocessor         |   gender                    3 classes  (fitted on train)
2026-08-04 20:48:03 | INFO     | preprocessor         |   payer_code                17 classes  (fitted on train)
2026-08-04 20:48:03 | INFO     | preprocessor         |   medical_specialty         68 classes  (fitted on train)
2026-08-04 20:48:03 | INFO     | preprocessor         |   change                    2 classes  (fitted on train)
2026-08-04 20:48:03 | INFO     | preprocessor         |   diabetesMed               2 classes  (fitted on train)
2026-08-04 20:48:03 | INFO     | preprocessor         |   diag_1                    18 classes  (fitted on train)
2026-08-04 20:48:03 | INFO     | preprocessor         |   diag_2                    19 classes  (fitted on train)
2026-08-04 20:48:03 | INFO     | preprocessor         |   diag_3                    19 classes  (fitted on train)
2026-08-04 20:48:03 | INFO     | preprocessor         | --------------------------------------------------
2026-08-04 20:48:03 | INFO     | preprocessor         | Step 8: Log1p transformation
2026-08-04 20:48:03 | INFO     | preprocessor         |   number_outpatient         skew: 7.645 -> 2.962
2026-08-04 20:48:03 | INFO     | preprocessor         |   number_emergency          skew: 11.193 -> 3.786
2026-08-04 20:48:03 | INFO     | preprocessor         | --------------------------------------------------
2026-08-04 20:48:03 | INFO     | preprocessor         | Step 9: Target encoding
2026-08-04 20:48:03 | INFO     | preprocessor         |   readmitted_binary: {0: np.int64(55875), 1: np.int64(7617)}
2026-08-04 20:48:03 | INFO     | preprocessor         |   readmitted_multi : {0: np.int64(32398), 2: np.int64(23477), 1: np.int64(7617)}
2026-08-04 20:48:03 | INFO     | preprocessor         | --------------------------------------------------
2026-08-04 20:48:03 | INFO     | preprocessor         | Step 10: Saving fitted artifacts
2026-08-04 20:48:03 | INFO     | preprocessor         |   label_encoders.pkl saved -> C:\Users\sharg\Desktop\github\DriftSentinel\outputs\artifacts\label_encoders.pkl
2026-08-04 20:48:03 | INFO     | preprocessor         |   impute_modes.json saved -> C:\Users\sharg\Desktop\github\DriftSentinel\outputs\artifacts\impute_modes.json
2026-08-04 20:48:03 | INFO     | preprocessor         |   age_ordinal_map.json saved -> C:\Users\sharg\Desktop\github\DriftSentinel\outputs\artifacts\age_ordinal_map.json
2026-08-04 20:48:03 | INFO     | preprocessor         |   preprocessor_config.json saved -> C:\Users\sharg\Desktop\github\DriftSentinel\outputs\artifacts\preprocessor_config.json
2026-08-04 20:48:03 | INFO     | preprocessor         | ======================================================================
2026-08-04 20:48:03 | INFO     | preprocessor         | fit_transform complete — shape: (63492, 42)
2026-08-04 20:48:03 | INFO     | preprocessor         | ======================================================================
2026-08-04 20:48:03 | INFO     | preprocessor         | ======================================================================
2026-08-04 20:48:03 | INFO     | preprocessor         | DriftSentinel — Preprocessor  [transform on VAL]
2026-08-04 20:48:03 | INFO     | preprocessor         | ======================================================================
2026-08-04 20:48:03 | INFO     | preprocessor         | Step 1: Dropped 9 columns
2026-08-04 20:48:03 | INFO     | preprocessor         | Step 2: Missingness flags applied
2026-08-04 20:48:03 | INFO     | preprocessor         | Step 3: ICD-9 chapter grouping applied
2026-08-04 20:48:03 | INFO     | preprocessor         | Step 4: Age ordinal encoding applied
2026-08-04 20:48:03 | INFO     | preprocessor         | Step 5: Medication encoding applied
2026-08-04 20:48:03 | INFO     | preprocessor         | Step 6: Imputation applied (train-fitted values)
2026-08-04 20:48:03 | WARNING  | preprocessor         |   medical_specialty: 2 unseen categories -> mapped to fallback 'AllergyandImmunology'
2026-08-04 20:48:03 | WARNING  | preprocessor         |   diag_1: 1 unseen categories -> mapped to fallback 'Blood'
2026-08-04 20:48:03 | INFO     | preprocessor         | Step 7: LabelEncoder applied (train-fitted)  unseen_total=3
2026-08-04 20:48:03 | INFO     | preprocessor         | Step 8: Log1p applied
2026-08-04 20:48:03 | INFO     | preprocessor         | Step 9: Target encoding applied
2026-08-04 20:48:03 | INFO     | preprocessor         | ======================================================================
2026-08-04 20:48:03 | INFO     | preprocessor         | transform complete [val] — shape: (20949, 42)
2026-08-04 20:48:03 | INFO     | preprocessor         | ======================================================================
2026-08-04 20:48:03 | INFO     | preprocessor         | ======================================================================
2026-08-04 20:48:03 | INFO     | preprocessor         | DriftSentinel — Preprocessor  [transform on TEST]
2026-08-04 20:48:03 | INFO     | preprocessor         | ======================================================================
2026-08-04 20:48:03 | INFO     | preprocessor         | Step 1: Dropped 9 columns
2026-08-04 20:48:03 | INFO     | preprocessor         | Step 2: Missingness flags applied
2026-08-04 20:48:04 | INFO     | preprocessor         | Step 3: ICD-9 chapter grouping applied
2026-08-04 20:48:04 | INFO     | preprocessor         | Step 4: Age ordinal encoding applied
2026-08-04 20:48:04 | INFO     | preprocessor         | Step 5: Medication encoding applied
2026-08-04 20:48:04 | INFO     | preprocessor         | Step 6: Imputation applied (train-fitted values)
2026-08-04 20:48:04 | WARNING  | preprocessor         |   payer_code: 1 unseen categories -> mapped to fallback 'BC'
2026-08-04 20:48:04 | WARNING  | preprocessor         |   medical_specialty: 16 unseen categories -> mapped to fallback 'AllergyandImmunology'
2026-08-04 20:48:04 | INFO     | preprocessor         | Step 7: LabelEncoder applied (train-fitted)  unseen_total=17
2026-08-04 20:48:04 | INFO     | preprocessor         | Step 8: Log1p applied
2026-08-04 20:48:04 | INFO     | preprocessor         | Step 9: Target encoding applied
2026-08-04 20:48:04 | INFO     | preprocessor         | ======================================================================
2026-08-04 20:48:04 | INFO     | preprocessor         | transform complete [test] — shape: (17325, 42)
2026-08-04 20:48:04 | INFO     | preprocessor         | ======================================================================
2026-08-04 21:08:45 | INFO     | preprocessor         | ===== RUN 20260804-210841-a57669 | pid=27220 | started 2026-08-04 21:08:45 =====
2026-08-04 21:08:45 | INFO     | preprocessor         | ======================================================================
2026-08-04 21:08:45 | INFO     | preprocessor         | DriftSentinel — Preprocessor  [fit_transform on TRAIN]
2026-08-04 21:08:45 | INFO     | preprocessor         | ======================================================================
2026-08-04 21:08:45 | INFO     | preprocessor         | --------------------------------------------------
2026-08-04 21:08:45 | INFO     | preprocessor         | Step 1: Dropping zero-variance and ID columns
2026-08-04 21:08:45 | INFO     | preprocessor         | Dropped 9 columns: ['encounter_id', 'patient_nbr', 'examide', 'citoglipton', 'acetohexamide', 'troglitazone', 'metformin-rosiglitazone', 'metformin-pioglitazone', 'glimepiride-pioglitazone']
2026-08-04 21:08:45 | INFO     | preprocessor         | Remaining columns: 41
2026-08-04 21:08:45 | INFO     | preprocessor         | --------------------------------------------------
2026-08-04 21:08:45 | INFO     | preprocessor         | Step 2: Encoding missingness flags
2026-08-04 21:08:45 | INFO     | preprocessor         |   weight_missing                      flagged=61,370 (96.7%)
2026-08-04 21:08:45 | INFO     | preprocessor         |   Original column 'weight' dropped after flag creation
2026-08-04 21:08:45 | INFO     | preprocessor         |   max_glu_serum_missing               flagged=58,649 (92.4%)
2026-08-04 21:08:45 | INFO     | preprocessor         |   Original column 'max_glu_serum' dropped after flag creation
2026-08-04 21:08:45 | INFO     | preprocessor         |   A1Cresult_missing                   flagged=53,887 (84.9%)
2026-08-04 21:08:45 | INFO     | preprocessor         |   Original column 'A1Cresult' dropped after flag creation
2026-08-04 21:08:45 | INFO     | preprocessor         | --------------------------------------------------
2026-08-04 21:08:45 | INFO     | preprocessor         | Step 3: ICD-9 chapter grouping (diag_1 / diag_2 / diag_3)
2026-08-04 21:08:45 | INFO     | preprocessor         |   diag_1 -> 18 chapters
2026-08-04 21:08:45 | INFO     | preprocessor         |     Circulatory          : 19,608
2026-08-04 21:08:45 | INFO     | preprocessor         |     Endocrine            : 7,604
2026-08-04 21:08:45 | INFO     | preprocessor         |     Respiratory          : 6,140
2026-08-04 21:08:45 | INFO     | preprocessor         |     Digestive            : 5,665
2026-08-04 21:08:45 | INFO     | preprocessor         |     Symptoms             : 4,969
2026-08-04 21:08:45 | INFO     | preprocessor         |   diag_2 -> 19 chapters
2026-08-04 21:08:45 | INFO     | preprocessor         |     Circulatory          : 20,713
2026-08-04 21:08:45 | INFO     | preprocessor         |     Endocrine            : 13,953
2026-08-04 21:08:45 | INFO     | preprocessor         |     Respiratory          : 6,304
2026-08-04 21:08:45 | INFO     | preprocessor         |     Genitourinary        : 4,034
2026-08-04 21:08:45 | INFO     | preprocessor         |     Symptoms             : 2,775
2026-08-04 21:08:45 | INFO     | preprocessor         |   diag_3 -> 19 chapters
2026-08-04 21:08:45 | INFO     | preprocessor         |     Circulatory          : 18,893
2026-08-04 21:08:45 | INFO     | preprocessor         |     Endocrine            : 16,963
2026-08-04 21:08:45 | INFO     | preprocessor         |     Respiratory          : 4,234
2026-08-04 21:08:45 | INFO     | preprocessor         |     Genitourinary        : 3,532
2026-08-04 21:08:45 | INFO     | preprocessor         |     Symptoms             : 2,628
2026-08-04 21:08:45 | INFO     | preprocessor         | --------------------------------------------------
2026-08-04 21:08:45 | INFO     | preprocessor         | Step 4: Age ordinal encoding
2026-08-04 21:08:45 | INFO     | preprocessor         |   age: 10 bins -> ordinal [0-9]  unmapped=0
2026-08-04 21:08:45 | INFO     | preprocessor         | --------------------------------------------------
2026-08-04 21:08:45 | INFO     | preprocessor         | Step 5: Medication encoding
2026-08-04 21:08:45 | INFO     | preprocessor         |   metformin                           ordinal encoded [No=0,Steady=1,Up=2,Down=3]
2026-08-04 21:08:45 | INFO     | preprocessor         |   repaglinide                         ordinal encoded [No=0,Steady=1,Up=2,Down=3]
2026-08-04 21:08:45 | INFO     | preprocessor         |   nateglinide                         ordinal encoded [No=0,Steady=1,Up=2,Down=3]
2026-08-04 21:08:45 | INFO     | preprocessor         |   glimepiride                         ordinal encoded [No=0,Steady=1,Up=2,Down=3]
2026-08-04 21:08:45 | INFO     | preprocessor         |   glipizide                           ordinal encoded [No=0,Steady=1,Up=2,Down=3]
2026-08-04 21:08:45 | INFO     | preprocessor         |   glyburide                           ordinal encoded [No=0,Steady=1,Up=2,Down=3]
2026-08-04 21:08:45 | INFO     | preprocessor         |   pioglitazone                        ordinal encoded [No=0,Steady=1,Up=2,Down=3]
2026-08-04 21:08:45 | INFO     | preprocessor         |   rosiglitazone                       ordinal encoded [No=0,Steady=1,Up=2,Down=3]
2026-08-04 21:08:45 | INFO     | preprocessor         |   insulin                             ordinal encoded [No=0,Steady=1,Up=2,Down=3]
2026-08-04 21:08:45 | INFO     | preprocessor         |   chlorpropamide                      binary encoded  prescribed=71 (0.11%)
2026-08-04 21:08:45 | INFO     | preprocessor         |   tolbutamide                         binary encoded  prescribed=19 (0.03%)
2026-08-04 21:08:45 | INFO     | preprocessor         |   acarbose                            binary encoded  prescribed=202 (0.32%)
2026-08-04 21:08:45 | INFO     | preprocessor         |   miglitol                            binary encoded  prescribed=30 (0.05%)
2026-08-04 21:08:45 | INFO     | preprocessor         |   tolazamide                          binary encoded  prescribed=38 (0.06%)
2026-08-04 21:08:45 | INFO     | preprocessor         |   glyburide-metformin                 binary encoded  prescribed=306 (0.48%)
2026-08-04 21:08:45 | INFO     | preprocessor         |   glipizide-metformin                 binary encoded  prescribed=10 (0.02%)
2026-08-04 21:08:45 | INFO     | preprocessor         | --------------------------------------------------
2026-08-04 21:08:45 | INFO     | preprocessor         | Step 6: Categorical imputation (fit on train)
2026-08-04 21:08:45 | INFO     | preprocessor         |   race                      mode imputed with 'Caucasian'  (fitted on train)
2026-08-04 21:08:45 | INFO     | preprocessor         |   medical_specialty         filled with 'Unknown'
2026-08-04 21:08:45 | INFO     | preprocessor         |   payer_code                filled with 'Unknown'
2026-08-04 21:08:45 | INFO     | preprocessor         | --------------------------------------------------
2026-08-04 21:08:45 | INFO     | preprocessor         | Step 7: LabelEncoder (fit on train)
2026-08-04 21:08:45 | INFO     | preprocessor         |   race                      5 classes  (fitted on train)
2026-08-04 21:08:45 | INFO     | preprocessor         |   gender                    3 classes  (fitted on train)
2026-08-04 21:08:45 | INFO     | preprocessor         |   payer_code                17 classes  (fitted on train)
2026-08-04 21:08:45 | INFO     | preprocessor         |   medical_specialty         68 classes  (fitted on train)
2026-08-04 21:08:45 | INFO     | preprocessor         |   change                    2 classes  (fitted on train)
2026-08-04 21:08:45 | INFO     | preprocessor         |   diabetesMed               2 classes  (fitted on train)
2026-08-04 21:08:45 | INFO     | preprocessor         |   diag_1                    18 classes  (fitted on train)
2026-08-04 21:08:45 | INFO     | preprocessor         |   diag_2                    19 classes  (fitted on train)
2026-08-04 21:08:45 | INFO     | preprocessor         |   diag_3                    19 classes  (fitted on train)
2026-08-04 21:08:45 | INFO     | preprocessor         | --------------------------------------------------
2026-08-04 21:08:45 | INFO     | preprocessor         | Step 8: Log1p transformation
2026-08-04 21:08:45 | INFO     | preprocessor         |   number_outpatient         skew: 7.645 -> 2.962
2026-08-04 21:08:45 | INFO     | preprocessor         |   number_emergency          skew: 11.193 -> 3.786
2026-08-04 21:08:45 | INFO     | preprocessor         | --------------------------------------------------
2026-08-04 21:08:45 | INFO     | preprocessor         | Step 9: Target encoding
2026-08-04 21:08:45 | INFO     | preprocessor         |   readmitted_binary: {0: np.int64(55875), 1: np.int64(7617)}
2026-08-04 21:08:45 | INFO     | preprocessor         |   readmitted_multi : {0: np.int64(32398), 2: np.int64(23477), 1: np.int64(7617)}
2026-08-04 21:08:45 | INFO     | preprocessor         | --------------------------------------------------
2026-08-04 21:08:45 | INFO     | preprocessor         | Step 10: Saving fitted artifacts
2026-08-04 21:08:45 | INFO     | preprocessor         |   label_encoders.pkl saved -> C:\Users\sharg\Desktop\github\DriftSentinel\outputs\artifacts\label_encoders.pkl
2026-08-04 21:08:45 | INFO     | preprocessor         |   impute_modes.json saved -> C:\Users\sharg\Desktop\github\DriftSentinel\outputs\artifacts\impute_modes.json
2026-08-04 21:08:45 | INFO     | preprocessor         |   age_ordinal_map.json saved -> C:\Users\sharg\Desktop\github\DriftSentinel\outputs\artifacts\age_ordinal_map.json
2026-08-04 21:08:45 | INFO     | preprocessor         |   preprocessor_config.json saved -> C:\Users\sharg\Desktop\github\DriftSentinel\outputs\artifacts\preprocessor_config.json
2026-08-04 21:08:45 | INFO     | preprocessor         | ======================================================================
2026-08-04 21:08:45 | INFO     | preprocessor         | fit_transform complete — shape: (63492, 42)
2026-08-04 21:08:45 | INFO     | preprocessor         | ======================================================================
2026-08-04 21:08:45 | INFO     | preprocessor         | ======================================================================
2026-08-04 21:08:45 | INFO     | preprocessor         | DriftSentinel — Preprocessor  [transform on VAL]
2026-08-04 21:08:45 | INFO     | preprocessor         | ======================================================================
2026-08-04 21:08:45 | INFO     | preprocessor         | Step 1: Dropped 9 columns
2026-08-04 21:08:45 | INFO     | preprocessor         | Step 2: Missingness flags applied
2026-08-04 21:08:45 | INFO     | preprocessor         | Step 3: ICD-9 chapter grouping applied
2026-08-04 21:08:45 | INFO     | preprocessor         | Step 4: Age ordinal encoding applied
2026-08-04 21:08:45 | INFO     | preprocessor         | Step 5: Medication encoding applied
2026-08-04 21:08:45 | INFO     | preprocessor         | Step 6: Imputation applied (train-fitted values)
2026-08-04 21:08:45 | WARNING  | preprocessor         |   medical_specialty: 2 unseen categories -> mapped to fallback 'AllergyandImmunology'
2026-08-04 21:08:45 | WARNING  | preprocessor         |   diag_1: 1 unseen categories -> mapped to fallback 'Blood'
2026-08-04 21:08:45 | INFO     | preprocessor         | Step 7: LabelEncoder applied (train-fitted)  unseen_total=3
2026-08-04 21:08:45 | INFO     | preprocessor         | Step 8: Log1p applied
2026-08-04 21:08:45 | INFO     | preprocessor         | Step 9: Target encoding applied
2026-08-04 21:08:45 | INFO     | preprocessor         | ======================================================================
2026-08-04 21:08:45 | INFO     | preprocessor         | transform complete [val] — shape: (20949, 42)
2026-08-04 21:08:45 | INFO     | preprocessor         | ======================================================================
2026-08-04 21:08:45 | INFO     | preprocessor         | ======================================================================
2026-08-04 21:08:45 | INFO     | preprocessor         | DriftSentinel — Preprocessor  [transform on TEST]
2026-08-04 21:08:45 | INFO     | preprocessor         | ======================================================================
2026-08-04 21:08:45 | INFO     | preprocessor         | Step 1: Dropped 9 columns
2026-08-04 21:08:45 | INFO     | preprocessor         | Step 2: Missingness flags applied
2026-08-04 21:08:46 | INFO     | preprocessor         | Step 3: ICD-9 chapter grouping applied
2026-08-04 21:08:46 | INFO     | preprocessor         | Step 4: Age ordinal encoding applied
2026-08-04 21:08:46 | INFO     | preprocessor         | Step 5: Medication encoding applied
2026-08-04 21:08:46 | INFO     | preprocessor         | Step 6: Imputation applied (train-fitted values)
2026-08-04 21:08:46 | WARNING  | preprocessor         |   payer_code: 1 unseen categories -> mapped to fallback 'BC'
2026-08-04 21:08:46 | WARNING  | preprocessor         |   medical_specialty: 16 unseen categories -> mapped to fallback 'AllergyandImmunology'
2026-08-04 21:08:46 | INFO     | preprocessor         | Step 7: LabelEncoder applied (train-fitted)  unseen_total=17
2026-08-04 21:08:46 | INFO     | preprocessor         | Step 8: Log1p applied
2026-08-04 21:08:46 | INFO     | preprocessor         | Step 9: Target encoding applied
2026-08-04 21:08:46 | INFO     | preprocessor         | ======================================================================
2026-08-04 21:08:46 | INFO     | preprocessor         | transform complete [test] — shape: (17325, 42)
2026-08-04 21:08:46 | INFO     | preprocessor         | ======================================================================
