2026-05-11 20:54:33 | INFO     | selector             | ======================================================================
2026-05-11 20:54:33 | INFO     | selector             | DriftSentinel — Feature Selector  [fit on TRAIN]
2026-05-11 20:54:33 | INFO     | selector             | ======================================================================
2026-05-11 20:54:33 | INFO     | selector             | Input shape : (63492, 80)
2026-05-11 20:54:33 | INFO     | selector             | Feature matrix : 63,492 rows x 78 features
2026-05-11 20:54:33 | INFO     | selector             | Target (binary): {0: 32398, 1: 31094}
2026-05-11 20:54:33 | INFO     | selector             | --------------------------------------------------
2026-05-11 20:54:33 | INFO     | selector             | Stage 1: Variance Threshold (threshold=0.01)
2026-05-11 20:54:33 | INFO     | selector             |   Input    : 78 features
2026-05-11 20:54:33 | INFO     | selector             |   Selected : 67
2026-05-11 20:54:33 | INFO     | selector             |   Removed  : 11
2026-05-11 20:54:33 | INFO     | selector             |     DROP  nateglinide                                   var=0.006765
2026-05-11 20:54:33 | INFO     | selector             |     DROP  chlorpropamide                                var=0.001117
2026-05-11 20:54:33 | INFO     | selector             |     DROP  tolbutamide                                   var=0.000299
2026-05-11 20:54:33 | INFO     | selector             |     DROP  acarbose                                      var=0.003171
2026-05-11 20:54:33 | INFO     | selector             |     DROP  miglitol                                      var=0.000472
2026-05-11 20:54:33 | INFO     | selector             |     DROP  tolazamide                                    var=0.000598
2026-05-11 20:54:33 | INFO     | selector             |     DROP  glyburide-metformin                           var=0.004796
2026-05-11 20:54:33 | INFO     | selector             |     DROP  glipizide-metformin                           var=0.000157
2026-05-11 20:54:33 | INFO     | selector             |     DROP  FE_polypharmacy                               var=0.000504
2026-05-11 20:54:33 | INFO     | selector             |     DROP  FE_med_coverage_ratio                         var=0.005305
2026-05-11 20:54:33 | INFO     | selector             |     DROP  FE_inpatient_x_polypharmacy                   var=0.000094
2026-05-11 20:54:33 | INFO     | selector             | --------------------------------------------------
2026-05-11 20:54:33 | INFO     | selector             | Stage 2: Correlation Filter (threshold=0.9)
2026-05-11 20:54:34 | INFO     | selector             |   Input    : 67
2026-05-11 20:54:34 | INFO     | selector             |   Selected : 53
2026-05-11 20:54:34 | INFO     | selector             |   Removed  : 14
2026-05-11 20:54:34 | INFO     | selector             |     DROP  num_lab_procedures                       r=0.9821 (kept: FE_total_clinical_contacts)
2026-05-11 20:54:34 | INFO     | selector             |     DROP  num_procedures                           r=0.9502 (kept: FE_procedure_density)
2026-05-11 20:54:34 | INFO     | selector             |     DROP  FE_n_active_ordinal_meds                 r=0.9936 (kept: FE_total_active_meds)
2026-05-11 20:54:34 | INFO     | selector             |     DROP  FE_n_med_changes                         r=0.9982 (kept: FE_any_med_changed)
2026-05-11 20:54:34 | INFO     | selector             |     DROP  FE_procedure_density                     r=0.9049 (kept: FE_no_procedures)
2026-05-11 20:54:34 | INFO     | selector             |     DROP  number_emergency                         r=0.9986 (kept: FE_has_prior_emergency)
2026-05-11 20:54:34 | INFO     | selector             |     DROP  number_inpatient                         r=0.973 (kept: FE_has_prior_inpatient)
2026-05-11 20:54:34 | INFO     | selector             |     DROP  FE_total_prior_contacts                  r=0.9633 (kept: FE_multi_channel_utilizer)
2026-05-11 20:54:34 | INFO     | selector             |     DROP  insulin                                  r=0.9406 (kept: FE_insulin_prescribed)
2026-05-11 20:54:34 | INFO     | selector             |     DROP  metformin                                r=0.9984 (kept: FE_metformin_prescribed)
2026-05-11 20:54:34 | INFO     | selector             |     DROP  diabetesMed                              r=1.0 (kept: FE_on_diabetes_med)
2026-05-11 20:54:34 | INFO     | selector             |     DROP  change                                   r=1.0 (kept: FE_med_regimen_changed)
2026-05-11 20:54:34 | INFO     | selector             |     DROP  FE_has_prior_emergency                   r=0.9977 (kept: FE_glycemic_x_emergency)
2026-05-11 20:54:34 | INFO     | selector             |     DROP  FE_high_comorbidity                      r=0.9553 (kept: FE_labs_per_day_x_comorbidity)
2026-05-11 20:54:34 | INFO     | selector             | --------------------------------------------------
2026-05-11 20:54:34 | INFO     | selector             | Stage 3: Mutual Information (drop bottom 20th percentile)
2026-05-11 20:54:41 | INFO     | selector             |   Input    : 53
2026-05-11 20:54:41 | INFO     | selector             |   MI threshold (P20) : 0.000986
2026-05-11 20:54:41 | INFO     | selector             |   Selected : 42
2026-05-11 20:54:41 | INFO     | selector             |   Removed  : 11
2026-05-11 20:54:41 | INFO     | selector             |   Top 10 MI scores:
2026-05-11 20:54:41 | INFO     | selector             |     FE_multi_channel_utilizer                     MI=0.029461
2026-05-11 20:54:41 | INFO     | selector             |     FE_has_prior_inpatient                        MI=0.028632
2026-05-11 20:54:41 | INFO     | selector             |     FE_high_prior_utilization                     MI=0.026215
2026-05-11 20:54:41 | INFO     | selector             |     admission_source_id                           MI=0.016497
2026-05-11 20:54:41 | INFO     | selector             |     discharge_disposition_id                      MI=0.016349
2026-05-11 20:54:41 | INFO     | selector             |     number_diagnoses                              MI=0.015609
2026-05-11 20:54:41 | INFO     | selector             |     FE_diag_med_ratio                             MI=0.014091
2026-05-11 20:54:41 | INFO     | selector             |     medical_specialty                             MI=0.011586
2026-05-11 20:54:41 | INFO     | selector             |     FE_glycemic_x_emergency                       MI=0.010722
2026-05-11 20:54:41 | INFO     | selector             |     number_outpatient                             MI=0.009451
2026-05-11 20:54:41 | INFO     | selector             | --------------------------------------------------
2026-05-11 20:54:41 | INFO     | selector             | Stage 4: Boruta Shadow Feature Selection (n_estimators=200, max_iter=50)
2026-05-11 20:54:47 | INFO     | selector             |   Boruta iter  10/50 — confirmed so far: 0
2026-05-11 20:54:53 | INFO     | selector             |   Boruta iter  20/50 — confirmed so far: 0
2026-05-11 20:54:59 | INFO     | selector             |   Boruta iter  30/50 — confirmed so far: 0
2026-05-11 20:55:05 | INFO     | selector             |   Boruta iter  40/50 — confirmed so far: 0
2026-05-11 20:55:12 | INFO     | selector             |   Boruta iter  50/50 — confirmed so far: 0
2026-05-11 20:55:12 | INFO     | selector             |   Input    : 42
2026-05-11 20:55:12 | INFO     | selector             |   Selected : 1 (confirmed)
2026-05-11 20:55:12 | INFO     | selector             |   Removed  : 41 (tentative/rejected)
2026-05-11 20:55:12 | INFO     | selector             |   Top 10 hit rates:
2026-05-11 20:55:12 | INFO     | selector             |     FE_multi_channel_utilizer                     hit_rate=0.92
2026-05-11 20:55:12 | INFO     | selector             |     FE_has_prior_inpatient                        hit_rate=0.00
2026-05-11 20:55:12 | INFO     | selector             |     FE_high_prior_utilization                     hit_rate=0.00
2026-05-11 20:55:12 | INFO     | selector             |     admission_source_id                           hit_rate=0.00
2026-05-11 20:55:12 | INFO     | selector             |     discharge_disposition_id                      hit_rate=0.00
2026-05-11 20:55:12 | INFO     | selector             |     number_diagnoses                              hit_rate=0.00
2026-05-11 20:55:12 | INFO     | selector             |     FE_diag_med_ratio                             hit_rate=0.00
2026-05-11 20:55:12 | INFO     | selector             |     medical_specialty                             hit_rate=0.00
2026-05-11 20:55:12 | INFO     | selector             |     FE_glycemic_x_emergency                       hit_rate=0.00
2026-05-11 20:55:12 | INFO     | selector             |     number_outpatient                             hit_rate=0.00
2026-05-11 20:55:12 | INFO     | selector             | --------------------------------------------------
2026-05-11 20:55:12 | INFO     | selector             | Stage 5: SHAP Importance (GBM, n_estimators=300)
2026-05-11 20:55:17 | INFO     | selector             |   Input    : 1
2026-05-11 20:55:17 | INFO     | selector             |   SHAP threshold (P20) : 0.472279
2026-05-11 20:55:17 | INFO     | selector             |   Selected : 1
2026-05-11 20:55:17 | INFO     | selector             |   Removed  : 0
2026-05-11 20:55:17 | INFO     | selector             |   Top 15 SHAP scores:
2026-05-11 20:55:17 | INFO     | selector             |     FE_multi_channel_utilizer                     SHAP=0.472279
2026-05-11 20:55:17 | INFO     | selector             | --------------------------------------------------
2026-05-11 20:55:17 | INFO     | selector             | Stage 6: Stability Selection (n_bootstrap=50, frac=0.75, threshold=0.6)
2026-05-11 20:55:24 | INFO     | selector             |   Input    : 1
2026-05-11 20:55:24 | INFO     | selector             |   Selected : 1 (stability >= 0.6)
2026-05-11 20:55:24 | INFO     | selector             |   Removed  : 0
2026-05-11 20:55:24 | INFO     | selector             |   Top 15 stability scores:
2026-05-11 20:55:24 | INFO     | selector             |     [✓] FE_multi_channel_utilizer                   stability=1.0000
2026-05-11 20:55:24 | INFO     | selector             | --------------------------------------------------
2026-05-11 20:55:24 | INFO     | selector             | Stage 7: Consensus Vote (min_stages=2)
2026-05-11 20:55:24 | INFO     | selector             |   Total features evaluated : 78
2026-05-11 20:55:24 | INFO     | selector             |   Selected (votes >= 2)   : 53
2026-05-11 20:55:24 | INFO     | selector             |   Removed                  : 25
2026-05-11 20:55:24 | INFO     | selector             |   Vote summary (top 20):
2026-05-11 20:55:24 | INFO     | selector             |     [✓] FE_multi_channel_utilizer                     votes=6/6
2026-05-11 20:55:24 | INFO     | selector             |     [✓] race                                          votes=3/6
2026-05-11 20:55:24 | INFO     | selector             |     [✓] gender                                        votes=3/6
2026-05-11 20:55:24 | INFO     | selector             |     [✓] age                                           votes=3/6
2026-05-11 20:55:24 | INFO     | selector             |     [✓] admission_type_id                             votes=3/6
2026-05-11 20:55:24 | INFO     | selector             |     [✓] discharge_disposition_id                      votes=3/6
2026-05-11 20:55:24 | INFO     | selector             |     [✓] admission_source_id                           votes=3/6
2026-05-11 20:55:24 | INFO     | selector             |     [✓] time_in_hospital                              votes=3/6
2026-05-11 20:55:24 | INFO     | selector             |     [✓] payer_code                                    votes=3/6
2026-05-11 20:55:24 | INFO     | selector             |     [✓] medical_specialty                             votes=3/6
2026-05-11 20:55:24 | INFO     | selector             |     [✓] num_medications                               votes=3/6
2026-05-11 20:55:24 | INFO     | selector             |     [✓] number_outpatient                             votes=3/6
2026-05-11 20:55:24 | INFO     | selector             |     [✓] diag_1                                        votes=3/6
2026-05-11 20:55:24 | INFO     | selector             |     [✓] diag_2                                        votes=3/6
2026-05-11 20:55:24 | INFO     | selector             |     [✓] diag_3                                        votes=3/6
2026-05-11 20:55:24 | INFO     | selector             |     [✓] number_diagnoses                              votes=3/6
2026-05-11 20:55:24 | INFO     | selector             |     [✓] glyburide                                     votes=3/6
2026-05-11 20:55:24 | INFO     | selector             |     [✓] pioglitazone                                  votes=3/6
2026-05-11 20:55:24 | INFO     | selector             |     [✓] weight_missing                                votes=3/6
2026-05-11 20:55:24 | INFO     | selector             |     [✓] max_glu_serum_missing                         votes=3/6
2026-05-11 20:55:24 | INFO     | selector             |   feature_scores.csv saved -> C:\Users\sharg\Desktop\github\DriftSentinel\outputs\artifacts\feature_scores.csv
2026-05-11 20:55:24 | INFO     | selector             |   Selected feature breakdown:
2026-05-11 20:55:24 | INFO     | selector             |     FE_ features selected : 29
2026-05-11 20:55:24 | INFO     | selector             |     Raw features selected : 24
2026-05-11 20:55:24 | INFO     | selector             |   selected_features.json saved -> C:\Users\sharg\Desktop\github\DriftSentinel\outputs\artifacts\selected_features.json
2026-05-11 20:55:24 | INFO     | selector             |   selector_stage_results.json saved -> C:\Users\sharg\Desktop\github\DriftSentinel\outputs\artifacts\selector_stage_results.json
2026-05-11 20:55:24 | INFO     | selector             |   feature_selector.pkl saved -> C:\Users\sharg\Desktop\github\DriftSentinel\outputs\artifacts\feature_selector.pkl
2026-05-11 20:55:24 | INFO     | selector             | ======================================================================
2026-05-11 20:55:24 | INFO     | selector             | Selection complete — 53 features retained from 78 input features
2026-05-11 20:55:24 | INFO     | selector             | ======================================================================
2026-05-11 20:55:24 | INFO     | selector             | ======================================================================
2026-05-11 20:55:24 | INFO     | selector             | DriftSentinel — Feature Selector  [transform on TRAIN]
2026-05-11 20:55:24 | INFO     | selector             | ======================================================================
2026-05-11 20:55:24 | INFO     | selector             | Input  shape : (63492, 80)
2026-05-11 20:55:24 | INFO     | selector             | Output shape : (63492, 55)
2026-05-11 20:55:24 | INFO     | selector             | Features retained : 53
2026-05-11 20:55:24 | INFO     | selector             | Targets retained  : ['readmitted_multi', 'readmitted_binary']
2026-05-11 20:55:24 | INFO     | selector             | ======================================================================
2026-05-11 20:55:24 | INFO     | selector             | ======================================================================
2026-05-11 20:55:24 | INFO     | selector             | DriftSentinel — Feature Selector  [transform on VAL]
2026-05-11 20:55:24 | INFO     | selector             | ======================================================================
2026-05-11 20:55:24 | INFO     | selector             | Input  shape : (20949, 80)
2026-05-11 20:55:24 | INFO     | selector             | Output shape : (20949, 55)
2026-05-11 20:55:24 | INFO     | selector             | Features retained : 53
2026-05-11 20:55:24 | INFO     | selector             | Targets retained  : ['readmitted_multi', 'readmitted_binary']
2026-05-11 20:55:24 | INFO     | selector             | ======================================================================
2026-05-11 20:55:24 | INFO     | selector             | ======================================================================
2026-05-11 20:55:24 | INFO     | selector             | DriftSentinel — Feature Selector  [transform on TEST]
2026-05-11 20:55:24 | INFO     | selector             | ======================================================================
2026-05-11 20:55:24 | INFO     | selector             | Input  shape : (17325, 80)
2026-05-11 20:55:24 | INFO     | selector             | Output shape : (17325, 55)
2026-05-11 20:55:24 | INFO     | selector             | Features retained : 53
2026-05-11 20:55:24 | INFO     | selector             | Targets retained  : ['readmitted_multi', 'readmitted_binary']
2026-05-11 20:55:24 | INFO     | selector             | ======================================================================
2026-08-04 10:37:28 | INFO     | selector             | ===== RUN 20260804-103724-348522 | pid=31316 | started 2026-08-04 10:37:28 =====
2026-08-04 10:37:28 | INFO     | selector             | ======================================================================
2026-08-04 10:37:28 | INFO     | selector             | DriftSentinel — Feature Selector  [fit on TRAIN]
2026-08-04 10:37:28 | INFO     | selector             | ======================================================================
2026-08-04 10:37:28 | INFO     | selector             | Input shape : (63492, 80)
2026-08-04 10:37:28 | INFO     | selector             | Feature matrix : 63,492 rows x 78 features
2026-08-04 10:37:28 | INFO     | selector             | Target (binary): {0: 55875, 1: 7617}
2026-08-04 10:37:28 | INFO     | selector             | --------------------------------------------------
2026-08-04 10:37:28 | INFO     | selector             | Stage 1: Variance Threshold (threshold=0.01)
2026-08-04 10:37:29 | INFO     | selector             |   Input    : 78 features
2026-08-04 10:37:29 | INFO     | selector             |   Selected : 67
2026-08-04 10:37:29 | INFO     | selector             |   Removed  : 11
2026-08-04 10:37:29 | INFO     | selector             |     DROP  nateglinide                                   var=0.006765
2026-08-04 10:37:29 | INFO     | selector             |     DROP  chlorpropamide                                var=0.001117
2026-08-04 10:37:29 | INFO     | selector             |     DROP  tolbutamide                                   var=0.000299
2026-08-04 10:37:29 | INFO     | selector             |     DROP  acarbose                                      var=0.003171
2026-08-04 10:37:29 | INFO     | selector             |     DROP  miglitol                                      var=0.000472
2026-08-04 10:37:29 | INFO     | selector             |     DROP  tolazamide                                    var=0.000598
2026-08-04 10:37:29 | INFO     | selector             |     DROP  glyburide-metformin                           var=0.004796
2026-08-04 10:37:29 | INFO     | selector             |     DROP  glipizide-metformin                           var=0.000157
2026-08-04 10:37:29 | INFO     | selector             |     DROP  FE_polypharmacy                               var=0.000504
2026-08-04 10:37:29 | INFO     | selector             |     DROP  FE_med_coverage_ratio                         var=0.005305
2026-08-04 10:37:29 | INFO     | selector             |     DROP  FE_inpatient_x_polypharmacy                   var=0.000094
2026-08-04 10:37:29 | INFO     | selector             | --------------------------------------------------
2026-08-04 10:37:29 | INFO     | selector             | Stage 2: Correlation Filter (threshold=0.9)
2026-08-04 10:37:29 | INFO     | selector             |   Input    : 67
2026-08-04 10:37:29 | INFO     | selector             |   Selected : 53
2026-08-04 10:37:29 | INFO     | selector             |   Removed  : 14
2026-08-04 10:37:29 | INFO     | selector             |     DROP  num_lab_procedures                       r=0.9821 (kept: FE_total_clinical_contacts)
2026-08-04 10:37:29 | INFO     | selector             |     DROP  num_procedures                           r=0.9502 (kept: FE_procedure_density)
2026-08-04 10:37:29 | INFO     | selector             |     DROP  FE_n_active_ordinal_meds                 r=0.9936 (kept: FE_total_active_meds)
2026-08-04 10:37:29 | INFO     | selector             |     DROP  FE_n_med_changes                         r=0.9982 (kept: FE_any_med_changed)
2026-08-04 10:37:29 | INFO     | selector             |     DROP  FE_procedure_density                     r=0.9049 (kept: FE_no_procedures)
2026-08-04 10:37:29 | INFO     | selector             |     DROP  number_emergency                         r=0.9986 (kept: FE_has_prior_emergency)
2026-08-04 10:37:29 | INFO     | selector             |     DROP  number_inpatient                         r=0.973 (kept: FE_has_prior_inpatient)
2026-08-04 10:37:29 | INFO     | selector             |     DROP  FE_total_prior_contacts                  r=0.9633 (kept: FE_multi_channel_utilizer)
2026-08-04 10:37:29 | INFO     | selector             |     DROP  insulin                                  r=0.9406 (kept: FE_insulin_prescribed)
2026-08-04 10:37:29 | INFO     | selector             |     DROP  metformin                                r=0.9984 (kept: FE_metformin_prescribed)
2026-08-04 10:37:29 | INFO     | selector             |     DROP  diabetesMed                              r=1.0 (kept: FE_on_diabetes_med)
2026-08-04 10:37:29 | INFO     | selector             |     DROP  change                                   r=1.0 (kept: FE_med_regimen_changed)
2026-08-04 10:37:29 | INFO     | selector             |     DROP  FE_has_prior_emergency                   r=0.9977 (kept: FE_glycemic_x_emergency)
2026-08-04 10:37:29 | INFO     | selector             |     DROP  FE_high_comorbidity                      r=0.9553 (kept: FE_labs_per_day_x_comorbidity)
2026-08-04 10:37:29 | INFO     | selector             | --------------------------------------------------
2026-08-04 10:37:29 | INFO     | selector             | Stage 3: Mutual Information (drop bottom 20th percentile)
2026-08-04 10:37:43 | INFO     | selector             |   Input    : 53
2026-08-04 10:37:43 | INFO     | selector             |   MI threshold (P20) : 0.000522
2026-08-04 10:37:43 | INFO     | selector             |   Selected : 42
2026-08-04 10:37:43 | INFO     | selector             |   Removed  : 11
2026-08-04 10:37:43 | INFO     | selector             |   Top 10 MI scores:
2026-08-04 10:37:43 | INFO     | selector             |     FE_on_diabetes_med                            MI=0.012227
2026-08-04 10:37:43 | INFO     | selector             |     FE_has_prior_inpatient                        MI=0.011854
2026-08-04 10:37:43 | INFO     | selector             |     FE_insulin_prescribed                         MI=0.010541
2026-08-04 10:37:43 | INFO     | selector             |     race                                          MI=0.010317
2026-08-04 10:37:43 | INFO     | selector             |     weight_missing                                MI=0.010241
2026-08-04 10:37:43 | INFO     | selector             |     A1Cresult_missing                             MI=0.010201
2026-08-04 10:37:43 | INFO     | selector             |     FE_med_regimen_changed                        MI=0.009947
2026-08-04 10:37:43 | INFO     | selector             |     FE_high_prior_utilization                     MI=0.009294
2026-08-04 10:37:43 | INFO     | selector             |     gender                                        MI=0.008221
2026-08-04 10:37:43 | INFO     | selector             |     FE_multi_channel_utilizer                     MI=0.008043
2026-08-04 10:37:43 | INFO     | selector             | --------------------------------------------------
2026-08-04 10:37:43 | INFO     | selector             | Stage 4: Boruta Shadow Feature Selection (n_estimators=200, max_iter=50)
2026-08-04 10:38:00 | INFO     | selector             |   Boruta iter  10/50 — confirmed so far: 0
2026-08-04 10:38:17 | INFO     | selector             |   Boruta iter  20/50 — confirmed so far: 0
2026-08-04 10:38:33 | INFO     | selector             |   Boruta iter  30/50 — confirmed so far: 0
2026-08-04 10:38:49 | INFO     | selector             |   Boruta iter  40/50 — confirmed so far: 0
2026-08-04 10:39:06 | INFO     | selector             |   Boruta iter  50/50 — confirmed so far: 0
2026-08-04 10:39:06 | INFO     | selector             |   Input    : 42
2026-08-04 10:39:06 | INFO     | selector             |   Selected : 1 (confirmed)
2026-08-04 10:39:06 | INFO     | selector             |   Removed  : 41 (tentative/rejected)
2026-08-04 10:39:06 | INFO     | selector             |   Top 10 hit rates:
2026-08-04 10:39:06 | INFO     | selector             |     FE_high_prior_utilization                     hit_rate=0.74
2026-08-04 10:39:06 | INFO     | selector             |     FE_has_prior_inpatient                        hit_rate=0.24
2026-08-04 10:39:06 | INFO     | selector             |     FE_on_diabetes_med                            hit_rate=0.00
2026-08-04 10:39:06 | INFO     | selector             |     FE_insulin_prescribed                         hit_rate=0.00
2026-08-04 10:39:06 | INFO     | selector             |     race                                          hit_rate=0.00
2026-08-04 10:39:06 | INFO     | selector             |     weight_missing                                hit_rate=0.00
2026-08-04 10:39:06 | INFO     | selector             |     A1Cresult_missing                             hit_rate=0.00
2026-08-04 10:39:06 | INFO     | selector             |     FE_med_regimen_changed                        hit_rate=0.00
2026-08-04 10:39:06 | INFO     | selector             |     gender                                        hit_rate=0.00
2026-08-04 10:39:06 | INFO     | selector             |     FE_multi_channel_utilizer                     hit_rate=0.00
2026-08-04 10:39:06 | INFO     | selector             | --------------------------------------------------
2026-08-04 10:39:06 | INFO     | selector             | Stage 5: SHAP Importance (GBM, n_estimators=300)
2026-08-04 10:39:10 | INFO     | selector             |   Input    : 1
2026-08-04 10:39:10 | INFO     | selector             |   SHAP threshold (P20) : 0.303850
2026-08-04 10:39:10 | INFO     | selector             |   Selected : 1
2026-08-04 10:39:10 | INFO     | selector             |   Removed  : 0
2026-08-04 10:39:10 | INFO     | selector             |   Top 15 SHAP scores:
2026-08-04 10:39:10 | INFO     | selector             |     FE_high_prior_utilization                     SHAP=0.303850
2026-08-04 10:39:10 | INFO     | selector             | --------------------------------------------------
2026-08-04 10:39:10 | INFO     | selector             | Stage 6: Stability Selection (n_bootstrap=50, frac=0.75, threshold=0.6)
2026-08-04 10:39:24 | INFO     | selector             |   Input    : 1
2026-08-04 10:39:24 | INFO     | selector             |   Selected : 1 (stability >= 0.6)
2026-08-04 10:39:24 | INFO     | selector             |   Removed  : 0
2026-08-04 10:39:24 | INFO     | selector             |   Top 15 stability scores:
2026-08-04 10:39:24 | INFO     | selector             |     [✓] FE_high_prior_utilization                   stability=1.0000
2026-08-04 10:39:24 | INFO     | selector             | --------------------------------------------------
2026-08-04 10:39:24 | INFO     | selector             | Stage 7: Consensus Vote (min_stages=2)
2026-08-04 10:39:24 | INFO     | selector             |   Total features evaluated : 78
2026-08-04 10:39:24 | INFO     | selector             |   Selected (votes >= 2)   : 53
2026-08-04 10:39:24 | INFO     | selector             |   Removed                  : 25
2026-08-04 10:39:24 | INFO     | selector             |   Vote summary (top 20):
2026-08-04 10:39:24 | INFO     | selector             |     [✓] FE_high_prior_utilization                     votes=6/6
2026-08-04 10:39:24 | INFO     | selector             |     [✓] race                                          votes=3/6
2026-08-04 10:39:24 | INFO     | selector             |     [✓] gender                                        votes=3/6
2026-08-04 10:39:24 | INFO     | selector             |     [✓] age                                           votes=3/6
2026-08-04 10:39:24 | INFO     | selector             |     [✓] admission_type_id                             votes=3/6
2026-08-04 10:39:24 | INFO     | selector             |     [✓] discharge_disposition_id                      votes=3/6
2026-08-04 10:39:24 | INFO     | selector             |     [✓] admission_source_id                           votes=3/6
2026-08-04 10:39:24 | INFO     | selector             |     [✓] time_in_hospital                              votes=3/6
2026-08-04 10:39:24 | INFO     | selector             |     [✓] payer_code                                    votes=3/6
2026-08-04 10:39:24 | INFO     | selector             |     [✓] medical_specialty                             votes=3/6
2026-08-04 10:39:24 | INFO     | selector             |     [✓] num_medications                               votes=3/6
2026-08-04 10:39:24 | INFO     | selector             |     [✓] number_outpatient                             votes=3/6
2026-08-04 10:39:24 | INFO     | selector             |     [✓] diag_1                                        votes=3/6
2026-08-04 10:39:24 | INFO     | selector             |     [✓] diag_2                                        votes=3/6
2026-08-04 10:39:24 | INFO     | selector             |     [✓] number_diagnoses                              votes=3/6
2026-08-04 10:39:24 | INFO     | selector             |     [✓] weight_missing                                votes=3/6
2026-08-04 10:39:24 | INFO     | selector             |     [✓] max_glu_serum_missing                         votes=3/6
2026-08-04 10:39:24 | INFO     | selector             |     [✓] A1Cresult_missing                             votes=3/6
2026-08-04 10:39:24 | INFO     | selector             |     [✓] FE_total_clinical_contacts                    votes=3/6
2026-08-04 10:39:24 | INFO     | selector             |     [✓] FE_labs_per_day                               votes=3/6
2026-08-04 10:39:24 | INFO     | selector             |   feature_scores.csv saved -> C:\Users\sharg\Desktop\github\DriftSentinel\outputs\artifacts\feature_scores.csv
2026-08-04 10:39:24 | INFO     | selector             |   Selected feature breakdown:
2026-08-04 10:39:24 | INFO     | selector             |     FE_ features selected : 29
2026-08-04 10:39:24 | INFO     | selector             |     Raw features selected : 24
2026-08-04 10:39:24 | INFO     | selector             |   selected_features.json saved -> C:\Users\sharg\Desktop\github\DriftSentinel\outputs\artifacts\selected_features.json
2026-08-04 10:39:24 | INFO     | selector             |   selector_stage_results.json saved -> C:\Users\sharg\Desktop\github\DriftSentinel\outputs\artifacts\selector_stage_results.json
2026-08-04 10:39:24 | INFO     | selector             |   feature_selector.pkl saved -> C:\Users\sharg\Desktop\github\DriftSentinel\outputs\artifacts\feature_selector.pkl
2026-08-04 10:39:24 | INFO     | selector             | ======================================================================
2026-08-04 10:39:24 | INFO     | selector             | Selection complete — 53 features retained from 78 input features
2026-08-04 10:39:24 | INFO     | selector             | ======================================================================
2026-08-04 10:39:24 | INFO     | selector             | ======================================================================
2026-08-04 10:39:24 | INFO     | selector             | DriftSentinel — Feature Selector  [transform on TRAIN]
2026-08-04 10:39:24 | INFO     | selector             | ======================================================================
2026-08-04 10:39:24 | INFO     | selector             | Input  shape : (63492, 80)
2026-08-04 10:39:24 | INFO     | selector             | Output shape : (63492, 55)
2026-08-04 10:39:24 | INFO     | selector             | Features retained : 53
2026-08-04 10:39:24 | INFO     | selector             | Targets retained  : ['readmitted_binary', 'readmitted_multi']
2026-08-04 10:39:24 | INFO     | selector             | ======================================================================
2026-08-04 10:39:24 | INFO     | selector             | ======================================================================
2026-08-04 10:39:24 | INFO     | selector             | DriftSentinel — Feature Selector  [transform on VAL]
2026-08-04 10:39:24 | INFO     | selector             | ======================================================================
2026-08-04 10:39:24 | INFO     | selector             | Input  shape : (20949, 80)
2026-08-04 10:39:24 | INFO     | selector             | Output shape : (20949, 55)
2026-08-04 10:39:24 | INFO     | selector             | Features retained : 53
2026-08-04 10:39:24 | INFO     | selector             | Targets retained  : ['readmitted_binary', 'readmitted_multi']
2026-08-04 10:39:24 | INFO     | selector             | ======================================================================
2026-08-04 10:39:24 | INFO     | selector             | ======================================================================
2026-08-04 10:39:24 | INFO     | selector             | DriftSentinel — Feature Selector  [transform on TEST]
2026-08-04 10:39:24 | INFO     | selector             | ======================================================================
2026-08-04 10:39:24 | INFO     | selector             | Input  shape : (17325, 80)
2026-08-04 10:39:24 | INFO     | selector             | Output shape : (17325, 55)
2026-08-04 10:39:24 | INFO     | selector             | Features retained : 53
2026-08-04 10:39:24 | INFO     | selector             | Targets retained  : ['readmitted_binary', 'readmitted_multi']
2026-08-04 10:39:24 | INFO     | selector             | ======================================================================
2026-08-04 10:48:33 | INFO     | selector             | ===== RUN 20260804-104829-f5297c | pid=20016 | started 2026-08-04 10:48:33 =====
2026-08-04 10:48:33 | INFO     | selector             | ======================================================================
2026-08-04 10:48:33 | INFO     | selector             | DriftSentinel — Feature Selector  [fit on TRAIN]
2026-08-04 10:48:33 | INFO     | selector             | ======================================================================
2026-08-04 10:48:33 | INFO     | selector             | Input shape : (63492, 80)
2026-08-04 10:48:33 | INFO     | selector             | Feature matrix : 63,492 rows x 78 features
2026-08-04 10:48:33 | INFO     | selector             | Target (binary): {0: 55875, 1: 7617}
2026-08-04 10:48:33 | INFO     | selector             | --------------------------------------------------
2026-08-04 10:48:33 | INFO     | selector             | Stage 1: Variance Threshold (threshold=0.01)
2026-08-04 10:48:33 | INFO     | selector             |   Input    : 78 features
2026-08-04 10:48:33 | INFO     | selector             |   Selected : 67
2026-08-04 10:48:33 | INFO     | selector             |   Removed  : 11
2026-08-04 10:48:33 | INFO     | selector             |     DROP  nateglinide                                   var=0.006765
2026-08-04 10:48:33 | INFO     | selector             |     DROP  chlorpropamide                                var=0.001117
2026-08-04 10:48:33 | INFO     | selector             |     DROP  tolbutamide                                   var=0.000299
2026-08-04 10:48:33 | INFO     | selector             |     DROP  acarbose                                      var=0.003171
2026-08-04 10:48:33 | INFO     | selector             |     DROP  miglitol                                      var=0.000472
2026-08-04 10:48:33 | INFO     | selector             |     DROP  tolazamide                                    var=0.000598
2026-08-04 10:48:33 | INFO     | selector             |     DROP  glyburide-metformin                           var=0.004796
2026-08-04 10:48:33 | INFO     | selector             |     DROP  glipizide-metformin                           var=0.000157
2026-08-04 10:48:33 | INFO     | selector             |     DROP  FE_polypharmacy                               var=0.000504
2026-08-04 10:48:33 | INFO     | selector             |     DROP  FE_med_coverage_ratio                         var=0.005305
2026-08-04 10:48:33 | INFO     | selector             |     DROP  FE_inpatient_x_polypharmacy                   var=0.000094
2026-08-04 10:48:33 | INFO     | selector             | --------------------------------------------------
2026-08-04 10:48:33 | INFO     | selector             | Stage 2: Correlation Filter (threshold=0.9)
2026-08-04 10:48:34 | INFO     | selector             |   Input    : 67
2026-08-04 10:48:34 | INFO     | selector             |   Selected : 53
2026-08-04 10:48:34 | INFO     | selector             |   Removed  : 14
2026-08-04 10:48:34 | INFO     | selector             |     DROP  num_lab_procedures                       r=0.9821 (kept: FE_total_clinical_contacts)
2026-08-04 10:48:34 | INFO     | selector             |     DROP  num_procedures                           r=0.9502 (kept: FE_procedure_density)
2026-08-04 10:48:34 | INFO     | selector             |     DROP  FE_n_active_ordinal_meds                 r=0.9936 (kept: FE_total_active_meds)
2026-08-04 10:48:34 | INFO     | selector             |     DROP  FE_n_med_changes                         r=0.9982 (kept: FE_any_med_changed)
2026-08-04 10:48:34 | INFO     | selector             |     DROP  FE_procedure_density                     r=0.9049 (kept: FE_no_procedures)
2026-08-04 10:48:34 | INFO     | selector             |     DROP  number_emergency                         r=0.9986 (kept: FE_has_prior_emergency)
2026-08-04 10:48:34 | INFO     | selector             |     DROP  number_inpatient                         r=0.973 (kept: FE_has_prior_inpatient)
2026-08-04 10:48:34 | INFO     | selector             |     DROP  FE_total_prior_contacts                  r=0.9633 (kept: FE_multi_channel_utilizer)
2026-08-04 10:48:34 | INFO     | selector             |     DROP  insulin                                  r=0.9406 (kept: FE_insulin_prescribed)
2026-08-04 10:48:34 | INFO     | selector             |     DROP  metformin                                r=0.9984 (kept: FE_metformin_prescribed)
2026-08-04 10:48:34 | INFO     | selector             |     DROP  diabetesMed                              r=1.0 (kept: FE_on_diabetes_med)
2026-08-04 10:48:34 | INFO     | selector             |     DROP  change                                   r=1.0 (kept: FE_med_regimen_changed)
2026-08-04 10:48:34 | INFO     | selector             |     DROP  FE_has_prior_emergency                   r=0.9977 (kept: FE_glycemic_x_emergency)
2026-08-04 10:48:34 | INFO     | selector             |     DROP  FE_high_comorbidity                      r=0.9553 (kept: FE_labs_per_day_x_comorbidity)
2026-08-04 10:48:34 | INFO     | selector             | --------------------------------------------------
2026-08-04 10:48:34 | INFO     | selector             | Stage 3: Mutual Information (drop bottom 20th percentile)
2026-08-04 10:48:43 | INFO     | selector             |   Input    : 53
2026-08-04 10:48:43 | INFO     | selector             |   MI threshold (P20) : 0.000522
2026-08-04 10:48:43 | INFO     | selector             |   Selected : 42
2026-08-04 10:48:43 | INFO     | selector             |   Removed  : 11
2026-08-04 10:48:43 | INFO     | selector             |   Top 10 MI scores:
2026-08-04 10:48:43 | INFO     | selector             |     FE_on_diabetes_med                            MI=0.012227
2026-08-04 10:48:43 | INFO     | selector             |     FE_has_prior_inpatient                        MI=0.011854
2026-08-04 10:48:43 | INFO     | selector             |     FE_insulin_prescribed                         MI=0.010541
2026-08-04 10:48:43 | INFO     | selector             |     race                                          MI=0.010317
2026-08-04 10:48:43 | INFO     | selector             |     weight_missing                                MI=0.010241
2026-08-04 10:48:43 | INFO     | selector             |     A1Cresult_missing                             MI=0.010201
2026-08-04 10:48:43 | INFO     | selector             |     FE_med_regimen_changed                        MI=0.009947
2026-08-04 10:48:43 | INFO     | selector             |     FE_high_prior_utilization                     MI=0.009294
2026-08-04 10:48:43 | INFO     | selector             |     gender                                        MI=0.008221
2026-08-04 10:48:43 | INFO     | selector             |     FE_multi_channel_utilizer                     MI=0.008043
2026-08-04 10:48:43 | INFO     | selector             | --------------------------------------------------
2026-08-04 10:48:43 | INFO     | selector             | Stage 4: Boruta Shadow Feature Selection (n_estimators=200, max_iter=50)
2026-08-04 10:48:51 | INFO     | selector             |   Boruta iter  10/50 — confirmed so far: 0
2026-08-04 10:48:59 | INFO     | selector             |   Boruta iter  20/50 — confirmed so far: 0
2026-08-04 10:49:09 | INFO     | selector             |   Boruta iter  30/50 — confirmed so far: 0
2026-08-04 10:49:24 | INFO     | selector             |   Boruta iter  40/50 — confirmed so far: 0
2026-08-04 10:49:41 | INFO     | selector             |   Boruta iter  50/50 — confirmed so far: 0
2026-08-04 10:49:41 | INFO     | selector             |   Input    : 42
2026-08-04 10:49:41 | INFO     | selector             |   Selected : 1 (confirmed)
2026-08-04 10:49:41 | INFO     | selector             |   Removed  : 41 (tentative/rejected)
2026-08-04 10:49:41 | INFO     | selector             |   Top 10 hit rates:
2026-08-04 10:49:41 | INFO     | selector             |     FE_high_prior_utilization                     hit_rate=0.74
2026-08-04 10:49:41 | INFO     | selector             |     FE_has_prior_inpatient                        hit_rate=0.24
2026-08-04 10:49:41 | INFO     | selector             |     FE_on_diabetes_med                            hit_rate=0.00
2026-08-04 10:49:41 | INFO     | selector             |     FE_insulin_prescribed                         hit_rate=0.00
2026-08-04 10:49:41 | INFO     | selector             |     race                                          hit_rate=0.00
2026-08-04 10:49:41 | INFO     | selector             |     weight_missing                                hit_rate=0.00
2026-08-04 10:49:41 | INFO     | selector             |     A1Cresult_missing                             hit_rate=0.00
2026-08-04 10:49:41 | INFO     | selector             |     FE_med_regimen_changed                        hit_rate=0.00
2026-08-04 10:49:41 | INFO     | selector             |     gender                                        hit_rate=0.00
2026-08-04 10:49:41 | INFO     | selector             |     FE_multi_channel_utilizer                     hit_rate=0.00
2026-08-04 10:49:41 | INFO     | selector             | --------------------------------------------------
2026-08-04 10:49:41 | INFO     | selector             | Stage 5: SHAP Importance (GBM, n_estimators=300)
2026-08-04 10:49:46 | INFO     | selector             |   Input    : 1
2026-08-04 10:49:46 | INFO     | selector             |   SHAP threshold (P20) : 0.303850
2026-08-04 10:49:46 | INFO     | selector             |   Selected : 1
2026-08-04 10:49:46 | INFO     | selector             |   Removed  : 0
2026-08-04 10:49:46 | INFO     | selector             |   Top 15 SHAP scores:
2026-08-04 10:49:46 | INFO     | selector             |     FE_high_prior_utilization                     SHAP=0.303850
2026-08-04 10:49:46 | INFO     | selector             | --------------------------------------------------
2026-08-04 10:49:46 | INFO     | selector             | Stage 6: Stability Selection (n_bootstrap=50, frac=0.75, threshold=0.6)
2026-08-04 10:50:00 | INFO     | selector             |   Input    : 1
2026-08-04 10:50:00 | INFO     | selector             |   Selected : 1 (stability >= 0.6)
2026-08-04 10:50:00 | INFO     | selector             |   Removed  : 0
2026-08-04 10:50:00 | INFO     | selector             |   Top 15 stability scores:
2026-08-04 10:50:00 | INFO     | selector             |     [✓] FE_high_prior_utilization                   stability=1.0000
2026-08-04 10:50:00 | INFO     | selector             | --------------------------------------------------
2026-08-04 10:50:00 | INFO     | selector             | Stage 7: Consensus Vote (min_stages=2)
2026-08-04 10:50:00 | INFO     | selector             |   Total features evaluated : 78
2026-08-04 10:50:00 | INFO     | selector             |   Selected (votes >= 2)   : 53
2026-08-04 10:50:00 | INFO     | selector             |   Removed                  : 25
2026-08-04 10:50:00 | INFO     | selector             |   Vote summary (top 20):
2026-08-04 10:50:00 | INFO     | selector             |     [✓] FE_high_prior_utilization                     votes=6/6
2026-08-04 10:50:00 | INFO     | selector             |     [✓] race                                          votes=3/6
2026-08-04 10:50:00 | INFO     | selector             |     [✓] gender                                        votes=3/6
2026-08-04 10:50:00 | INFO     | selector             |     [✓] age                                           votes=3/6
2026-08-04 10:50:00 | INFO     | selector             |     [✓] admission_type_id                             votes=3/6
2026-08-04 10:50:00 | INFO     | selector             |     [✓] discharge_disposition_id                      votes=3/6
2026-08-04 10:50:00 | INFO     | selector             |     [✓] admission_source_id                           votes=3/6
2026-08-04 10:50:00 | INFO     | selector             |     [✓] time_in_hospital                              votes=3/6
2026-08-04 10:50:00 | INFO     | selector             |     [✓] payer_code                                    votes=3/6
2026-08-04 10:50:00 | INFO     | selector             |     [✓] medical_specialty                             votes=3/6
2026-08-04 10:50:00 | INFO     | selector             |     [✓] num_medications                               votes=3/6
2026-08-04 10:50:00 | INFO     | selector             |     [✓] number_outpatient                             votes=3/6
2026-08-04 10:50:00 | INFO     | selector             |     [✓] diag_1                                        votes=3/6
2026-08-04 10:50:00 | INFO     | selector             |     [✓] diag_2                                        votes=3/6
2026-08-04 10:50:00 | INFO     | selector             |     [✓] number_diagnoses                              votes=3/6
2026-08-04 10:50:00 | INFO     | selector             |     [✓] weight_missing                                votes=3/6
2026-08-04 10:50:00 | INFO     | selector             |     [✓] max_glu_serum_missing                         votes=3/6
2026-08-04 10:50:00 | INFO     | selector             |     [✓] A1Cresult_missing                             votes=3/6
2026-08-04 10:50:00 | INFO     | selector             |     [✓] FE_total_clinical_contacts                    votes=3/6
2026-08-04 10:50:00 | INFO     | selector             |     [✓] FE_labs_per_day                               votes=3/6
2026-08-04 10:50:00 | INFO     | selector             |   feature_scores.csv saved -> C:\Users\sharg\Desktop\github\DriftSentinel\outputs\artifacts\feature_scores.csv
2026-08-04 10:50:00 | INFO     | selector             |   Selected feature breakdown:
2026-08-04 10:50:00 | INFO     | selector             |     FE_ features selected : 29
2026-08-04 10:50:00 | INFO     | selector             |     Raw features selected : 24
2026-08-04 10:50:00 | INFO     | selector             |   selected_features.json saved -> C:\Users\sharg\Desktop\github\DriftSentinel\outputs\artifacts\selected_features.json
2026-08-04 10:50:00 | INFO     | selector             |   selector_stage_results.json saved -> C:\Users\sharg\Desktop\github\DriftSentinel\outputs\artifacts\selector_stage_results.json
2026-08-04 10:50:00 | INFO     | selector             |   feature_selector.pkl saved -> C:\Users\sharg\Desktop\github\DriftSentinel\outputs\artifacts\feature_selector.pkl
2026-08-04 10:50:00 | INFO     | selector             | ======================================================================
2026-08-04 10:50:00 | INFO     | selector             | Selection complete — 53 features retained from 78 input features
2026-08-04 10:50:00 | INFO     | selector             | ======================================================================
2026-08-04 10:50:00 | INFO     | selector             | ======================================================================
2026-08-04 10:50:00 | INFO     | selector             | DriftSentinel — Feature Selector  [transform on TRAIN]
2026-08-04 10:50:00 | INFO     | selector             | ======================================================================
2026-08-04 10:50:00 | INFO     | selector             | Input  shape : (63492, 80)
2026-08-04 10:50:00 | INFO     | selector             | Output shape : (63492, 55)
2026-08-04 10:50:00 | INFO     | selector             | Features retained : 53
2026-08-04 10:50:00 | INFO     | selector             | Targets retained  : ['readmitted_multi', 'readmitted_binary']
2026-08-04 10:50:00 | INFO     | selector             | ======================================================================
2026-08-04 10:50:00 | INFO     | selector             | ======================================================================
2026-08-04 10:50:00 | INFO     | selector             | DriftSentinel — Feature Selector  [transform on VAL]
2026-08-04 10:50:00 | INFO     | selector             | ======================================================================
2026-08-04 10:50:00 | INFO     | selector             | Input  shape : (20949, 80)
2026-08-04 10:50:00 | INFO     | selector             | Output shape : (20949, 55)
2026-08-04 10:50:00 | INFO     | selector             | Features retained : 53
2026-08-04 10:50:00 | INFO     | selector             | Targets retained  : ['readmitted_multi', 'readmitted_binary']
2026-08-04 10:50:00 | INFO     | selector             | ======================================================================
2026-08-04 10:50:00 | INFO     | selector             | ======================================================================
2026-08-04 10:50:00 | INFO     | selector             | DriftSentinel — Feature Selector  [transform on TEST]
2026-08-04 10:50:00 | INFO     | selector             | ======================================================================
2026-08-04 10:50:00 | INFO     | selector             | Input  shape : (17325, 80)
2026-08-04 10:50:00 | INFO     | selector             | Output shape : (17325, 55)
2026-08-04 10:50:00 | INFO     | selector             | Features retained : 53
2026-08-04 10:50:00 | INFO     | selector             | Targets retained  : ['readmitted_multi', 'readmitted_binary']
2026-08-04 10:50:00 | INFO     | selector             | ======================================================================
2026-08-04 10:52:04 | INFO     | selector             | ===== RUN 20260804-105157-d432da | pid=31324 | started 2026-08-04 10:52:04 =====
2026-08-04 10:52:04 | INFO     | selector             | ======================================================================
2026-08-04 10:52:04 | INFO     | selector             | DriftSentinel — Feature Selector  [fit on TRAIN]
2026-08-04 10:52:04 | INFO     | selector             | ======================================================================
2026-08-04 10:52:04 | INFO     | selector             | Input shape : (63492, 80)
2026-08-04 10:52:04 | INFO     | selector             | Feature matrix : 63,492 rows x 78 features
2026-08-04 10:52:04 | INFO     | selector             | Target (binary): {0: 55875, 1: 7617}
2026-08-04 10:52:04 | INFO     | selector             | --------------------------------------------------
2026-08-04 10:52:04 | INFO     | selector             | Stage 1: Variance Threshold (threshold=0.01)
2026-08-04 10:52:04 | INFO     | selector             |   Input    : 78 features
2026-08-04 10:52:04 | INFO     | selector             |   Selected : 67
2026-08-04 10:52:04 | INFO     | selector             |   Removed  : 11
2026-08-04 10:52:04 | INFO     | selector             |     DROP  nateglinide                                   var=0.006765
2026-08-04 10:52:04 | INFO     | selector             |     DROP  chlorpropamide                                var=0.001117
2026-08-04 10:52:04 | INFO     | selector             |     DROP  tolbutamide                                   var=0.000299
2026-08-04 10:52:04 | INFO     | selector             |     DROP  acarbose                                      var=0.003171
2026-08-04 10:52:04 | INFO     | selector             |     DROP  miglitol                                      var=0.000472
2026-08-04 10:52:04 | INFO     | selector             |     DROP  tolazamide                                    var=0.000598
2026-08-04 10:52:04 | INFO     | selector             |     DROP  glyburide-metformin                           var=0.004796
2026-08-04 10:52:04 | INFO     | selector             |     DROP  glipizide-metformin                           var=0.000157
2026-08-04 10:52:04 | INFO     | selector             |     DROP  FE_polypharmacy                               var=0.000504
2026-08-04 10:52:04 | INFO     | selector             |     DROP  FE_med_coverage_ratio                         var=0.005305
2026-08-04 10:52:04 | INFO     | selector             |     DROP  FE_inpatient_x_polypharmacy                   var=0.000094
2026-08-04 10:52:04 | INFO     | selector             | --------------------------------------------------
2026-08-04 10:52:04 | INFO     | selector             | Stage 2: Correlation Filter (threshold=0.9)
2026-08-04 10:52:05 | INFO     | selector             |   Input    : 67
2026-08-04 10:52:05 | INFO     | selector             |   Selected : 53
2026-08-04 10:52:05 | INFO     | selector             |   Removed  : 14
2026-08-04 10:52:05 | INFO     | selector             |     DROP  num_lab_procedures                       r=0.9821 (kept: FE_total_clinical_contacts)
2026-08-04 10:52:05 | INFO     | selector             |     DROP  num_procedures                           r=0.9502 (kept: FE_procedure_density)
2026-08-04 10:52:05 | INFO     | selector             |     DROP  FE_n_active_ordinal_meds                 r=0.9936 (kept: FE_total_active_meds)
2026-08-04 10:52:05 | INFO     | selector             |     DROP  FE_n_med_changes                         r=0.9982 (kept: FE_any_med_changed)
2026-08-04 10:52:05 | INFO     | selector             |     DROP  FE_procedure_density                     r=0.9049 (kept: FE_no_procedures)
2026-08-04 10:52:05 | INFO     | selector             |     DROP  number_emergency                         r=0.9986 (kept: FE_has_prior_emergency)
2026-08-04 10:52:05 | INFO     | selector             |     DROP  number_inpatient                         r=0.973 (kept: FE_has_prior_inpatient)
2026-08-04 10:52:05 | INFO     | selector             |     DROP  FE_total_prior_contacts                  r=0.9633 (kept: FE_multi_channel_utilizer)
2026-08-04 10:52:05 | INFO     | selector             |     DROP  insulin                                  r=0.9406 (kept: FE_insulin_prescribed)
2026-08-04 10:52:05 | INFO     | selector             |     DROP  metformin                                r=0.9984 (kept: FE_metformin_prescribed)
2026-08-04 10:52:05 | INFO     | selector             |     DROP  diabetesMed                              r=1.0 (kept: FE_on_diabetes_med)
2026-08-04 10:52:05 | INFO     | selector             |     DROP  change                                   r=1.0 (kept: FE_med_regimen_changed)
2026-08-04 10:52:05 | INFO     | selector             |     DROP  FE_has_prior_emergency                   r=0.9977 (kept: FE_glycemic_x_emergency)
2026-08-04 10:52:05 | INFO     | selector             |     DROP  FE_high_comorbidity                      r=0.9553 (kept: FE_labs_per_day_x_comorbidity)
2026-08-04 10:52:05 | INFO     | selector             | --------------------------------------------------
2026-08-04 10:52:05 | INFO     | selector             | Stage 3: Mutual Information (drop bottom 20th percentile)
2026-08-04 10:52:19 | INFO     | selector             |   Input    : 53
2026-08-04 10:52:19 | INFO     | selector             |   MI threshold (P20) : 0.000522
2026-08-04 10:52:19 | INFO     | selector             |   Selected : 42
2026-08-04 10:52:19 | INFO     | selector             |   Removed  : 11
2026-08-04 10:52:19 | INFO     | selector             |   Top 10 MI scores:
2026-08-04 10:52:19 | INFO     | selector             |     FE_on_diabetes_med                            MI=0.012227
2026-08-04 10:52:19 | INFO     | selector             |     FE_has_prior_inpatient                        MI=0.011854
2026-08-04 10:52:19 | INFO     | selector             |     FE_insulin_prescribed                         MI=0.010541
2026-08-04 10:52:19 | INFO     | selector             |     race                                          MI=0.010317
2026-08-04 10:52:19 | INFO     | selector             |     weight_missing                                MI=0.010241
2026-08-04 10:52:19 | INFO     | selector             |     A1Cresult_missing                             MI=0.010201
2026-08-04 10:52:19 | INFO     | selector             |     FE_med_regimen_changed                        MI=0.009947
2026-08-04 10:52:19 | INFO     | selector             |     FE_high_prior_utilization                     MI=0.009294
2026-08-04 10:52:19 | INFO     | selector             |     gender                                        MI=0.008221
2026-08-04 10:52:19 | INFO     | selector             |     FE_multi_channel_utilizer                     MI=0.008043
2026-08-04 10:52:19 | INFO     | selector             | --------------------------------------------------
2026-08-04 10:52:19 | INFO     | selector             | Stage 4: Boruta Shadow Feature Selection (n_estimators=200, max_iter=50)
2026-08-04 10:52:29 | INFO     | selector             |   Boruta iter  10/50 — confirmed so far: 0
2026-08-04 10:52:45 | INFO     | selector             |   Boruta iter  20/50 — confirmed so far: 0
2026-08-04 10:53:03 | INFO     | selector             |   Boruta iter  30/50 — confirmed so far: 0
2026-08-04 10:53:20 | INFO     | selector             |   Boruta iter  40/50 — confirmed so far: 0
2026-08-04 10:53:37 | INFO     | selector             |   Boruta iter  50/50 — confirmed so far: 0
2026-08-04 10:53:37 | INFO     | selector             |   Input    : 42
2026-08-04 10:53:37 | INFO     | selector             |   Selected : 1 (confirmed)
2026-08-04 10:53:37 | INFO     | selector             |   Removed  : 41 (tentative/rejected)
2026-08-04 10:53:37 | INFO     | selector             |   Top 10 hit rates:
2026-08-04 10:53:37 | INFO     | selector             |     FE_high_prior_utilization                     hit_rate=0.74
2026-08-04 10:53:37 | INFO     | selector             |     FE_has_prior_inpatient                        hit_rate=0.24
2026-08-04 10:53:37 | INFO     | selector             |     FE_on_diabetes_med                            hit_rate=0.00
2026-08-04 10:53:37 | INFO     | selector             |     FE_insulin_prescribed                         hit_rate=0.00
2026-08-04 10:53:37 | INFO     | selector             |     race                                          hit_rate=0.00
2026-08-04 10:53:37 | INFO     | selector             |     weight_missing                                hit_rate=0.00
2026-08-04 10:53:37 | INFO     | selector             |     A1Cresult_missing                             hit_rate=0.00
2026-08-04 10:53:37 | INFO     | selector             |     FE_med_regimen_changed                        hit_rate=0.00
2026-08-04 10:53:37 | INFO     | selector             |     gender                                        hit_rate=0.00
2026-08-04 10:53:37 | INFO     | selector             |     FE_multi_channel_utilizer                     hit_rate=0.00
2026-08-04 10:53:37 | INFO     | selector             | --------------------------------------------------
2026-08-04 10:53:37 | INFO     | selector             | Stage 5: SHAP Importance (GBM, n_estimators=300)
2026-08-04 10:53:42 | INFO     | selector             |   Input    : 1
2026-08-04 10:53:42 | INFO     | selector             |   SHAP threshold (P20) : 0.303850
2026-08-04 10:53:42 | INFO     | selector             |   Selected : 1
2026-08-04 10:53:42 | INFO     | selector             |   Removed  : 0
2026-08-04 10:53:42 | INFO     | selector             |   Top 15 SHAP scores:
2026-08-04 10:53:42 | INFO     | selector             |     FE_high_prior_utilization                     SHAP=0.303850
2026-08-04 10:53:42 | INFO     | selector             | --------------------------------------------------
2026-08-04 10:53:42 | INFO     | selector             | Stage 6: Stability Selection (n_bootstrap=50, frac=0.75, threshold=0.6)
2026-08-04 10:53:56 | INFO     | selector             |   Input    : 1
2026-08-04 10:53:56 | INFO     | selector             |   Selected : 1 (stability >= 0.6)
2026-08-04 10:53:56 | INFO     | selector             |   Removed  : 0
2026-08-04 10:53:56 | INFO     | selector             |   Top 15 stability scores:
2026-08-04 10:53:56 | INFO     | selector             |     [✓] FE_high_prior_utilization                   stability=1.0000
2026-08-04 10:53:56 | INFO     | selector             | --------------------------------------------------
2026-08-04 10:53:56 | INFO     | selector             | Stage 7: Consensus Vote (min_stages=2)
2026-08-04 10:53:56 | INFO     | selector             |   Total features evaluated : 78
2026-08-04 10:53:56 | INFO     | selector             |   Selected (votes >= 2)   : 53
2026-08-04 10:53:56 | INFO     | selector             |   Removed                  : 25
2026-08-04 10:53:56 | INFO     | selector             |   Vote summary (top 20):
2026-08-04 10:53:56 | INFO     | selector             |     [✓] FE_high_prior_utilization                     votes=6/6
2026-08-04 10:53:56 | INFO     | selector             |     [✓] race                                          votes=3/6
2026-08-04 10:53:56 | INFO     | selector             |     [✓] gender                                        votes=3/6
2026-08-04 10:53:56 | INFO     | selector             |     [✓] age                                           votes=3/6
2026-08-04 10:53:56 | INFO     | selector             |     [✓] admission_type_id                             votes=3/6
2026-08-04 10:53:56 | INFO     | selector             |     [✓] discharge_disposition_id                      votes=3/6
2026-08-04 10:53:56 | INFO     | selector             |     [✓] admission_source_id                           votes=3/6
2026-08-04 10:53:56 | INFO     | selector             |     [✓] time_in_hospital                              votes=3/6
2026-08-04 10:53:56 | INFO     | selector             |     [✓] payer_code                                    votes=3/6
2026-08-04 10:53:56 | INFO     | selector             |     [✓] medical_specialty                             votes=3/6
2026-08-04 10:53:56 | INFO     | selector             |     [✓] num_medications                               votes=3/6
2026-08-04 10:53:56 | INFO     | selector             |     [✓] number_outpatient                             votes=3/6
2026-08-04 10:53:56 | INFO     | selector             |     [✓] diag_1                                        votes=3/6
2026-08-04 10:53:56 | INFO     | selector             |     [✓] diag_2                                        votes=3/6
2026-08-04 10:53:56 | INFO     | selector             |     [✓] number_diagnoses                              votes=3/6
2026-08-04 10:53:56 | INFO     | selector             |     [✓] weight_missing                                votes=3/6
2026-08-04 10:53:56 | INFO     | selector             |     [✓] max_glu_serum_missing                         votes=3/6
2026-08-04 10:53:56 | INFO     | selector             |     [✓] A1Cresult_missing                             votes=3/6
2026-08-04 10:53:56 | INFO     | selector             |     [✓] FE_total_clinical_contacts                    votes=3/6
2026-08-04 10:53:56 | INFO     | selector             |     [✓] FE_labs_per_day                               votes=3/6
2026-08-04 10:53:56 | INFO     | selector             |   feature_scores.csv saved -> C:\Users\sharg\Desktop\github\DriftSentinel\outputs\artifacts\feature_scores.csv
2026-08-04 10:53:56 | INFO     | selector             |   Selected feature breakdown:
2026-08-04 10:53:56 | INFO     | selector             |     FE_ features selected : 29
2026-08-04 10:53:56 | INFO     | selector             |     Raw features selected : 24
2026-08-04 10:53:56 | INFO     | selector             |   selected_features.json saved -> C:\Users\sharg\Desktop\github\DriftSentinel\outputs\artifacts\selected_features.json
2026-08-04 10:53:56 | INFO     | selector             |   selector_stage_results.json saved -> C:\Users\sharg\Desktop\github\DriftSentinel\outputs\artifacts\selector_stage_results.json
2026-08-04 10:53:56 | INFO     | selector             |   feature_selector.pkl saved -> C:\Users\sharg\Desktop\github\DriftSentinel\outputs\artifacts\feature_selector.pkl
2026-08-04 10:53:56 | INFO     | selector             | ======================================================================
2026-08-04 10:53:56 | INFO     | selector             | Selection complete — 53 features retained from 78 input features
2026-08-04 10:53:56 | INFO     | selector             | ======================================================================
2026-08-04 10:53:56 | INFO     | selector             | ======================================================================
2026-08-04 10:53:56 | INFO     | selector             | DriftSentinel — Feature Selector  [transform on TRAIN]
2026-08-04 10:53:56 | INFO     | selector             | ======================================================================
2026-08-04 10:53:56 | INFO     | selector             | Input  shape : (63492, 80)
2026-08-04 10:53:56 | INFO     | selector             | Output shape : (63492, 55)
2026-08-04 10:53:56 | INFO     | selector             | Features retained : 53
2026-08-04 10:53:56 | INFO     | selector             | Targets retained  : ['readmitted_binary', 'readmitted_multi']
2026-08-04 10:53:56 | INFO     | selector             | ======================================================================
2026-08-04 10:53:56 | INFO     | selector             | ======================================================================
2026-08-04 10:53:56 | INFO     | selector             | DriftSentinel — Feature Selector  [transform on VAL]
2026-08-04 10:53:56 | INFO     | selector             | ======================================================================
2026-08-04 10:53:56 | INFO     | selector             | Input  shape : (20949, 80)
2026-08-04 10:53:56 | INFO     | selector             | Output shape : (20949, 55)
2026-08-04 10:53:56 | INFO     | selector             | Features retained : 53
2026-08-04 10:53:56 | INFO     | selector             | Targets retained  : ['readmitted_binary', 'readmitted_multi']
2026-08-04 10:53:56 | INFO     | selector             | ======================================================================
2026-08-04 10:53:56 | INFO     | selector             | ======================================================================
2026-08-04 10:53:56 | INFO     | selector             | DriftSentinel — Feature Selector  [transform on TEST]
2026-08-04 10:53:56 | INFO     | selector             | ======================================================================
2026-08-04 10:53:56 | INFO     | selector             | Input  shape : (17325, 80)
2026-08-04 10:53:56 | INFO     | selector             | Output shape : (17325, 55)
2026-08-04 10:53:56 | INFO     | selector             | Features retained : 53
2026-08-04 10:53:56 | INFO     | selector             | Targets retained  : ['readmitted_binary', 'readmitted_multi']
2026-08-04 10:53:56 | INFO     | selector             | ======================================================================
2026-08-04 10:54:05 | INFO     | selector             | ===== RUN 20260804-105400-8176e5 | pid=20152 | started 2026-08-04 10:54:05 =====
2026-08-04 10:54:05 | INFO     | selector             | ======================================================================
2026-08-04 10:54:05 | INFO     | selector             | DriftSentinel — Feature Selector  [fit on TRAIN]
2026-08-04 10:54:05 | INFO     | selector             | ======================================================================
2026-08-04 10:54:05 | INFO     | selector             | Input shape : (63492, 80)
2026-08-04 10:54:05 | INFO     | selector             | Feature matrix : 63,492 rows x 78 features
2026-08-04 10:54:05 | INFO     | selector             | Target (binary): {0: 55875, 1: 7617}
2026-08-04 10:54:05 | INFO     | selector             | --------------------------------------------------
2026-08-04 10:54:05 | INFO     | selector             | Stage 1: Variance Threshold (threshold=0.01)
2026-08-04 10:54:06 | INFO     | selector             |   Input    : 78 features
2026-08-04 10:54:06 | INFO     | selector             |   Selected : 67
2026-08-04 10:54:06 | INFO     | selector             |   Removed  : 11
2026-08-04 10:54:06 | INFO     | selector             |     DROP  nateglinide                                   var=0.006765
2026-08-04 10:54:06 | INFO     | selector             |     DROP  chlorpropamide                                var=0.001117
2026-08-04 10:54:06 | INFO     | selector             |     DROP  tolbutamide                                   var=0.000299
2026-08-04 10:54:06 | INFO     | selector             |     DROP  acarbose                                      var=0.003171
2026-08-04 10:54:06 | INFO     | selector             |     DROP  miglitol                                      var=0.000472
2026-08-04 10:54:06 | INFO     | selector             |     DROP  tolazamide                                    var=0.000598
2026-08-04 10:54:06 | INFO     | selector             |     DROP  glyburide-metformin                           var=0.004796
2026-08-04 10:54:06 | INFO     | selector             |     DROP  glipizide-metformin                           var=0.000157
2026-08-04 10:54:06 | INFO     | selector             |     DROP  FE_polypharmacy                               var=0.000504
2026-08-04 10:54:06 | INFO     | selector             |     DROP  FE_med_coverage_ratio                         var=0.005305
2026-08-04 10:54:06 | INFO     | selector             |     DROP  FE_inpatient_x_polypharmacy                   var=0.000094
2026-08-04 10:54:06 | INFO     | selector             | --------------------------------------------------
2026-08-04 10:54:06 | INFO     | selector             | Stage 2: Correlation Filter (threshold=0.9)
2026-08-04 10:54:06 | INFO     | selector             |   Input    : 67
2026-08-04 10:54:06 | INFO     | selector             |   Selected : 53
2026-08-04 10:54:06 | INFO     | selector             |   Removed  : 14
2026-08-04 10:54:06 | INFO     | selector             |     DROP  num_lab_procedures                       r=0.9821 (kept: FE_total_clinical_contacts)
2026-08-04 10:54:06 | INFO     | selector             |     DROP  num_procedures                           r=0.9502 (kept: FE_procedure_density)
2026-08-04 10:54:06 | INFO     | selector             |     DROP  FE_n_active_ordinal_meds                 r=0.9936 (kept: FE_total_active_meds)
2026-08-04 10:54:06 | INFO     | selector             |     DROP  FE_n_med_changes                         r=0.9982 (kept: FE_any_med_changed)
2026-08-04 10:54:06 | INFO     | selector             |     DROP  FE_procedure_density                     r=0.9049 (kept: FE_no_procedures)
2026-08-04 10:54:06 | INFO     | selector             |     DROP  number_emergency                         r=0.9986 (kept: FE_has_prior_emergency)
2026-08-04 10:54:06 | INFO     | selector             |     DROP  number_inpatient                         r=0.973 (kept: FE_has_prior_inpatient)
2026-08-04 10:54:06 | INFO     | selector             |     DROP  FE_total_prior_contacts                  r=0.9633 (kept: FE_multi_channel_utilizer)
2026-08-04 10:54:06 | INFO     | selector             |     DROP  insulin                                  r=0.9406 (kept: FE_insulin_prescribed)
2026-08-04 10:54:06 | INFO     | selector             |     DROP  metformin                                r=0.9984 (kept: FE_metformin_prescribed)
2026-08-04 10:54:06 | INFO     | selector             |     DROP  diabetesMed                              r=1.0 (kept: FE_on_diabetes_med)
2026-08-04 10:54:06 | INFO     | selector             |     DROP  change                                   r=1.0 (kept: FE_med_regimen_changed)
2026-08-04 10:54:06 | INFO     | selector             |     DROP  FE_has_prior_emergency                   r=0.9977 (kept: FE_glycemic_x_emergency)
2026-08-04 10:54:06 | INFO     | selector             |     DROP  FE_high_comorbidity                      r=0.9553 (kept: FE_labs_per_day_x_comorbidity)
2026-08-04 10:54:06 | INFO     | selector             | --------------------------------------------------
2026-08-04 10:54:06 | INFO     | selector             | Stage 3: Mutual Information (drop bottom 20th percentile)
2026-08-04 10:54:21 | INFO     | selector             |   Input    : 53
2026-08-04 10:54:21 | INFO     | selector             |   MI threshold (P20) : 0.000522
2026-08-04 10:54:21 | INFO     | selector             |   Selected : 42
2026-08-04 10:54:21 | INFO     | selector             |   Removed  : 11
2026-08-04 10:54:21 | INFO     | selector             |   Top 10 MI scores:
2026-08-04 10:54:21 | INFO     | selector             |     FE_on_diabetes_med                            MI=0.012227
2026-08-04 10:54:21 | INFO     | selector             |     FE_has_prior_inpatient                        MI=0.011854
2026-08-04 10:54:21 | INFO     | selector             |     FE_insulin_prescribed                         MI=0.010541
2026-08-04 10:54:21 | INFO     | selector             |     race                                          MI=0.010317
2026-08-04 10:54:21 | INFO     | selector             |     weight_missing                                MI=0.010241
2026-08-04 10:54:21 | INFO     | selector             |     A1Cresult_missing                             MI=0.010201
2026-08-04 10:54:21 | INFO     | selector             |     FE_med_regimen_changed                        MI=0.009947
2026-08-04 10:54:21 | INFO     | selector             |     FE_high_prior_utilization                     MI=0.009294
2026-08-04 10:54:21 | INFO     | selector             |     gender                                        MI=0.008221
2026-08-04 10:54:21 | INFO     | selector             |     FE_multi_channel_utilizer                     MI=0.008043
2026-08-04 10:54:21 | INFO     | selector             | --------------------------------------------------
2026-08-04 10:54:21 | INFO     | selector             | Stage 4: Boruta Shadow Feature Selection (n_estimators=200, max_iter=50)
2026-08-04 10:54:38 | INFO     | selector             |   Boruta iter  10/50 — confirmed so far: 0
2026-08-04 10:54:55 | INFO     | selector             |   Boruta iter  20/50 — confirmed so far: 0
2026-08-04 10:55:12 | INFO     | selector             |   Boruta iter  30/50 — confirmed so far: 0
2026-08-04 10:55:29 | INFO     | selector             |   Boruta iter  40/50 — confirmed so far: 0
2026-08-04 10:55:46 | INFO     | selector             |   Boruta iter  50/50 — confirmed so far: 0
2026-08-04 10:55:46 | INFO     | selector             |   Input    : 42
2026-08-04 10:55:46 | INFO     | selector             |   Selected : 1 (confirmed)
2026-08-04 10:55:46 | INFO     | selector             |   Removed  : 41 (tentative/rejected)
2026-08-04 10:55:46 | INFO     | selector             |   Top 10 hit rates:
2026-08-04 10:55:46 | INFO     | selector             |     FE_high_prior_utilization                     hit_rate=0.74
2026-08-04 10:55:46 | INFO     | selector             |     FE_has_prior_inpatient                        hit_rate=0.24
2026-08-04 10:55:46 | INFO     | selector             |     FE_on_diabetes_med                            hit_rate=0.00
2026-08-04 10:55:46 | INFO     | selector             |     FE_insulin_prescribed                         hit_rate=0.00
2026-08-04 10:55:46 | INFO     | selector             |     race                                          hit_rate=0.00
2026-08-04 10:55:46 | INFO     | selector             |     weight_missing                                hit_rate=0.00
2026-08-04 10:55:46 | INFO     | selector             |     A1Cresult_missing                             hit_rate=0.00
2026-08-04 10:55:46 | INFO     | selector             |     FE_med_regimen_changed                        hit_rate=0.00
2026-08-04 10:55:46 | INFO     | selector             |     gender                                        hit_rate=0.00
2026-08-04 10:55:46 | INFO     | selector             |     FE_multi_channel_utilizer                     hit_rate=0.00
2026-08-04 10:55:46 | INFO     | selector             | --------------------------------------------------
2026-08-04 10:55:46 | INFO     | selector             | Stage 5: SHAP Importance (GBM, n_estimators=300)
2026-08-04 10:55:51 | INFO     | selector             |   Input    : 1
2026-08-04 10:55:51 | INFO     | selector             |   SHAP threshold (P20) : 0.303850
2026-08-04 10:55:51 | INFO     | selector             |   Selected : 1
2026-08-04 10:55:51 | INFO     | selector             |   Removed  : 0
2026-08-04 10:55:51 | INFO     | selector             |   Top 15 SHAP scores:
2026-08-04 10:55:51 | INFO     | selector             |     FE_high_prior_utilization                     SHAP=0.303850
2026-08-04 10:55:51 | INFO     | selector             | --------------------------------------------------
2026-08-04 10:55:51 | INFO     | selector             | Stage 6: Stability Selection (n_bootstrap=50, frac=0.75, threshold=0.6)
2026-08-04 10:56:05 | INFO     | selector             |   Input    : 1
2026-08-04 10:56:05 | INFO     | selector             |   Selected : 1 (stability >= 0.6)
2026-08-04 10:56:05 | INFO     | selector             |   Removed  : 0
2026-08-04 10:56:05 | INFO     | selector             |   Top 15 stability scores:
2026-08-04 10:56:05 | INFO     | selector             |     [✓] FE_high_prior_utilization                   stability=1.0000
2026-08-04 10:56:05 | INFO     | selector             | --------------------------------------------------
2026-08-04 10:56:05 | INFO     | selector             | Stage 7: Consensus Vote (min_stages=2)
2026-08-04 10:56:05 | INFO     | selector             |   Total features evaluated : 78
2026-08-04 10:56:05 | INFO     | selector             |   Selected (votes >= 2)   : 53
2026-08-04 10:56:05 | INFO     | selector             |   Removed                  : 25
2026-08-04 10:56:05 | INFO     | selector             |   Vote summary (top 20):
2026-08-04 10:56:05 | INFO     | selector             |     [✓] FE_high_prior_utilization                     votes=6/6
2026-08-04 10:56:05 | INFO     | selector             |     [✓] race                                          votes=3/6
2026-08-04 10:56:05 | INFO     | selector             |     [✓] gender                                        votes=3/6
2026-08-04 10:56:05 | INFO     | selector             |     [✓] age                                           votes=3/6
2026-08-04 10:56:05 | INFO     | selector             |     [✓] admission_type_id                             votes=3/6
2026-08-04 10:56:05 | INFO     | selector             |     [✓] discharge_disposition_id                      votes=3/6
2026-08-04 10:56:05 | INFO     | selector             |     [✓] admission_source_id                           votes=3/6
2026-08-04 10:56:05 | INFO     | selector             |     [✓] time_in_hospital                              votes=3/6
2026-08-04 10:56:05 | INFO     | selector             |     [✓] payer_code                                    votes=3/6
2026-08-04 10:56:05 | INFO     | selector             |     [✓] medical_specialty                             votes=3/6
2026-08-04 10:56:05 | INFO     | selector             |     [✓] num_medications                               votes=3/6
2026-08-04 10:56:05 | INFO     | selector             |     [✓] number_outpatient                             votes=3/6
2026-08-04 10:56:05 | INFO     | selector             |     [✓] diag_1                                        votes=3/6
2026-08-04 10:56:05 | INFO     | selector             |     [✓] diag_2                                        votes=3/6
2026-08-04 10:56:05 | INFO     | selector             |     [✓] number_diagnoses                              votes=3/6
2026-08-04 10:56:05 | INFO     | selector             |     [✓] weight_missing                                votes=3/6
2026-08-04 10:56:05 | INFO     | selector             |     [✓] max_glu_serum_missing                         votes=3/6
2026-08-04 10:56:05 | INFO     | selector             |     [✓] A1Cresult_missing                             votes=3/6
2026-08-04 10:56:05 | INFO     | selector             |     [✓] FE_total_clinical_contacts                    votes=3/6
2026-08-04 10:56:05 | INFO     | selector             |     [✓] FE_labs_per_day                               votes=3/6
2026-08-04 10:56:05 | INFO     | selector             |   feature_scores.csv saved -> C:\Users\sharg\Desktop\github\DriftSentinel\outputs\artifacts\feature_scores.csv
2026-08-04 10:56:05 | INFO     | selector             |   Selected feature breakdown:
2026-08-04 10:56:05 | INFO     | selector             |     FE_ features selected : 29
2026-08-04 10:56:05 | INFO     | selector             |     Raw features selected : 24
2026-08-04 10:56:05 | INFO     | selector             |   selected_features.json saved -> C:\Users\sharg\Desktop\github\DriftSentinel\outputs\artifacts\selected_features.json
2026-08-04 10:56:05 | INFO     | selector             |   selector_stage_results.json saved -> C:\Users\sharg\Desktop\github\DriftSentinel\outputs\artifacts\selector_stage_results.json
2026-08-04 10:56:05 | INFO     | selector             |   feature_selector.pkl saved -> C:\Users\sharg\Desktop\github\DriftSentinel\outputs\artifacts\feature_selector.pkl
2026-08-04 10:56:05 | INFO     | selector             | ======================================================================
2026-08-04 10:56:05 | INFO     | selector             | Selection complete — 53 features retained from 78 input features
2026-08-04 10:56:05 | INFO     | selector             | ======================================================================
2026-08-04 10:56:05 | INFO     | selector             | ======================================================================
2026-08-04 10:56:05 | INFO     | selector             | DriftSentinel — Feature Selector  [transform on TRAIN]
2026-08-04 10:56:05 | INFO     | selector             | ======================================================================
2026-08-04 10:56:05 | INFO     | selector             | Input  shape : (63492, 80)
2026-08-04 10:56:05 | INFO     | selector             | Output shape : (63492, 55)
2026-08-04 10:56:05 | INFO     | selector             | Features retained : 53
2026-08-04 10:56:05 | INFO     | selector             | Targets retained  : ['readmitted_binary', 'readmitted_multi']
2026-08-04 10:56:05 | INFO     | selector             | ======================================================================
2026-08-04 10:56:05 | INFO     | selector             | ======================================================================
2026-08-04 10:56:05 | INFO     | selector             | DriftSentinel — Feature Selector  [transform on VAL]
2026-08-04 10:56:05 | INFO     | selector             | ======================================================================
2026-08-04 10:56:05 | INFO     | selector             | Input  shape : (20949, 80)
2026-08-04 10:56:05 | INFO     | selector             | Output shape : (20949, 55)
2026-08-04 10:56:05 | INFO     | selector             | Features retained : 53
2026-08-04 10:56:05 | INFO     | selector             | Targets retained  : ['readmitted_binary', 'readmitted_multi']
2026-08-04 10:56:05 | INFO     | selector             | ======================================================================
2026-08-04 10:56:05 | INFO     | selector             | ======================================================================
2026-08-04 10:56:05 | INFO     | selector             | DriftSentinel — Feature Selector  [transform on TEST]
2026-08-04 10:56:05 | INFO     | selector             | ======================================================================
2026-08-04 10:56:05 | INFO     | selector             | Input  shape : (17325, 80)
2026-08-04 10:56:05 | INFO     | selector             | Output shape : (17325, 55)
2026-08-04 10:56:05 | INFO     | selector             | Features retained : 53
2026-08-04 10:56:05 | INFO     | selector             | Targets retained  : ['readmitted_binary', 'readmitted_multi']
2026-08-04 10:56:05 | INFO     | selector             | ======================================================================
2026-08-04 11:30:54 | INFO     | selector             | ===== RUN 20260804-113051-66454f | pid=22816 | started 2026-08-04 11:30:54 =====
2026-08-04 11:30:54 | INFO     | selector             | --------------------------------------------------
2026-08-04 11:30:54 | INFO     | selector             | Stage 1: Variance Threshold (threshold=0.01)
2026-08-04 11:30:54 | INFO     | selector             |   Input    : 78 features
2026-08-04 11:30:54 | INFO     | selector             |   Selected : 65
2026-08-04 11:30:54 | INFO     | selector             |   Removed  : 13
2026-08-04 11:30:54 | INFO     | selector             |     DROP  payer_code                                    var=0.000000
2026-08-04 11:30:54 | INFO     | selector             |     DROP  nateglinide                                   var=0.000000
2026-08-04 11:30:54 | INFO     | selector             |     DROP  chlorpropamide                                var=0.001199
2026-08-04 11:30:54 | INFO     | selector             |     DROP  tolbutamide                                   var=0.000999
2026-08-04 11:30:54 | INFO     | selector             |     DROP  acarbose                                      var=0.004579
2026-08-04 11:30:54 | INFO     | selector             |     DROP  miglitol                                      var=0.000000
2026-08-04 11:30:54 | INFO     | selector             |     DROP  tolazamide                                    var=0.001398
2026-08-04 11:30:54 | INFO     | selector             |     DROP  glyburide-metformin                           var=0.000200
2026-08-04 11:30:54 | INFO     | selector             |     DROP  glipizide-metformin                           var=0.000000
2026-08-04 11:30:54 | INFO     | selector             |     DROP  FE_n_active_binary_meds                       var=0.008329
2026-08-04 11:30:54 | INFO     | selector             |     DROP  FE_polypharmacy                               var=0.000400
2026-08-04 11:30:54 | INFO     | selector             |     DROP  FE_med_coverage_ratio                         var=0.005216
2026-08-04 11:30:54 | INFO     | selector             |     DROP  FE_inpatient_x_polypharmacy                   var=0.000000
2026-08-04 11:30:54 | INFO     | selector             | --------------------------------------------------
2026-08-04 11:30:54 | INFO     | selector             | Stage 2: Correlation Filter (threshold=0.9)
2026-08-04 11:30:54 | INFO     | selector             |   Input    : 65
2026-08-04 11:30:54 | INFO     | selector             |   Selected : 50
2026-08-04 11:30:54 | INFO     | selector             |   Removed  : 15
2026-08-04 11:30:54 | INFO     | selector             |     DROP  num_lab_procedures                       r=0.9803 (kept: FE_total_clinical_contacts)
2026-08-04 11:30:54 | INFO     | selector             |     DROP  num_procedures                           r=0.9576 (kept: FE_procedure_density)
2026-08-04 11:30:54 | INFO     | selector             |     DROP  FE_n_active_ordinal_meds                 r=0.9943 (kept: FE_total_active_meds)
2026-08-04 11:30:54 | INFO     | selector             |     DROP  FE_n_med_changes                         r=0.9984 (kept: FE_any_med_changed)
2026-08-04 11:30:54 | INFO     | selector             |     DROP  FE_procedure_density                     r=0.9038 (kept: FE_lab_to_procedure_ratio)
2026-08-04 11:30:54 | INFO     | selector             |     DROP  number_inpatient                         r=0.9671 (kept: FE_total_prior_contacts)
2026-08-04 11:30:54 | INFO     | selector             |     DROP  number_emergency                         r=1.0 (kept: FE_has_prior_emergency)
2026-08-04 11:30:54 | INFO     | selector             |     DROP  FE_total_prior_contacts                  r=0.9575 (kept: FE_has_prior_inpatient)
2026-08-04 11:30:54 | INFO     | selector             |     DROP  FE_has_prior_inpatient                   r=0.9531 (kept: FE_multi_channel_utilizer)
2026-08-04 11:30:54 | INFO     | selector             |     DROP  insulin                                  r=0.94 (kept: FE_insulin_prescribed)
2026-08-04 11:30:54 | INFO     | selector             |     DROP  metformin                                r=0.9986 (kept: FE_metformin_prescribed)
2026-08-04 11:30:54 | INFO     | selector             |     DROP  diabetesMed                              r=1.0 (kept: FE_on_diabetes_med)
2026-08-04 11:30:54 | INFO     | selector             |     DROP  change                                   r=1.0 (kept: FE_med_regimen_changed)
2026-08-04 11:30:54 | INFO     | selector             |     DROP  FE_has_prior_emergency                   r=0.9999 (kept: FE_glycemic_x_emergency)
2026-08-04 11:30:54 | INFO     | selector             |     DROP  FE_high_comorbidity                      r=0.9805 (kept: FE_labs_per_day_x_comorbidity)
2026-08-04 11:31:11 | INFO     | selector             | ===== RUN 20260804-113104-3e56fe | pid=28552 | started 2026-08-04 11:31:11 =====
2026-08-04 11:31:11 | INFO     | selector             | --------------------------------------------------
2026-08-04 11:31:11 | INFO     | selector             | Stage 1: Variance Threshold (threshold=0.01)
2026-08-04 11:31:11 | INFO     | selector             |   Input    : 78 features
2026-08-04 11:31:11 | INFO     | selector             |   Selected : 67
2026-08-04 11:31:11 | INFO     | selector             |   Removed  : 11
2026-08-04 11:31:11 | INFO     | selector             |     DROP  nateglinide                                   var=0.006872
2026-08-04 11:31:11 | INFO     | selector             |     DROP  chlorpropamide                                var=0.001042
2026-08-04 11:31:11 | INFO     | selector             |     DROP  tolbutamide                                   var=0.000276
2026-08-04 11:31:11 | INFO     | selector             |     DROP  acarbose                                      var=0.003375
2026-08-04 11:31:11 | INFO     | selector             |     DROP  miglitol                                      var=0.000531
2026-08-04 11:31:11 | INFO     | selector             |     DROP  tolazamide                                    var=0.000492
2026-08-04 11:31:11 | INFO     | selector             |     DROP  glyburide-metformin                           var=0.004878
2026-08-04 11:31:11 | INFO     | selector             |     DROP  glipizide-metformin                           var=0.000197
2026-08-04 11:31:11 | INFO     | selector             |     DROP  FE_polypharmacy                               var=0.000492
2026-08-04 11:31:11 | INFO     | selector             |     DROP  FE_med_coverage_ratio                         var=0.005302
2026-08-04 11:31:11 | INFO     | selector             |     DROP  FE_inpatient_x_polypharmacy                   var=0.000059
2026-08-04 11:31:11 | INFO     | selector             | --------------------------------------------------
2026-08-04 11:31:11 | INFO     | selector             | Stage 2: Correlation Filter (threshold=0.9)
2026-08-04 11:31:11 | INFO     | selector             |   Input    : 67
2026-08-04 11:31:11 | INFO     | selector             |   Selected : 53
2026-08-04 11:31:11 | INFO     | selector             |   Removed  : 14
2026-08-04 11:31:11 | INFO     | selector             |     DROP  num_lab_procedures                       r=0.982 (kept: FE_total_clinical_contacts)
2026-08-04 11:31:11 | INFO     | selector             |     DROP  num_procedures                           r=0.9498 (kept: FE_procedure_density)
2026-08-04 11:31:11 | INFO     | selector             |     DROP  FE_n_active_ordinal_meds                 r=0.9935 (kept: FE_total_active_meds)
2026-08-04 11:31:11 | INFO     | selector             |     DROP  FE_n_med_changes                         r=0.9982 (kept: FE_any_med_changed)
2026-08-04 11:31:11 | INFO     | selector             |     DROP  FE_procedure_density                     r=0.9048 (kept: FE_no_procedures)
2026-08-04 11:31:11 | INFO     | selector             |     DROP  number_emergency                         r=0.9986 (kept: FE_has_prior_emergency)
2026-08-04 11:31:11 | INFO     | selector             |     DROP  number_inpatient                         r=0.9731 (kept: FE_has_prior_inpatient)
2026-08-04 11:31:11 | INFO     | selector             |     DROP  FE_total_prior_contacts                  r=0.9635 (kept: FE_multi_channel_utilizer)
2026-08-04 11:31:11 | INFO     | selector             |     DROP  insulin                                  r=0.9412 (kept: FE_insulin_prescribed)
2026-08-04 11:31:11 | INFO     | selector             |     DROP  metformin                                r=0.9984 (kept: FE_metformin_prescribed)
2026-08-04 11:31:11 | INFO     | selector             |     DROP  diabetesMed                              r=1.0 (kept: FE_on_diabetes_med)
2026-08-04 11:31:11 | INFO     | selector             |     DROP  change                                   r=1.0 (kept: FE_med_regimen_changed)
2026-08-04 11:31:11 | INFO     | selector             |     DROP  FE_has_prior_emergency                   r=0.9978 (kept: FE_glycemic_x_emergency)
2026-08-04 11:31:11 | INFO     | selector             |     DROP  FE_high_comorbidity                      r=0.9551 (kept: FE_labs_per_day_x_comorbidity)
2026-08-04 11:31:12 | INFO     | selector             | ======================================================================
2026-08-04 11:31:12 | INFO     | selector             | DriftSentinel — Feature Selector  [fit on TRAIN]
2026-08-04 11:31:12 | INFO     | selector             | ======================================================================
2026-08-04 11:31:12 | INFO     | selector             | Input shape : (50794, 79)
2026-08-04 11:31:12 | INFO     | selector             | Feature matrix : 50,794 rows x 78 features
2026-08-04 11:31:12 | INFO     | selector             | Target (binary): {0: 44700, 1: 6094}
2026-08-04 11:31:12 | INFO     | selector             | --------------------------------------------------
2026-08-04 11:31:12 | INFO     | selector             | Stage 1: Variance Threshold (threshold=0.01)
2026-08-04 11:31:12 | INFO     | selector             |   Input    : 78 features
2026-08-04 11:31:12 | INFO     | selector             |   Selected : 67
2026-08-04 11:31:12 | INFO     | selector             |   Removed  : 11
2026-08-04 11:31:12 | INFO     | selector             |     DROP  nateglinide                                   var=0.006872
2026-08-04 11:31:12 | INFO     | selector             |     DROP  chlorpropamide                                var=0.001042
2026-08-04 11:31:12 | INFO     | selector             |     DROP  tolbutamide                                   var=0.000276
2026-08-04 11:31:12 | INFO     | selector             |     DROP  acarbose                                      var=0.003375
2026-08-04 11:31:12 | INFO     | selector             |     DROP  miglitol                                      var=0.000531
2026-08-04 11:31:12 | INFO     | selector             |     DROP  tolazamide                                    var=0.000492
2026-08-04 11:31:12 | INFO     | selector             |     DROP  glyburide-metformin                           var=0.004878
2026-08-04 11:31:12 | INFO     | selector             |     DROP  glipizide-metformin                           var=0.000197
2026-08-04 11:31:12 | INFO     | selector             |     DROP  FE_polypharmacy                               var=0.000492
2026-08-04 11:31:12 | INFO     | selector             |     DROP  FE_med_coverage_ratio                         var=0.005302
2026-08-04 11:31:12 | INFO     | selector             |     DROP  FE_inpatient_x_polypharmacy                   var=0.000059
2026-08-04 11:31:12 | INFO     | selector             | --------------------------------------------------
2026-08-04 11:31:12 | INFO     | selector             | Stage 2: Correlation Filter (threshold=0.9)
2026-08-04 11:31:12 | INFO     | selector             |   Input    : 67
2026-08-04 11:31:12 | INFO     | selector             |   Selected : 53
2026-08-04 11:31:12 | INFO     | selector             |   Removed  : 14
2026-08-04 11:31:12 | INFO     | selector             |     DROP  num_lab_procedures                       r=0.982 (kept: FE_total_clinical_contacts)
2026-08-04 11:31:12 | INFO     | selector             |     DROP  num_procedures                           r=0.9498 (kept: FE_procedure_density)
2026-08-04 11:31:12 | INFO     | selector             |     DROP  FE_n_active_ordinal_meds                 r=0.9935 (kept: FE_total_active_meds)
2026-08-04 11:31:12 | INFO     | selector             |     DROP  FE_n_med_changes                         r=0.9982 (kept: FE_any_med_changed)
2026-08-04 11:31:12 | INFO     | selector             |     DROP  FE_procedure_density                     r=0.9048 (kept: FE_no_procedures)
2026-08-04 11:31:12 | INFO     | selector             |     DROP  number_emergency                         r=0.9986 (kept: FE_has_prior_emergency)
2026-08-04 11:31:12 | INFO     | selector             |     DROP  number_inpatient                         r=0.9731 (kept: FE_has_prior_inpatient)
2026-08-04 11:31:12 | INFO     | selector             |     DROP  FE_total_prior_contacts                  r=0.9635 (kept: FE_multi_channel_utilizer)
2026-08-04 11:31:12 | INFO     | selector             |     DROP  insulin                                  r=0.9412 (kept: FE_insulin_prescribed)
2026-08-04 11:31:12 | INFO     | selector             |     DROP  metformin                                r=0.9984 (kept: FE_metformin_prescribed)
2026-08-04 11:31:12 | INFO     | selector             |     DROP  diabetesMed                              r=1.0 (kept: FE_on_diabetes_med)
2026-08-04 11:31:12 | INFO     | selector             |     DROP  change                                   r=1.0 (kept: FE_med_regimen_changed)
2026-08-04 11:31:12 | INFO     | selector             |     DROP  FE_has_prior_emergency                   r=0.9978 (kept: FE_glycemic_x_emergency)
2026-08-04 11:31:12 | INFO     | selector             |     DROP  FE_high_comorbidity                      r=0.9551 (kept: FE_labs_per_day_x_comorbidity)
2026-08-04 11:31:12 | INFO     | selector             | --------------------------------------------------
2026-08-04 11:31:12 | INFO     | selector             | Stage 3: Mutual Information (drop bottom 20th percentile)
2026-08-04 11:31:18 | INFO     | selector             |   Input    : 53
2026-08-04 11:31:18 | INFO     | selector             |   MI threshold (P20) : 0.000179
2026-08-04 11:31:18 | INFO     | selector             |   Selected : 42
2026-08-04 11:31:18 | INFO     | selector             |   Removed  : 11
2026-08-04 11:31:18 | INFO     | selector             |   Top 10 MI scores:
2026-08-04 11:31:18 | INFO     | selector             |     FE_has_prior_inpatient                        MI=0.010696
2026-08-04 11:31:18 | INFO     | selector             |     FE_high_prior_utilization                     MI=0.010335
2026-08-04 11:31:18 | INFO     | selector             |     discharge_disposition_id                      MI=0.008878
2026-08-04 11:31:18 | INFO     | selector             |     weight_missing                                MI=0.008404
2026-08-04 11:31:18 | INFO     | selector             |     gender                                        MI=0.007798
2026-08-04 11:31:18 | INFO     | selector             |     race                                          MI=0.007743
2026-08-04 11:31:18 | INFO     | selector             |     A1Cresult_missing                             MI=0.007698
2026-08-04 11:31:18 | INFO     | selector             |     FE_multi_channel_utilizer                     MI=0.006902
2026-08-04 11:31:18 | INFO     | selector             |     FE_on_diabetes_med                            MI=0.006794
2026-08-04 11:31:18 | INFO     | selector             |     FE_med_regimen_changed                        MI=0.006750
2026-08-04 11:31:18 | INFO     | selector             | --------------------------------------------------
2026-08-04 11:31:18 | INFO     | selector             | Stage 4: Boruta Shadow Feature Selection (n_estimators=200, max_iter=50)
2026-08-04 11:31:24 | INFO     | selector             |   Boruta iter  10/50 — confirmed so far: 0
2026-08-04 11:31:30 | INFO     | selector             |   Boruta iter  20/50 — confirmed so far: 0
2026-08-04 11:31:36 | INFO     | selector             |   Boruta iter  30/50 — confirmed so far: 0
2026-08-04 11:31:42 | INFO     | selector             |   Boruta iter  40/50 — confirmed so far: 0
2026-08-04 11:31:48 | INFO     | selector             |   Boruta iter  50/50 — confirmed so far: 0
2026-08-04 11:31:48 | INFO     | selector             |   Input    : 42
2026-08-04 11:31:48 | INFO     | selector             |   Selected : 1 (confirmed)
2026-08-04 11:31:48 | INFO     | selector             |   Removed  : 41 (tentative/rejected)
2026-08-04 11:31:48 | INFO     | selector             |   Top 10 hit rates:
2026-08-04 11:31:48 | INFO     | selector             |     FE_has_prior_inpatient                        hit_rate=0.68
2026-08-04 11:31:48 | INFO     | selector             |     FE_high_prior_utilization                     hit_rate=0.26
2026-08-04 11:31:48 | INFO     | selector             |     discharge_disposition_id                      hit_rate=0.02
2026-08-04 11:31:48 | INFO     | selector             |     weight_missing                                hit_rate=0.00
2026-08-04 11:31:48 | INFO     | selector             |     gender                                        hit_rate=0.00
2026-08-04 11:31:48 | INFO     | selector             |     race                                          hit_rate=0.00
2026-08-04 11:31:48 | INFO     | selector             |     A1Cresult_missing                             hit_rate=0.00
2026-08-04 11:31:48 | INFO     | selector             |     FE_multi_channel_utilizer                     hit_rate=0.00
2026-08-04 11:31:48 | INFO     | selector             |     FE_on_diabetes_med                            hit_rate=0.00
2026-08-04 11:31:48 | INFO     | selector             |     FE_med_regimen_changed                        hit_rate=0.00
2026-08-04 11:31:48 | INFO     | selector             | --------------------------------------------------
2026-08-04 11:31:48 | INFO     | selector             | Stage 5: SHAP Importance (GBM, n_estimators=300)
2026-08-04 11:31:50 | INFO     | selector             |   Input    : 1
2026-08-04 11:31:50 | INFO     | selector             |   SHAP threshold (P20) : 0.350206
2026-08-04 11:31:50 | INFO     | selector             |   Selected : 1
2026-08-04 11:31:50 | INFO     | selector             |   Removed  : 0
2026-08-04 11:31:50 | INFO     | selector             |   Top 15 SHAP scores:
2026-08-04 11:31:50 | INFO     | selector             |     FE_has_prior_inpatient                        SHAP=0.350206
2026-08-04 11:31:50 | INFO     | selector             | --------------------------------------------------
2026-08-04 11:31:50 | INFO     | selector             | Stage 6: Stability Selection (n_bootstrap=50, frac=0.75, threshold=0.6)
2026-08-04 11:31:57 | INFO     | selector             |   Input    : 1
2026-08-04 11:31:57 | INFO     | selector             |   Selected : 1 (stability >= 0.6)
2026-08-04 11:31:57 | INFO     | selector             |   Removed  : 0
2026-08-04 11:31:57 | INFO     | selector             |   Top 15 stability scores:
2026-08-04 11:31:57 | INFO     | selector             |     [✓] FE_has_prior_inpatient                      stability=1.0000
2026-08-04 11:31:57 | INFO     | selector             | --------------------------------------------------
2026-08-04 11:31:57 | INFO     | selector             | Stage 7: Consensus Vote (min_stages=2)
2026-08-04 11:31:57 | INFO     | selector             |   Total features evaluated : 78
2026-08-04 11:31:57 | INFO     | selector             |   Selected (votes >= 2)   : 53
2026-08-04 11:31:57 | INFO     | selector             |   Removed                  : 25
2026-08-04 11:31:57 | INFO     | selector             |   Vote summary (top 20):
2026-08-04 11:31:57 | INFO     | selector             |     [✓] FE_has_prior_inpatient                        votes=6/6
2026-08-04 11:31:57 | INFO     | selector             |     [✓] race                                          votes=3/6
2026-08-04 11:31:57 | INFO     | selector             |     [✓] gender                                        votes=3/6
2026-08-04 11:31:57 | INFO     | selector             |     [✓] age                                           votes=3/6
2026-08-04 11:31:57 | INFO     | selector             |     [✓] admission_type_id                             votes=3/6
2026-08-04 11:31:57 | INFO     | selector             |     [✓] discharge_disposition_id                      votes=3/6
2026-08-04 11:31:57 | INFO     | selector             |     [✓] admission_source_id                           votes=3/6
2026-08-04 11:31:57 | INFO     | selector             |     [✓] time_in_hospital                              votes=3/6
2026-08-04 11:31:57 | INFO     | selector             |     [✓] payer_code                                    votes=3/6
2026-08-04 11:31:57 | INFO     | selector             |     [✓] medical_specialty                             votes=3/6
2026-08-04 11:31:57 | INFO     | selector             |     [✓] diag_2                                        votes=3/6
2026-08-04 11:31:57 | INFO     | selector             |     [✓] diag_3                                        votes=3/6
2026-08-04 11:31:57 | INFO     | selector             |     [✓] number_diagnoses                              votes=3/6
2026-08-04 11:31:57 | INFO     | selector             |     [✓] repaglinide                                   votes=3/6
2026-08-04 11:31:57 | INFO     | selector             |     [✓] glipizide                                     votes=3/6
2026-08-04 11:31:57 | INFO     | selector             |     [✓] glyburide                                     votes=3/6
2026-08-04 11:31:57 | INFO     | selector             |     [✓] rosiglitazone                                 votes=3/6
2026-08-04 11:31:57 | INFO     | selector             |     [✓] weight_missing                                votes=3/6
2026-08-04 11:31:57 | INFO     | selector             |     [✓] max_glu_serum_missing                         votes=3/6
2026-08-04 11:31:57 | INFO     | selector             |     [✓] A1Cresult_missing                             votes=3/6
2026-08-04 11:31:57 | INFO     | selector             |   feature_scores.csv saved -> C:\Users\sharg\Desktop\github\DriftSentinel\outputs\artifacts\feature_scores.csv
2026-08-04 11:31:57 | INFO     | selector             |   Selected feature breakdown:
2026-08-04 11:31:57 | INFO     | selector             |     FE_ features selected : 29
2026-08-04 11:31:57 | INFO     | selector             |     Raw features selected : 24
2026-08-04 11:31:57 | INFO     | selector             |   selected_features.json saved -> C:\Users\sharg\Desktop\github\DriftSentinel\outputs\artifacts\selected_features.json
2026-08-04 11:31:57 | INFO     | selector             |   selector_stage_results.json saved -> C:\Users\sharg\Desktop\github\DriftSentinel\outputs\artifacts\selector_stage_results.json
2026-08-04 11:31:57 | INFO     | selector             |   feature_selector.pkl saved -> C:\Users\sharg\Desktop\github\DriftSentinel\outputs\artifacts\feature_selector.pkl
2026-08-04 11:31:57 | INFO     | selector             | ======================================================================
2026-08-04 11:31:57 | INFO     | selector             | Selection complete — 53 features retained from 78 input features
2026-08-04 11:31:57 | INFO     | selector             | ======================================================================
2026-08-04 11:31:59 | INFO     | selector             | --------------------------------------------------
2026-08-04 11:31:59 | INFO     | selector             | Stage 1: Variance Threshold (threshold=0.01)
2026-08-04 11:31:59 | INFO     | selector             |   Input    : 78 features
2026-08-04 11:31:59 | INFO     | selector             |   Selected : 67
2026-08-04 11:31:59 | INFO     | selector             |   Removed  : 11
2026-08-04 11:31:59 | INFO     | selector             |     DROP  nateglinide                                   var=0.006773
2026-08-04 11:31:59 | INFO     | selector             |     DROP  chlorpropamide                                var=0.001082
2026-08-04 11:31:59 | INFO     | selector             |     DROP  tolbutamide                                   var=0.000276
2026-08-04 11:31:59 | INFO     | selector             |     DROP  acarbose                                      var=0.003042
2026-08-04 11:31:59 | INFO     | selector             |     DROP  miglitol                                      var=0.000531
2026-08-04 11:31:59 | INFO     | selector             |     DROP  tolazamide                                    var=0.000669
2026-08-04 11:31:59 | INFO     | selector             |     DROP  glyburide-metformin                           var=0.004625
2026-08-04 11:31:59 | INFO     | selector             |     DROP  glipizide-metformin                           var=0.000197
2026-08-04 11:31:59 | INFO     | selector             |     DROP  FE_polypharmacy                               var=0.000531
2026-08-04 11:31:59 | INFO     | selector             |     DROP  FE_med_coverage_ratio                         var=0.005361
2026-08-04 11:31:59 | INFO     | selector             |     DROP  FE_inpatient_x_polypharmacy                   var=0.000098
2026-08-04 11:31:59 | INFO     | selector             | --------------------------------------------------
2026-08-04 11:31:59 | INFO     | selector             | Stage 2: Correlation Filter (threshold=0.9)
2026-08-04 11:32:00 | INFO     | selector             |   Input    : 67
2026-08-04 11:32:00 | INFO     | selector             |   Selected : 53
2026-08-04 11:32:00 | INFO     | selector             |   Removed  : 14
2026-08-04 11:32:00 | INFO     | selector             |     DROP  num_lab_procedures                       r=0.9822 (kept: FE_total_clinical_contacts)
2026-08-04 11:32:00 | INFO     | selector             |     DROP  num_procedures                           r=0.9509 (kept: FE_procedure_density)
2026-08-04 11:32:00 | INFO     | selector             |     DROP  FE_n_active_ordinal_meds                 r=0.9937 (kept: FE_total_active_meds)
2026-08-04 11:32:00 | INFO     | selector             |     DROP  FE_n_med_changes                         r=0.9981 (kept: FE_any_med_changed)
2026-08-04 11:32:00 | INFO     | selector             |     DROP  FE_procedure_density                     r=0.9057 (kept: FE_no_procedures)
2026-08-04 11:32:00 | INFO     | selector             |     DROP  number_emergency                         r=0.9985 (kept: FE_has_prior_emergency)
2026-08-04 11:32:00 | INFO     | selector             |     DROP  number_inpatient                         r=0.973 (kept: FE_has_prior_inpatient)
2026-08-04 11:32:00 | INFO     | selector             |     DROP  FE_total_prior_contacts                  r=0.9634 (kept: FE_multi_channel_utilizer)
2026-08-04 11:32:00 | INFO     | selector             |     DROP  insulin                                  r=0.9399 (kept: FE_insulin_prescribed)
2026-08-04 11:32:00 | INFO     | selector             |     DROP  metformin                                r=0.9984 (kept: FE_metformin_prescribed)
2026-08-04 11:32:00 | INFO     | selector             |     DROP  diabetesMed                              r=1.0 (kept: FE_on_diabetes_med)
2026-08-04 11:32:00 | INFO     | selector             |     DROP  change                                   r=1.0 (kept: FE_med_regimen_changed)
2026-08-04 11:32:00 | INFO     | selector             |     DROP  FE_has_prior_emergency                   r=0.9977 (kept: FE_glycemic_x_emergency)
2026-08-04 11:32:00 | INFO     | selector             |     DROP  FE_high_comorbidity                      r=0.9556 (kept: FE_labs_per_day_x_comorbidity)
2026-08-04 11:32:00 | INFO     | selector             | ======================================================================
2026-08-04 11:32:00 | INFO     | selector             | DriftSentinel — Feature Selector  [fit on TRAIN]
2026-08-04 11:32:00 | INFO     | selector             | ======================================================================
2026-08-04 11:32:00 | INFO     | selector             | Input shape : (50793, 79)
2026-08-04 11:32:00 | INFO     | selector             | Feature matrix : 50,793 rows x 78 features
2026-08-04 11:32:00 | INFO     | selector             | Target (binary): {0: 44699, 1: 6094}
2026-08-04 11:32:00 | INFO     | selector             | --------------------------------------------------
2026-08-04 11:32:00 | INFO     | selector             | Stage 1: Variance Threshold (threshold=0.01)
2026-08-04 11:32:00 | INFO     | selector             |   Input    : 78 features
2026-08-04 11:32:00 | INFO     | selector             |   Selected : 67
2026-08-04 11:32:00 | INFO     | selector             |   Removed  : 11
2026-08-04 11:32:00 | INFO     | selector             |     DROP  nateglinide                                   var=0.006773
2026-08-04 11:32:00 | INFO     | selector             |     DROP  chlorpropamide                                var=0.001082
2026-08-04 11:32:00 | INFO     | selector             |     DROP  tolbutamide                                   var=0.000276
2026-08-04 11:32:00 | INFO     | selector             |     DROP  acarbose                                      var=0.003042
2026-08-04 11:32:00 | INFO     | selector             |     DROP  miglitol                                      var=0.000531
2026-08-04 11:32:00 | INFO     | selector             |     DROP  tolazamide                                    var=0.000669
2026-08-04 11:32:00 | INFO     | selector             |     DROP  glyburide-metformin                           var=0.004625
2026-08-04 11:32:00 | INFO     | selector             |     DROP  glipizide-metformin                           var=0.000197
2026-08-04 11:32:00 | INFO     | selector             |     DROP  FE_polypharmacy                               var=0.000531
2026-08-04 11:32:00 | INFO     | selector             |     DROP  FE_med_coverage_ratio                         var=0.005361
2026-08-04 11:32:00 | INFO     | selector             |     DROP  FE_inpatient_x_polypharmacy                   var=0.000098
2026-08-04 11:32:00 | INFO     | selector             | --------------------------------------------------
2026-08-04 11:32:00 | INFO     | selector             | Stage 2: Correlation Filter (threshold=0.9)
2026-08-04 11:32:01 | INFO     | selector             |   Input    : 67
2026-08-04 11:32:01 | INFO     | selector             |   Selected : 53
2026-08-04 11:32:01 | INFO     | selector             |   Removed  : 14
2026-08-04 11:32:01 | INFO     | selector             |     DROP  num_lab_procedures                       r=0.9822 (kept: FE_total_clinical_contacts)
2026-08-04 11:32:01 | INFO     | selector             |     DROP  num_procedures                           r=0.9509 (kept: FE_procedure_density)
2026-08-04 11:32:01 | INFO     | selector             |     DROP  FE_n_active_ordinal_meds                 r=0.9937 (kept: FE_total_active_meds)
2026-08-04 11:32:01 | INFO     | selector             |     DROP  FE_n_med_changes                         r=0.9981 (kept: FE_any_med_changed)
2026-08-04 11:32:01 | INFO     | selector             |     DROP  FE_procedure_density                     r=0.9057 (kept: FE_no_procedures)
2026-08-04 11:32:01 | INFO     | selector             |     DROP  number_emergency                         r=0.9985 (kept: FE_has_prior_emergency)
2026-08-04 11:32:01 | INFO     | selector             |     DROP  number_inpatient                         r=0.973 (kept: FE_has_prior_inpatient)
2026-08-04 11:32:01 | INFO     | selector             |     DROP  FE_total_prior_contacts                  r=0.9634 (kept: FE_multi_channel_utilizer)
2026-08-04 11:32:01 | INFO     | selector             |     DROP  insulin                                  r=0.9399 (kept: FE_insulin_prescribed)
2026-08-04 11:32:01 | INFO     | selector             |     DROP  metformin                                r=0.9984 (kept: FE_metformin_prescribed)
2026-08-04 11:32:01 | INFO     | selector             |     DROP  diabetesMed                              r=1.0 (kept: FE_on_diabetes_med)
2026-08-04 11:32:01 | INFO     | selector             |     DROP  change                                   r=1.0 (kept: FE_med_regimen_changed)
2026-08-04 11:32:01 | INFO     | selector             |     DROP  FE_has_prior_emergency                   r=0.9977 (kept: FE_glycemic_x_emergency)
2026-08-04 11:32:01 | INFO     | selector             |     DROP  FE_high_comorbidity                      r=0.9556 (kept: FE_labs_per_day_x_comorbidity)
2026-08-04 11:32:01 | INFO     | selector             | --------------------------------------------------
2026-08-04 11:32:01 | INFO     | selector             | Stage 3: Mutual Information (drop bottom 20th percentile)
2026-08-04 11:32:07 | INFO     | selector             |   Input    : 53
2026-08-04 11:32:07 | INFO     | selector             |   MI threshold (P20) : 0.000222
2026-08-04 11:32:07 | INFO     | selector             |   Selected : 42
2026-08-04 11:32:07 | INFO     | selector             |   Removed  : 11
2026-08-04 11:32:07 | INFO     | selector             |   Top 10 MI scores:
2026-08-04 11:32:07 | INFO     | selector             |     FE_has_prior_inpatient                        MI=0.010441
2026-08-04 11:32:07 | INFO     | selector             |     weight_missing                                MI=0.008951
2026-08-04 11:32:07 | INFO     | selector             |     discharge_disposition_id                      MI=0.008732
2026-08-04 11:32:07 | INFO     | selector             |     FE_high_prior_utilization                     MI=0.008694
2026-08-04 11:32:07 | INFO     | selector             |     FE_on_diabetes_med                            MI=0.008163
2026-08-04 11:32:07 | INFO     | selector             |     A1Cresult_missing                             MI=0.008076
2026-08-04 11:32:07 | INFO     | selector             |     FE_multi_channel_utilizer                     MI=0.007777
2026-08-04 11:32:07 | INFO     | selector             |     medical_specialty                             MI=0.007538
2026-08-04 11:32:07 | INFO     | selector             |     race                                          MI=0.007009
2026-08-04 11:32:07 | INFO     | selector             |     max_glu_serum_missing                         MI=0.006701
2026-08-04 11:32:07 | INFO     | selector             | --------------------------------------------------
2026-08-04 11:32:07 | INFO     | selector             | Stage 4: Boruta Shadow Feature Selection (n_estimators=200, max_iter=50)
2026-08-04 11:32:12 | INFO     | selector             |   Boruta iter  10/50 — confirmed so far: 0
2026-08-04 11:32:18 | INFO     | selector             |   Boruta iter  20/50 — confirmed so far: 0
2026-08-04 11:32:24 | INFO     | selector             |   Boruta iter  30/50 — confirmed so far: 0
2026-08-04 11:32:31 | INFO     | selector             |   Boruta iter  40/50 — confirmed so far: 0
2026-08-04 11:32:37 | INFO     | selector             |   Boruta iter  50/50 — confirmed so far: 0
2026-08-04 11:32:37 | INFO     | selector             |   Input    : 42
2026-08-04 11:32:37 | INFO     | selector             |   Selected : 1 (confirmed)
2026-08-04 11:32:37 | INFO     | selector             |   Removed  : 41 (tentative/rejected)
2026-08-04 11:32:37 | INFO     | selector             |   Top 10 hit rates:
2026-08-04 11:32:37 | INFO     | selector             |     FE_has_prior_inpatient                        hit_rate=0.92
2026-08-04 11:32:37 | INFO     | selector             |     FE_high_prior_utilization                     hit_rate=0.34
2026-08-04 11:32:37 | INFO     | selector             |     weight_missing                                hit_rate=0.00
2026-08-04 11:32:37 | INFO     | selector             |     discharge_disposition_id                      hit_rate=0.00
2026-08-04 11:32:37 | INFO     | selector             |     FE_on_diabetes_med                            hit_rate=0.00
2026-08-04 11:32:37 | INFO     | selector             |     A1Cresult_missing                             hit_rate=0.00
2026-08-04 11:32:37 | INFO     | selector             |     FE_multi_channel_utilizer                     hit_rate=0.00
2026-08-04 11:32:37 | INFO     | selector             |     medical_specialty                             hit_rate=0.00
2026-08-04 11:32:37 | INFO     | selector             |     race                                          hit_rate=0.00
2026-08-04 11:32:37 | INFO     | selector             |     max_glu_serum_missing                         hit_rate=0.00
2026-08-04 11:32:37 | INFO     | selector             | --------------------------------------------------
2026-08-04 11:32:37 | INFO     | selector             | Stage 5: SHAP Importance (GBM, n_estimators=300)
2026-08-04 11:32:39 | INFO     | selector             |   Input    : 1
2026-08-04 11:32:39 | INFO     | selector             |   SHAP threshold (P20) : 0.360032
2026-08-04 11:32:39 | INFO     | selector             |   Selected : 1
2026-08-04 11:32:39 | INFO     | selector             |   Removed  : 0
2026-08-04 11:32:39 | INFO     | selector             |   Top 15 SHAP scores:
2026-08-04 11:32:39 | INFO     | selector             |     FE_has_prior_inpatient                        SHAP=0.360032
2026-08-04 11:32:39 | INFO     | selector             | --------------------------------------------------
2026-08-04 11:32:39 | INFO     | selector             | Stage 6: Stability Selection (n_bootstrap=50, frac=0.75, threshold=0.6)
2026-08-04 11:32:47 | INFO     | selector             |   Input    : 1
2026-08-04 11:32:47 | INFO     | selector             |   Selected : 1 (stability >= 0.6)
2026-08-04 11:32:47 | INFO     | selector             |   Removed  : 0
2026-08-04 11:32:47 | INFO     | selector             |   Top 15 stability scores:
2026-08-04 11:32:47 | INFO     | selector             |     [✓] FE_has_prior_inpatient                      stability=1.0000
2026-08-04 11:32:47 | INFO     | selector             | --------------------------------------------------
2026-08-04 11:32:47 | INFO     | selector             | Stage 7: Consensus Vote (min_stages=2)
2026-08-04 11:32:47 | INFO     | selector             |   Total features evaluated : 78
2026-08-04 11:32:47 | INFO     | selector             |   Selected (votes >= 2)   : 53
2026-08-04 11:32:47 | INFO     | selector             |   Removed                  : 25
2026-08-04 11:32:47 | INFO     | selector             |   Vote summary (top 20):
2026-08-04 11:32:47 | INFO     | selector             |     [✓] FE_has_prior_inpatient                        votes=6/6
2026-08-04 11:32:47 | INFO     | selector             |     [✓] race                                          votes=3/6
2026-08-04 11:32:47 | INFO     | selector             |     [✓] gender                                        votes=3/6
2026-08-04 11:32:47 | INFO     | selector             |     [✓] age                                           votes=3/6
2026-08-04 11:32:47 | INFO     | selector             |     [✓] admission_type_id                             votes=3/6
2026-08-04 11:32:47 | INFO     | selector             |     [✓] discharge_disposition_id                      votes=3/6
2026-08-04 11:32:47 | INFO     | selector             |     [✓] admission_source_id                           votes=3/6
2026-08-04 11:32:47 | INFO     | selector             |     [✓] time_in_hospital                              votes=3/6
2026-08-04 11:32:47 | INFO     | selector             |     [✓] payer_code                                    votes=3/6
2026-08-04 11:32:47 | INFO     | selector             |     [✓] medical_specialty                             votes=3/6
2026-08-04 11:32:47 | INFO     | selector             |     [✓] number_outpatient                             votes=3/6
2026-08-04 11:32:47 | INFO     | selector             |     [✓] diag_1                                        votes=3/6
2026-08-04 11:32:47 | INFO     | selector             |     [✓] diag_2                                        votes=3/6
2026-08-04 11:32:47 | INFO     | selector             |     [✓] diag_3                                        votes=3/6
2026-08-04 11:32:47 | INFO     | selector             |     [✓] number_diagnoses                              votes=3/6
2026-08-04 11:32:47 | INFO     | selector             |     [✓] glipizide                                     votes=3/6
2026-08-04 11:32:47 | INFO     | selector             |     [✓] rosiglitazone                                 votes=3/6
2026-08-04 11:32:47 | INFO     | selector             |     [✓] weight_missing                                votes=3/6
2026-08-04 11:32:47 | INFO     | selector             |     [✓] max_glu_serum_missing                         votes=3/6
2026-08-04 11:32:47 | INFO     | selector             |     [✓] A1Cresult_missing                             votes=3/6
2026-08-04 11:32:47 | INFO     | selector             |   feature_scores.csv saved -> C:\Users\sharg\Desktop\github\DriftSentinel\outputs\artifacts\feature_scores.csv
2026-08-04 11:32:47 | INFO     | selector             |   Selected feature breakdown:
2026-08-04 11:32:47 | INFO     | selector             |     FE_ features selected : 29
2026-08-04 11:32:47 | INFO     | selector             |     Raw features selected : 24
2026-08-04 11:32:47 | INFO     | selector             |   selected_features.json saved -> C:\Users\sharg\Desktop\github\DriftSentinel\outputs\artifacts\selected_features.json
2026-08-04 11:32:47 | INFO     | selector             |   selector_stage_results.json saved -> C:\Users\sharg\Desktop\github\DriftSentinel\outputs\artifacts\selector_stage_results.json
2026-08-04 11:32:47 | INFO     | selector             |   feature_selector.pkl saved -> C:\Users\sharg\Desktop\github\DriftSentinel\outputs\artifacts\feature_selector.pkl
2026-08-04 11:32:47 | INFO     | selector             | ======================================================================
2026-08-04 11:32:47 | INFO     | selector             | Selection complete — 53 features retained from 78 input features
2026-08-04 11:32:47 | INFO     | selector             | ======================================================================
2026-08-04 11:32:48 | INFO     | selector             | --------------------------------------------------
2026-08-04 11:32:48 | INFO     | selector             | Stage 1: Variance Threshold (threshold=0.01)
2026-08-04 11:32:48 | INFO     | selector             |   Input    : 78 features
2026-08-04 11:32:48 | INFO     | selector             |   Selected : 67
2026-08-04 11:32:48 | INFO     | selector             |   Removed  : 11
2026-08-04 11:32:48 | INFO     | selector             |     DROP  nateglinide                                   var=0.006969
2026-08-04 11:32:48 | INFO     | selector             |     DROP  chlorpropamide                                var=0.001023
2026-08-04 11:32:48 | INFO     | selector             |     DROP  tolbutamide                                   var=0.000295
2026-08-04 11:32:48 | INFO     | selector             |     DROP  acarbose                                      var=0.003238
2026-08-04 11:32:48 | INFO     | selector             |     DROP  miglitol                                      var=0.000335
2026-08-04 11:32:48 | INFO     | selector             |     DROP  tolazamide                                    var=0.000610
2026-08-04 11:32:48 | INFO     | selector             |     DROP  glyburide-metformin                           var=0.004878
2026-08-04 11:32:48 | INFO     | selector             |     DROP  glipizide-metformin                           var=0.000138
2026-08-04 11:32:48 | INFO     | selector             |     DROP  FE_polypharmacy                               var=0.000512
2026-08-04 11:32:48 | INFO     | selector             |     DROP  FE_med_coverage_ratio                         var=0.005273
2026-08-04 11:32:48 | INFO     | selector             |     DROP  FE_inpatient_x_polypharmacy                   var=0.000098
2026-08-04 11:32:48 | INFO     | selector             | --------------------------------------------------
2026-08-04 11:32:48 | INFO     | selector             | Stage 2: Correlation Filter (threshold=0.9)
2026-08-04 11:32:49 | INFO     | selector             |   Input    : 67
2026-08-04 11:32:49 | INFO     | selector             |   Selected : 53
2026-08-04 11:32:49 | INFO     | selector             |   Removed  : 14
2026-08-04 11:32:49 | INFO     | selector             |     DROP  num_lab_procedures                       r=0.982 (kept: FE_total_clinical_contacts)
2026-08-04 11:32:49 | INFO     | selector             |     DROP  num_procedures                           r=0.9499 (kept: FE_procedure_density)
2026-08-04 11:32:49 | INFO     | selector             |     DROP  FE_n_active_ordinal_meds                 r=0.9939 (kept: FE_total_active_meds)
2026-08-04 11:32:49 | INFO     | selector             |     DROP  FE_n_med_changes                         r=0.9982 (kept: FE_any_med_changed)
2026-08-04 11:32:49 | INFO     | selector             |     DROP  FE_procedure_density                     r=0.9047 (kept: FE_no_procedures)
2026-08-04 11:32:49 | INFO     | selector             |     DROP  number_emergency                         r=0.9985 (kept: FE_has_prior_emergency)
2026-08-04 11:32:49 | INFO     | selector             |     DROP  number_inpatient                         r=0.9729 (kept: FE_has_prior_inpatient)
2026-08-04 11:32:49 | INFO     | selector             |     DROP  FE_total_prior_contacts                  r=0.9634 (kept: FE_multi_channel_utilizer)
2026-08-04 11:32:49 | INFO     | selector             |     DROP  insulin                                  r=0.9402 (kept: FE_insulin_prescribed)
2026-08-04 11:32:49 | INFO     | selector             |     DROP  metformin                                r=0.9984 (kept: FE_metformin_prescribed)
2026-08-04 11:32:49 | INFO     | selector             |     DROP  diabetesMed                              r=1.0 (kept: FE_on_diabetes_med)
2026-08-04 11:32:49 | INFO     | selector             |     DROP  change                                   r=1.0 (kept: FE_med_regimen_changed)
2026-08-04 11:32:49 | INFO     | selector             |     DROP  FE_has_prior_emergency                   r=0.9977 (kept: FE_glycemic_x_emergency)
2026-08-04 11:32:49 | INFO     | selector             |     DROP  FE_high_comorbidity                      r=0.9554 (kept: FE_labs_per_day_x_comorbidity)
2026-08-04 11:32:49 | INFO     | selector             | ======================================================================
2026-08-04 11:32:49 | INFO     | selector             | DriftSentinel — Feature Selector  [fit on TRAIN]
2026-08-04 11:32:49 | INFO     | selector             | ======================================================================
2026-08-04 11:32:49 | INFO     | selector             | Input shape : (50791, 79)
2026-08-04 11:32:49 | INFO     | selector             | Feature matrix : 50,791 rows x 78 features
2026-08-04 11:32:49 | INFO     | selector             | Target (binary): {0: 44699, 1: 6092}
2026-08-04 11:32:49 | INFO     | selector             | --------------------------------------------------
2026-08-04 11:32:49 | INFO     | selector             | Stage 1: Variance Threshold (threshold=0.01)
2026-08-04 11:32:49 | INFO     | selector             |   Input    : 78 features
2026-08-04 11:32:49 | INFO     | selector             |   Selected : 67
2026-08-04 11:32:49 | INFO     | selector             |   Removed  : 11
2026-08-04 11:32:49 | INFO     | selector             |     DROP  nateglinide                                   var=0.006969
2026-08-04 11:32:49 | INFO     | selector             |     DROP  chlorpropamide                                var=0.001023
2026-08-04 11:32:49 | INFO     | selector             |     DROP  tolbutamide                                   var=0.000295
2026-08-04 11:32:49 | INFO     | selector             |     DROP  acarbose                                      var=0.003238
2026-08-04 11:32:49 | INFO     | selector             |     DROP  miglitol                                      var=0.000335
2026-08-04 11:32:49 | INFO     | selector             |     DROP  tolazamide                                    var=0.000610
2026-08-04 11:32:49 | INFO     | selector             |     DROP  glyburide-metformin                           var=0.004878
2026-08-04 11:32:49 | INFO     | selector             |     DROP  glipizide-metformin                           var=0.000138
2026-08-04 11:32:49 | INFO     | selector             |     DROP  FE_polypharmacy                               var=0.000512
2026-08-04 11:32:49 | INFO     | selector             |     DROP  FE_med_coverage_ratio                         var=0.005273
2026-08-04 11:32:49 | INFO     | selector             |     DROP  FE_inpatient_x_polypharmacy                   var=0.000098
2026-08-04 11:32:49 | INFO     | selector             | --------------------------------------------------
2026-08-04 11:32:49 | INFO     | selector             | Stage 2: Correlation Filter (threshold=0.9)
2026-08-04 11:32:50 | INFO     | selector             |   Input    : 67
2026-08-04 11:32:50 | INFO     | selector             |   Selected : 53
2026-08-04 11:32:50 | INFO     | selector             |   Removed  : 14
2026-08-04 11:32:50 | INFO     | selector             |     DROP  num_lab_procedures                       r=0.982 (kept: FE_total_clinical_contacts)
2026-08-04 11:32:50 | INFO     | selector             |     DROP  num_procedures                           r=0.9499 (kept: FE_procedure_density)
2026-08-04 11:32:50 | INFO     | selector             |     DROP  FE_n_active_ordinal_meds                 r=0.9939 (kept: FE_total_active_meds)
2026-08-04 11:32:50 | INFO     | selector             |     DROP  FE_n_med_changes                         r=0.9982 (kept: FE_any_med_changed)
2026-08-04 11:32:50 | INFO     | selector             |     DROP  FE_procedure_density                     r=0.9047 (kept: FE_no_procedures)
2026-08-04 11:32:50 | INFO     | selector             |     DROP  number_emergency                         r=0.9985 (kept: FE_has_prior_emergency)
2026-08-04 11:32:50 | INFO     | selector             |     DROP  number_inpatient                         r=0.9729 (kept: FE_has_prior_inpatient)
2026-08-04 11:32:50 | INFO     | selector             |     DROP  FE_total_prior_contacts                  r=0.9634 (kept: FE_multi_channel_utilizer)
2026-08-04 11:32:50 | INFO     | selector             |     DROP  insulin                                  r=0.9402 (kept: FE_insulin_prescribed)
2026-08-04 11:32:50 | INFO     | selector             |     DROP  metformin                                r=0.9984 (kept: FE_metformin_prescribed)
2026-08-04 11:32:50 | INFO     | selector             |     DROP  diabetesMed                              r=1.0 (kept: FE_on_diabetes_med)
2026-08-04 11:32:50 | INFO     | selector             |     DROP  change                                   r=1.0 (kept: FE_med_regimen_changed)
2026-08-04 11:32:50 | INFO     | selector             |     DROP  FE_has_prior_emergency                   r=0.9977 (kept: FE_glycemic_x_emergency)
2026-08-04 11:32:50 | INFO     | selector             |     DROP  FE_high_comorbidity                      r=0.9554 (kept: FE_labs_per_day_x_comorbidity)
2026-08-04 11:32:50 | INFO     | selector             | --------------------------------------------------
2026-08-04 11:32:50 | INFO     | selector             | Stage 3: Mutual Information (drop bottom 20th percentile)
2026-08-04 11:32:56 | INFO     | selector             |   Input    : 53
2026-08-04 11:32:56 | INFO     | selector             |   MI threshold (P20) : 0.000649
2026-08-04 11:32:56 | INFO     | selector             |   Selected : 42
2026-08-04 11:32:56 | INFO     | selector             |   Removed  : 11
2026-08-04 11:32:56 | INFO     | selector             |   Top 10 MI scores:
2026-08-04 11:32:56 | INFO     | selector             |     FE_has_prior_inpatient                        MI=0.009687
2026-08-04 11:32:56 | INFO     | selector             |     FE_on_diabetes_med                            MI=0.009247
2026-08-04 11:32:56 | INFO     | selector             |     FE_insulin_prescribed                         MI=0.008280
2026-08-04 11:32:56 | INFO     | selector             |     discharge_disposition_id                      MI=0.008265
2026-08-04 11:32:56 | INFO     | selector             |     FE_med_regimen_changed                        MI=0.008105
2026-08-04 11:32:56 | INFO     | selector             |     race                                          MI=0.008084
2026-08-04 11:32:56 | INFO     | selector             |     FE_high_prior_utilization                     MI=0.007903
2026-08-04 11:32:56 | INFO     | selector             |     weight_missing                                MI=0.007847
2026-08-04 11:32:56 | INFO     | selector             |     max_glu_serum_missing                         MI=0.007793
2026-08-04 11:32:56 | INFO     | selector             |     number_diagnoses                              MI=0.007140
2026-08-04 11:32:56 | INFO     | selector             | --------------------------------------------------
2026-08-04 11:32:56 | INFO     | selector             | Stage 4: Boruta Shadow Feature Selection (n_estimators=200, max_iter=50)
2026-08-04 11:33:02 | INFO     | selector             |   Boruta iter  10/50 — confirmed so far: 0
2026-08-04 11:33:08 | INFO     | selector             |   Boruta iter  20/50 — confirmed so far: 0
2026-08-04 11:33:14 | INFO     | selector             |   Boruta iter  30/50 — confirmed so far: 0
2026-08-04 11:33:21 | INFO     | selector             |   Boruta iter  40/50 — confirmed so far: 0
2026-08-04 11:33:28 | INFO     | selector             |   Boruta iter  50/50 — confirmed so far: 0
2026-08-04 11:33:28 | INFO     | selector             |   Input    : 42
2026-08-04 11:33:28 | INFO     | selector             |   Selected : 1 (confirmed)
2026-08-04 11:33:28 | INFO     | selector             |   Removed  : 41 (tentative/rejected)
2026-08-04 11:33:28 | INFO     | selector             |   Top 10 hit rates:
2026-08-04 11:33:28 | INFO     | selector             |     FE_has_prior_inpatient                        hit_rate=0.74
2026-08-04 11:33:28 | INFO     | selector             |     FE_high_prior_utilization                     hit_rate=0.48
2026-08-04 11:33:28 | INFO     | selector             |     FE_on_diabetes_med                            hit_rate=0.00
2026-08-04 11:33:28 | INFO     | selector             |     FE_insulin_prescribed                         hit_rate=0.00
2026-08-04 11:33:28 | INFO     | selector             |     discharge_disposition_id                      hit_rate=0.00
2026-08-04 11:33:28 | INFO     | selector             |     FE_med_regimen_changed                        hit_rate=0.00
2026-08-04 11:33:28 | INFO     | selector             |     race                                          hit_rate=0.00
2026-08-04 11:33:28 | INFO     | selector             |     weight_missing                                hit_rate=0.00
2026-08-04 11:33:28 | INFO     | selector             |     max_glu_serum_missing                         hit_rate=0.00
2026-08-04 11:33:28 | INFO     | selector             |     number_diagnoses                              hit_rate=0.00
2026-08-04 11:33:28 | INFO     | selector             | --------------------------------------------------
2026-08-04 11:33:28 | INFO     | selector             | Stage 5: SHAP Importance (GBM, n_estimators=300)
2026-08-04 11:33:30 | INFO     | selector             |   Input    : 1
2026-08-04 11:33:30 | INFO     | selector             |   SHAP threshold (P20) : 0.362739
2026-08-04 11:33:30 | INFO     | selector             |   Selected : 1
2026-08-04 11:33:30 | INFO     | selector             |   Removed  : 0
2026-08-04 11:33:30 | INFO     | selector             |   Top 15 SHAP scores:
2026-08-04 11:33:30 | INFO     | selector             |     FE_has_prior_inpatient                        SHAP=0.362739
2026-08-04 11:33:30 | INFO     | selector             | --------------------------------------------------
2026-08-04 11:33:30 | INFO     | selector             | Stage 6: Stability Selection (n_bootstrap=50, frac=0.75, threshold=0.6)
2026-08-04 11:33:39 | INFO     | selector             |   Input    : 1
2026-08-04 11:33:39 | INFO     | selector             |   Selected : 1 (stability >= 0.6)
2026-08-04 11:33:39 | INFO     | selector             |   Removed  : 0
2026-08-04 11:33:39 | INFO     | selector             |   Top 15 stability scores:
2026-08-04 11:33:39 | INFO     | selector             |     [✓] FE_has_prior_inpatient                      stability=1.0000
2026-08-04 11:33:39 | INFO     | selector             | --------------------------------------------------
2026-08-04 11:33:39 | INFO     | selector             | Stage 7: Consensus Vote (min_stages=2)
2026-08-04 11:33:39 | INFO     | selector             |   Total features evaluated : 78
2026-08-04 11:33:39 | INFO     | selector             |   Selected (votes >= 2)   : 53
2026-08-04 11:33:39 | INFO     | selector             |   Removed                  : 25
2026-08-04 11:33:39 | INFO     | selector             |   Vote summary (top 20):
2026-08-04 11:33:39 | INFO     | selector             |     [✓] FE_has_prior_inpatient                        votes=6/6
2026-08-04 11:33:39 | INFO     | selector             |     [✓] race                                          votes=3/6
2026-08-04 11:33:39 | INFO     | selector             |     [✓] gender                                        votes=3/6
2026-08-04 11:33:39 | INFO     | selector             |     [✓] age                                           votes=3/6
2026-08-04 11:33:39 | INFO     | selector             |     [✓] admission_type_id                             votes=3/6
2026-08-04 11:33:39 | INFO     | selector             |     [✓] discharge_disposition_id                      votes=3/6
2026-08-04 11:33:39 | INFO     | selector             |     [✓] admission_source_id                           votes=3/6
2026-08-04 11:33:39 | INFO     | selector             |     [✓] payer_code                                    votes=3/6
2026-08-04 11:33:39 | INFO     | selector             |     [✓] medical_specialty                             votes=3/6
2026-08-04 11:33:39 | INFO     | selector             |     [✓] diag_1                                        votes=3/6
2026-08-04 11:33:39 | INFO     | selector             |     [✓] diag_2                                        votes=3/6
2026-08-04 11:33:39 | INFO     | selector             |     [✓] diag_3                                        votes=3/6
2026-08-04 11:33:39 | INFO     | selector             |     [✓] number_diagnoses                              votes=3/6
2026-08-04 11:33:39 | INFO     | selector             |     [✓] repaglinide                                   votes=3/6
2026-08-04 11:33:39 | INFO     | selector             |     [✓] pioglitazone                                  votes=3/6
2026-08-04 11:33:39 | INFO     | selector             |     [✓] rosiglitazone                                 votes=3/6
2026-08-04 11:33:39 | INFO     | selector             |     [✓] weight_missing                                votes=3/6
2026-08-04 11:33:39 | INFO     | selector             |     [✓] max_glu_serum_missing                         votes=3/6
2026-08-04 11:33:39 | INFO     | selector             |     [✓] A1Cresult_missing                             votes=3/6
2026-08-04 11:33:39 | INFO     | selector             |     [✓] FE_total_clinical_contacts                    votes=3/6
2026-08-04 11:33:39 | INFO     | selector             |   feature_scores.csv saved -> C:\Users\sharg\Desktop\github\DriftSentinel\outputs\artifacts\feature_scores.csv
2026-08-04 11:33:39 | INFO     | selector             |   Selected feature breakdown:
2026-08-04 11:33:39 | INFO     | selector             |     FE_ features selected : 29
2026-08-04 11:33:39 | INFO     | selector             |     Raw features selected : 24
2026-08-04 11:33:39 | INFO     | selector             |   selected_features.json saved -> C:\Users\sharg\Desktop\github\DriftSentinel\outputs\artifacts\selected_features.json
2026-08-04 11:33:39 | INFO     | selector             |   selector_stage_results.json saved -> C:\Users\sharg\Desktop\github\DriftSentinel\outputs\artifacts\selector_stage_results.json
2026-08-04 11:33:39 | INFO     | selector             |   feature_selector.pkl saved -> C:\Users\sharg\Desktop\github\DriftSentinel\outputs\artifacts\feature_selector.pkl
2026-08-04 11:33:39 | INFO     | selector             | ======================================================================
2026-08-04 11:33:39 | INFO     | selector             | Selection complete — 53 features retained from 78 input features
2026-08-04 11:33:39 | INFO     | selector             | ======================================================================
2026-08-04 11:33:40 | INFO     | selector             | --------------------------------------------------
2026-08-04 11:33:40 | INFO     | selector             | Stage 1: Variance Threshold (threshold=0.01)
2026-08-04 11:33:41 | INFO     | selector             |   Input    : 78 features
2026-08-04 11:33:41 | INFO     | selector             |   Selected : 67
2026-08-04 11:33:41 | INFO     | selector             |   Removed  : 11
2026-08-04 11:33:41 | INFO     | selector             |     DROP  nateglinide                                   var=0.006754
2026-08-04 11:33:41 | INFO     | selector             |     DROP  chlorpropamide                                var=0.001258
2026-08-04 11:33:41 | INFO     | selector             |     DROP  tolbutamide                                   var=0.000374
2026-08-04 11:33:41 | INFO     | selector             |     DROP  acarbose                                      var=0.002905
2026-08-04 11:33:41 | INFO     | selector             |     DROP  miglitol                                      var=0.000551
2026-08-04 11:33:41 | INFO     | selector             |     DROP  tolazamide                                    var=0.000649
2026-08-04 11:33:41 | INFO     | selector             |     DROP  glyburide-metformin                           var=0.004742
2026-08-04 11:33:41 | INFO     | selector             |     DROP  glipizide-metformin                           var=0.000157
2026-08-04 11:33:41 | INFO     | selector             |     DROP  FE_polypharmacy                               var=0.000472
2026-08-04 11:33:41 | INFO     | selector             |     DROP  FE_med_coverage_ratio                         var=0.005293
2026-08-04 11:33:41 | INFO     | selector             |     DROP  FE_inpatient_x_polypharmacy                   var=0.000098
2026-08-04 11:33:41 | INFO     | selector             | --------------------------------------------------
2026-08-04 11:33:41 | INFO     | selector             | Stage 2: Correlation Filter (threshold=0.9)
2026-08-04 11:33:41 | INFO     | selector             |   Input    : 67
2026-08-04 11:33:41 | INFO     | selector             |   Selected : 53
2026-08-04 11:33:41 | INFO     | selector             |   Removed  : 14
2026-08-04 11:33:41 | INFO     | selector             |     DROP  num_lab_procedures                       r=0.9821 (kept: FE_total_clinical_contacts)
2026-08-04 11:33:41 | INFO     | selector             |     DROP  num_procedures                           r=0.9502 (kept: FE_procedure_density)
2026-08-04 11:33:41 | INFO     | selector             |     DROP  FE_n_active_ordinal_meds                 r=0.9935 (kept: FE_total_active_meds)
2026-08-04 11:33:41 | INFO     | selector             |     DROP  FE_n_med_changes                         r=0.9983 (kept: FE_any_med_changed)
2026-08-04 11:33:41 | INFO     | selector             |     DROP  FE_procedure_density                     r=0.9047 (kept: FE_no_procedures)
2026-08-04 11:33:41 | INFO     | selector             |     DROP  number_emergency                         r=0.9986 (kept: FE_has_prior_emergency)
2026-08-04 11:33:41 | INFO     | selector             |     DROP  number_inpatient                         r=0.9728 (kept: FE_has_prior_inpatient)
2026-08-04 11:33:41 | INFO     | selector             |     DROP  FE_total_prior_contacts                  r=0.9626 (kept: FE_multi_channel_utilizer)
2026-08-04 11:33:41 | INFO     | selector             |     DROP  insulin                                  r=0.9412 (kept: FE_insulin_prescribed)
2026-08-04 11:33:41 | INFO     | selector             |     DROP  metformin                                r=0.9984 (kept: FE_metformin_prescribed)
2026-08-04 11:33:41 | INFO     | selector             |     DROP  diabetesMed                              r=1.0 (kept: FE_on_diabetes_med)
2026-08-04 11:33:41 | INFO     | selector             |     DROP  change                                   r=1.0 (kept: FE_med_regimen_changed)
2026-08-04 11:33:41 | INFO     | selector             |     DROP  FE_has_prior_emergency                   r=0.9976 (kept: FE_glycemic_x_emergency)
2026-08-04 11:33:41 | INFO     | selector             |     DROP  FE_high_comorbidity                      r=0.9554 (kept: FE_labs_per_day_x_comorbidity)
2026-08-04 11:33:41 | INFO     | selector             | ======================================================================
2026-08-04 11:33:41 | INFO     | selector             | DriftSentinel — Feature Selector  [fit on TRAIN]
2026-08-04 11:33:41 | INFO     | selector             | ======================================================================
2026-08-04 11:33:41 | INFO     | selector             | Input shape : (50795, 79)
2026-08-04 11:33:42 | INFO     | selector             | Feature matrix : 50,795 rows x 78 features
2026-08-04 11:33:42 | INFO     | selector             | Target (binary): {0: 44701, 1: 6094}
2026-08-04 11:33:42 | INFO     | selector             | --------------------------------------------------
2026-08-04 11:33:42 | INFO     | selector             | Stage 1: Variance Threshold (threshold=0.01)
2026-08-04 11:33:42 | INFO     | selector             |   Input    : 78 features
2026-08-04 11:33:42 | INFO     | selector             |   Selected : 67
2026-08-04 11:33:42 | INFO     | selector             |   Removed  : 11
2026-08-04 11:33:42 | INFO     | selector             |     DROP  nateglinide                                   var=0.006754
2026-08-04 11:33:42 | INFO     | selector             |     DROP  chlorpropamide                                var=0.001258
2026-08-04 11:33:42 | INFO     | selector             |     DROP  tolbutamide                                   var=0.000374
2026-08-04 11:33:42 | INFO     | selector             |     DROP  acarbose                                      var=0.002905
2026-08-04 11:33:42 | INFO     | selector             |     DROP  miglitol                                      var=0.000551
2026-08-04 11:33:42 | INFO     | selector             |     DROP  tolazamide                                    var=0.000649
2026-08-04 11:33:42 | INFO     | selector             |     DROP  glyburide-metformin                           var=0.004742
2026-08-04 11:33:42 | INFO     | selector             |     DROP  glipizide-metformin                           var=0.000157
2026-08-04 11:33:42 | INFO     | selector             |     DROP  FE_polypharmacy                               var=0.000472
2026-08-04 11:33:42 | INFO     | selector             |     DROP  FE_med_coverage_ratio                         var=0.005293
2026-08-04 11:33:42 | INFO     | selector             |     DROP  FE_inpatient_x_polypharmacy                   var=0.000098
2026-08-04 11:33:42 | INFO     | selector             | --------------------------------------------------
2026-08-04 11:33:42 | INFO     | selector             | Stage 2: Correlation Filter (threshold=0.9)
2026-08-04 11:33:42 | INFO     | selector             |   Input    : 67
2026-08-04 11:33:42 | INFO     | selector             |   Selected : 53
2026-08-04 11:33:42 | INFO     | selector             |   Removed  : 14
2026-08-04 11:33:42 | INFO     | selector             |     DROP  num_lab_procedures                       r=0.9821 (kept: FE_total_clinical_contacts)
2026-08-04 11:33:42 | INFO     | selector             |     DROP  num_procedures                           r=0.9502 (kept: FE_procedure_density)
2026-08-04 11:33:42 | INFO     | selector             |     DROP  FE_n_active_ordinal_meds                 r=0.9935 (kept: FE_total_active_meds)
2026-08-04 11:33:42 | INFO     | selector             |     DROP  FE_n_med_changes                         r=0.9983 (kept: FE_any_med_changed)
2026-08-04 11:33:42 | INFO     | selector             |     DROP  FE_procedure_density                     r=0.9047 (kept: FE_no_procedures)
2026-08-04 11:33:42 | INFO     | selector             |     DROP  number_emergency                         r=0.9986 (kept: FE_has_prior_emergency)
2026-08-04 11:33:42 | INFO     | selector             |     DROP  number_inpatient                         r=0.9728 (kept: FE_has_prior_inpatient)
2026-08-04 11:33:42 | INFO     | selector             |     DROP  FE_total_prior_contacts                  r=0.9626 (kept: FE_multi_channel_utilizer)
2026-08-04 11:33:42 | INFO     | selector             |     DROP  insulin                                  r=0.9412 (kept: FE_insulin_prescribed)
2026-08-04 11:33:42 | INFO     | selector             |     DROP  metformin                                r=0.9984 (kept: FE_metformin_prescribed)
2026-08-04 11:33:42 | INFO     | selector             |     DROP  diabetesMed                              r=1.0 (kept: FE_on_diabetes_med)
2026-08-04 11:33:42 | INFO     | selector             |     DROP  change                                   r=1.0 (kept: FE_med_regimen_changed)
2026-08-04 11:33:42 | INFO     | selector             |     DROP  FE_has_prior_emergency                   r=0.9976 (kept: FE_glycemic_x_emergency)
2026-08-04 11:33:42 | INFO     | selector             |     DROP  FE_high_comorbidity                      r=0.9554 (kept: FE_labs_per_day_x_comorbidity)
2026-08-04 11:33:42 | INFO     | selector             | --------------------------------------------------
2026-08-04 11:33:42 | INFO     | selector             | Stage 3: Mutual Information (drop bottom 20th percentile)
2026-08-04 11:33:49 | INFO     | selector             |   Input    : 53
2026-08-04 11:33:49 | INFO     | selector             |   MI threshold (P20) : 0.000212
2026-08-04 11:33:49 | INFO     | selector             |   Selected : 42
2026-08-04 11:33:49 | INFO     | selector             |   Removed  : 11
2026-08-04 11:33:49 | INFO     | selector             |   Top 10 MI scores:
2026-08-04 11:33:49 | INFO     | selector             |     FE_has_prior_inpatient                        MI=0.012233
2026-08-04 11:33:49 | INFO     | selector             |     FE_multi_channel_utilizer                     MI=0.010161
2026-08-04 11:33:49 | INFO     | selector             |     weight_missing                                MI=0.009581
2026-08-04 11:33:49 | INFO     | selector             |     FE_on_diabetes_med                            MI=0.009282
2026-08-04 11:33:49 | INFO     | selector             |     race                                          MI=0.009011
2026-08-04 11:33:49 | INFO     | selector             |     FE_high_prior_utilization                     MI=0.008379
2026-08-04 11:33:49 | INFO     | selector             |     FE_med_regimen_changed                        MI=0.008371
2026-08-04 11:33:49 | INFO     | selector             |     discharge_disposition_id                      MI=0.007487
2026-08-04 11:33:49 | INFO     | selector             |     A1Cresult_missing                             MI=0.007129
2026-08-04 11:33:49 | INFO     | selector             |     medical_specialty                             MI=0.005811
2026-08-04 11:33:49 | INFO     | selector             | --------------------------------------------------
2026-08-04 11:33:49 | INFO     | selector             | Stage 4: Boruta Shadow Feature Selection (n_estimators=200, max_iter=50)
2026-08-04 11:33:55 | INFO     | selector             |   Boruta iter  10/50 — confirmed so far: 0
2026-08-04 11:34:01 | INFO     | selector             |   Boruta iter  20/50 — confirmed so far: 0
2026-08-04 11:34:08 | INFO     | selector             |   Boruta iter  30/50 — confirmed so far: 0
2026-08-04 11:34:15 | INFO     | selector             |   Boruta iter  40/50 — confirmed so far: 0
2026-08-04 11:34:24 | INFO     | selector             |   Boruta iter  50/50 — confirmed so far: 0
2026-08-04 11:34:24 | INFO     | selector             |   Input    : 42
2026-08-04 11:34:24 | INFO     | selector             |   Selected : 1 (confirmed)
2026-08-04 11:34:24 | INFO     | selector             |   Removed  : 41 (tentative/rejected)
2026-08-04 11:34:24 | INFO     | selector             |   Top 10 hit rates:
2026-08-04 11:34:24 | INFO     | selector             |     FE_has_prior_inpatient                        hit_rate=0.78
2026-08-04 11:34:24 | INFO     | selector             |     FE_high_prior_utilization                     hit_rate=0.20
2026-08-04 11:34:24 | INFO     | selector             |     FE_multi_channel_utilizer                     hit_rate=0.00
2026-08-04 11:34:24 | INFO     | selector             |     weight_missing                                hit_rate=0.00
2026-08-04 11:34:24 | INFO     | selector             |     FE_on_diabetes_med                            hit_rate=0.00
2026-08-04 11:34:24 | INFO     | selector             |     race                                          hit_rate=0.00
2026-08-04 11:34:24 | INFO     | selector             |     FE_med_regimen_changed                        hit_rate=0.00
2026-08-04 11:34:24 | INFO     | selector             |     discharge_disposition_id                      hit_rate=0.00
2026-08-04 11:34:24 | INFO     | selector             |     A1Cresult_missing                             hit_rate=0.00
2026-08-04 11:34:24 | INFO     | selector             |     medical_specialty                             hit_rate=0.00
2026-08-04 11:34:24 | INFO     | selector             | --------------------------------------------------
2026-08-04 11:34:24 | INFO     | selector             | Stage 5: SHAP Importance (GBM, n_estimators=300)
2026-08-04 11:34:26 | INFO     | selector             |   Input    : 1
2026-08-04 11:34:26 | INFO     | selector             |   SHAP threshold (P20) : 0.357310
2026-08-04 11:34:26 | INFO     | selector             |   Selected : 1
2026-08-04 11:34:26 | INFO     | selector             |   Removed  : 0
2026-08-04 11:34:26 | INFO     | selector             |   Top 15 SHAP scores:
2026-08-04 11:34:26 | INFO     | selector             |     FE_has_prior_inpatient                        SHAP=0.357310
2026-08-04 11:34:26 | INFO     | selector             | --------------------------------------------------
2026-08-04 11:34:26 | INFO     | selector             | Stage 6: Stability Selection (n_bootstrap=50, frac=0.75, threshold=0.6)
2026-08-04 11:34:34 | INFO     | selector             |   Input    : 1
2026-08-04 11:34:34 | INFO     | selector             |   Selected : 1 (stability >= 0.6)
2026-08-04 11:34:34 | INFO     | selector             |   Removed  : 0
2026-08-04 11:34:34 | INFO     | selector             |   Top 15 stability scores:
2026-08-04 11:34:34 | INFO     | selector             |     [✓] FE_has_prior_inpatient                      stability=1.0000
2026-08-04 11:34:34 | INFO     | selector             | --------------------------------------------------
2026-08-04 11:34:34 | INFO     | selector             | Stage 7: Consensus Vote (min_stages=2)
2026-08-04 11:34:34 | INFO     | selector             |   Total features evaluated : 78
2026-08-04 11:34:34 | INFO     | selector             |   Selected (votes >= 2)   : 53
2026-08-04 11:34:34 | INFO     | selector             |   Removed                  : 25
2026-08-04 11:34:34 | INFO     | selector             |   Vote summary (top 20):
2026-08-04 11:34:34 | INFO     | selector             |     [✓] FE_has_prior_inpatient                        votes=6/6
2026-08-04 11:34:34 | INFO     | selector             |     [✓] race                                          votes=3/6
2026-08-04 11:34:34 | INFO     | selector             |     [✓] gender                                        votes=3/6
2026-08-04 11:34:34 | INFO     | selector             |     [✓] age                                           votes=3/6
2026-08-04 11:34:34 | INFO     | selector             |     [✓] admission_type_id                             votes=3/6
2026-08-04 11:34:34 | INFO     | selector             |     [✓] discharge_disposition_id                      votes=3/6
2026-08-04 11:34:34 | INFO     | selector             |     [✓] admission_source_id                           votes=3/6
2026-08-04 11:34:34 | INFO     | selector             |     [✓] time_in_hospital                              votes=3/6
2026-08-04 11:34:34 | INFO     | selector             |     [✓] payer_code                                    votes=3/6
2026-08-04 11:34:34 | INFO     | selector             |     [✓] medical_specialty                             votes=3/6
2026-08-04 11:34:34 | INFO     | selector             |     [✓] number_outpatient                             votes=3/6
2026-08-04 11:34:34 | INFO     | selector             |     [✓] diag_1                                        votes=3/6
2026-08-04 11:34:34 | INFO     | selector             |     [✓] diag_2                                        votes=3/6
2026-08-04 11:34:34 | INFO     | selector             |     [✓] diag_3                                        votes=3/6
2026-08-04 11:34:34 | INFO     | selector             |     [✓] number_diagnoses                              votes=3/6
2026-08-04 11:34:34 | INFO     | selector             |     [✓] glimepiride                                   votes=3/6
2026-08-04 11:34:34 | INFO     | selector             |     [✓] glyburide                                     votes=3/6
2026-08-04 11:34:34 | INFO     | selector             |     [✓] pioglitazone                                  votes=3/6
2026-08-04 11:34:34 | INFO     | selector             |     [✓] weight_missing                                votes=3/6
2026-08-04 11:34:34 | INFO     | selector             |     [✓] max_glu_serum_missing                         votes=3/6
2026-08-04 11:34:34 | INFO     | selector             |   feature_scores.csv saved -> C:\Users\sharg\Desktop\github\DriftSentinel\outputs\artifacts\feature_scores.csv
2026-08-04 11:34:34 | INFO     | selector             |   Selected feature breakdown:
2026-08-04 11:34:34 | INFO     | selector             |     FE_ features selected : 29
2026-08-04 11:34:34 | INFO     | selector             |     Raw features selected : 24
2026-08-04 11:34:34 | INFO     | selector             |   selected_features.json saved -> C:\Users\sharg\Desktop\github\DriftSentinel\outputs\artifacts\selected_features.json
2026-08-04 11:34:34 | INFO     | selector             |   selector_stage_results.json saved -> C:\Users\sharg\Desktop\github\DriftSentinel\outputs\artifacts\selector_stage_results.json
2026-08-04 11:34:34 | INFO     | selector             |   feature_selector.pkl saved -> C:\Users\sharg\Desktop\github\DriftSentinel\outputs\artifacts\feature_selector.pkl
2026-08-04 11:34:34 | INFO     | selector             | ======================================================================
2026-08-04 11:34:34 | INFO     | selector             | Selection complete — 53 features retained from 78 input features
2026-08-04 11:34:34 | INFO     | selector             | ======================================================================
2026-08-04 11:34:36 | INFO     | selector             | --------------------------------------------------
2026-08-04 11:34:36 | INFO     | selector             | Stage 1: Variance Threshold (threshold=0.01)
2026-08-04 11:34:36 | INFO     | selector             |   Input    : 78 features
2026-08-04 11:34:36 | INFO     | selector             |   Selected : 67
2026-08-04 11:34:36 | INFO     | selector             |   Removed  : 11
2026-08-04 11:34:36 | INFO     | selector             |     DROP  nateglinide                                   var=0.006460
2026-08-04 11:34:36 | INFO     | selector             |     DROP  chlorpropamide                                var=0.001180
2026-08-04 11:34:36 | INFO     | selector             |     DROP  tolbutamide                                   var=0.000276
2026-08-04 11:34:36 | INFO     | selector             |     DROP  acarbose                                      var=0.003296
2026-08-04 11:34:36 | INFO     | selector             |     DROP  miglitol                                      var=0.000413
2026-08-04 11:34:36 | INFO     | selector             |     DROP  tolazamide                                    var=0.000571
2026-08-04 11:34:36 | INFO     | selector             |     DROP  glyburide-metformin                           var=0.004859
2026-08-04 11:34:36 | INFO     | selector             |     DROP  glipizide-metformin                           var=0.000098
2026-08-04 11:34:36 | INFO     | selector             |     DROP  FE_polypharmacy                               var=0.000512
2026-08-04 11:34:36 | INFO     | selector             |     DROP  FE_med_coverage_ratio                         var=0.005298
2026-08-04 11:34:36 | INFO     | selector             |     DROP  FE_inpatient_x_polypharmacy                   var=0.000118
2026-08-04 11:34:36 | INFO     | selector             | --------------------------------------------------
2026-08-04 11:34:36 | INFO     | selector             | Stage 2: Correlation Filter (threshold=0.9)
2026-08-04 11:34:37 | INFO     | selector             |   Input    : 67
2026-08-04 11:34:37 | INFO     | selector             |   Selected : 53
2026-08-04 11:34:37 | INFO     | selector             |   Removed  : 14
2026-08-04 11:34:37 | INFO     | selector             |     DROP  num_lab_procedures                       r=0.9822 (kept: FE_total_clinical_contacts)
2026-08-04 11:34:37 | INFO     | selector             |     DROP  num_procedures                           r=0.9501 (kept: FE_procedure_density)
2026-08-04 11:34:37 | INFO     | selector             |     DROP  FE_n_active_ordinal_meds                 r=0.9935 (kept: FE_total_active_meds)
2026-08-04 11:34:37 | INFO     | selector             |     DROP  FE_n_med_changes                         r=0.9981 (kept: FE_any_med_changed)
2026-08-04 11:34:37 | INFO     | selector             |     DROP  FE_procedure_density                     r=0.9048 (kept: FE_no_procedures)
2026-08-04 11:34:37 | INFO     | selector             |     DROP  number_emergency                         r=0.9986 (kept: FE_has_prior_emergency)
2026-08-04 11:34:37 | INFO     | selector             |     DROP  number_inpatient                         r=0.9731 (kept: FE_has_prior_inpatient)
2026-08-04 11:34:37 | INFO     | selector             |     DROP  FE_total_prior_contacts                  r=0.9636 (kept: FE_multi_channel_utilizer)
2026-08-04 11:34:37 | INFO     | selector             |     DROP  insulin                                  r=0.9406 (kept: FE_insulin_prescribed)
2026-08-04 11:34:37 | INFO     | selector             |     DROP  metformin                                r=0.9984 (kept: FE_metformin_prescribed)
2026-08-04 11:34:37 | INFO     | selector             |     DROP  diabetesMed                              r=1.0 (kept: FE_on_diabetes_med)
2026-08-04 11:34:37 | INFO     | selector             |     DROP  change                                   r=1.0 (kept: FE_med_regimen_changed)
2026-08-04 11:34:37 | INFO     | selector             |     DROP  FE_has_prior_emergency                   r=0.9978 (kept: FE_glycemic_x_emergency)
2026-08-04 11:34:37 | INFO     | selector             |     DROP  FE_high_comorbidity                      r=0.9548 (kept: FE_labs_per_day_x_comorbidity)
2026-08-04 11:34:37 | INFO     | selector             | ======================================================================
2026-08-04 11:34:37 | INFO     | selector             | DriftSentinel — Feature Selector  [fit on TRAIN]
2026-08-04 11:34:37 | INFO     | selector             | ======================================================================
2026-08-04 11:34:37 | INFO     | selector             | Input shape : (50795, 79)
2026-08-04 11:34:37 | INFO     | selector             | Feature matrix : 50,795 rows x 78 features
2026-08-04 11:34:37 | INFO     | selector             | Target (binary): {0: 44701, 1: 6094}
2026-08-04 11:34:37 | INFO     | selector             | --------------------------------------------------
2026-08-04 11:34:37 | INFO     | selector             | Stage 1: Variance Threshold (threshold=0.01)
2026-08-04 11:34:37 | INFO     | selector             |   Input    : 78 features
2026-08-04 11:34:37 | INFO     | selector             |   Selected : 67
2026-08-04 11:34:37 | INFO     | selector             |   Removed  : 11
2026-08-04 11:34:37 | INFO     | selector             |     DROP  nateglinide                                   var=0.006460
2026-08-04 11:34:37 | INFO     | selector             |     DROP  chlorpropamide                                var=0.001180
2026-08-04 11:34:37 | INFO     | selector             |     DROP  tolbutamide                                   var=0.000276
2026-08-04 11:34:37 | INFO     | selector             |     DROP  acarbose                                      var=0.003296
2026-08-04 11:34:37 | INFO     | selector             |     DROP  miglitol                                      var=0.000413
2026-08-04 11:34:37 | INFO     | selector             |     DROP  tolazamide                                    var=0.000571
2026-08-04 11:34:37 | INFO     | selector             |     DROP  glyburide-metformin                           var=0.004859
2026-08-04 11:34:37 | INFO     | selector             |     DROP  glipizide-metformin                           var=0.000098
2026-08-04 11:34:37 | INFO     | selector             |     DROP  FE_polypharmacy                               var=0.000512
2026-08-04 11:34:37 | INFO     | selector             |     DROP  FE_med_coverage_ratio                         var=0.005298
2026-08-04 11:34:37 | INFO     | selector             |     DROP  FE_inpatient_x_polypharmacy                   var=0.000118
2026-08-04 11:34:37 | INFO     | selector             | --------------------------------------------------
2026-08-04 11:34:37 | INFO     | selector             | Stage 2: Correlation Filter (threshold=0.9)
2026-08-04 11:34:38 | INFO     | selector             |   Input    : 67
2026-08-04 11:34:38 | INFO     | selector             |   Selected : 53
2026-08-04 11:34:38 | INFO     | selector             |   Removed  : 14
2026-08-04 11:34:38 | INFO     | selector             |     DROP  num_lab_procedures                       r=0.9822 (kept: FE_total_clinical_contacts)
2026-08-04 11:34:38 | INFO     | selector             |     DROP  num_procedures                           r=0.9501 (kept: FE_procedure_density)
2026-08-04 11:34:38 | INFO     | selector             |     DROP  FE_n_active_ordinal_meds                 r=0.9935 (kept: FE_total_active_meds)
2026-08-04 11:34:38 | INFO     | selector             |     DROP  FE_n_med_changes                         r=0.9981 (kept: FE_any_med_changed)
2026-08-04 11:34:38 | INFO     | selector             |     DROP  FE_procedure_density                     r=0.9048 (kept: FE_no_procedures)
2026-08-04 11:34:38 | INFO     | selector             |     DROP  number_emergency                         r=0.9986 (kept: FE_has_prior_emergency)
2026-08-04 11:34:38 | INFO     | selector             |     DROP  number_inpatient                         r=0.9731 (kept: FE_has_prior_inpatient)
2026-08-04 11:34:38 | INFO     | selector             |     DROP  FE_total_prior_contacts                  r=0.9636 (kept: FE_multi_channel_utilizer)
2026-08-04 11:34:38 | INFO     | selector             |     DROP  insulin                                  r=0.9406 (kept: FE_insulin_prescribed)
2026-08-04 11:34:38 | INFO     | selector             |     DROP  metformin                                r=0.9984 (kept: FE_metformin_prescribed)
2026-08-04 11:34:38 | INFO     | selector             |     DROP  diabetesMed                              r=1.0 (kept: FE_on_diabetes_med)
2026-08-04 11:34:38 | INFO     | selector             |     DROP  change                                   r=1.0 (kept: FE_med_regimen_changed)
2026-08-04 11:34:38 | INFO     | selector             |     DROP  FE_has_prior_emergency                   r=0.9978 (kept: FE_glycemic_x_emergency)
2026-08-04 11:34:38 | INFO     | selector             |     DROP  FE_high_comorbidity                      r=0.9548 (kept: FE_labs_per_day_x_comorbidity)
2026-08-04 11:34:38 | INFO     | selector             | --------------------------------------------------
2026-08-04 11:34:38 | INFO     | selector             | Stage 3: Mutual Information (drop bottom 20th percentile)
2026-08-04 11:34:44 | INFO     | selector             |   Input    : 53
2026-08-04 11:34:44 | INFO     | selector             |   MI threshold (P20) : 0.000183
2026-08-04 11:34:44 | INFO     | selector             |   Selected : 42
2026-08-04 11:34:44 | INFO     | selector             |   Removed  : 11
2026-08-04 11:34:44 | INFO     | selector             |   Top 10 MI scores:
2026-08-04 11:34:44 | INFO     | selector             |     FE_has_prior_inpatient                        MI=0.012127
2026-08-04 11:34:44 | INFO     | selector             |     FE_multi_channel_utilizer                     MI=0.011267
2026-08-04 11:34:44 | INFO     | selector             |     race                                          MI=0.009745
2026-08-04 11:34:44 | INFO     | selector             |     FE_med_regimen_changed                        MI=0.008875
2026-08-04 11:34:44 | INFO     | selector             |     discharge_disposition_id                      MI=0.008783
2026-08-04 11:34:44 | INFO     | selector             |     weight_missing                                MI=0.008583
2026-08-04 11:34:44 | INFO     | selector             |     A1Cresult_missing                             MI=0.008009
2026-08-04 11:34:44 | INFO     | selector             |     FE_high_prior_utilization                     MI=0.007654
2026-08-04 11:34:44 | INFO     | selector             |     FE_on_diabetes_med                            MI=0.007501
2026-08-04 11:34:44 | INFO     | selector             |     max_glu_serum_missing                         MI=0.007466
2026-08-04 11:34:44 | INFO     | selector             | --------------------------------------------------
2026-08-04 11:34:44 | INFO     | selector             | Stage 4: Boruta Shadow Feature Selection (n_estimators=200, max_iter=50)
2026-08-04 11:34:50 | INFO     | selector             |   Boruta iter  10/50 — confirmed so far: 0
2026-08-04 11:34:56 | INFO     | selector             |   Boruta iter  20/50 — confirmed so far: 0
2026-08-04 11:35:05 | INFO     | selector             |   Boruta iter  30/50 — confirmed so far: 0
2026-08-04 11:35:12 | INFO     | selector             |   Boruta iter  40/50 — confirmed so far: 0
2026-08-04 11:35:21 | INFO     | selector             |   Boruta iter  50/50 — confirmed so far: 0
2026-08-04 11:35:21 | INFO     | selector             |   Input    : 42
2026-08-04 11:35:21 | INFO     | selector             |   Selected : 2 (confirmed)
2026-08-04 11:35:21 | INFO     | selector             |   Removed  : 40 (tentative/rejected)
2026-08-04 11:35:21 | INFO     | selector             |   Top 10 hit rates:
2026-08-04 11:35:21 | INFO     | selector             |     FE_high_prior_utilization                     hit_rate=0.84
2026-08-04 11:35:21 | INFO     | selector             |     FE_has_prior_inpatient                        hit_rate=0.70
2026-08-04 11:35:21 | INFO     | selector             |     FE_multi_channel_utilizer                     hit_rate=0.00
2026-08-04 11:35:21 | INFO     | selector             |     race                                          hit_rate=0.00
2026-08-04 11:35:21 | INFO     | selector             |     FE_med_regimen_changed                        hit_rate=0.00
2026-08-04 11:35:21 | INFO     | selector             |     discharge_disposition_id                      hit_rate=0.00
2026-08-04 11:35:21 | INFO     | selector             |     weight_missing                                hit_rate=0.00
2026-08-04 11:35:21 | INFO     | selector             |     A1Cresult_missing                             hit_rate=0.00
2026-08-04 11:35:21 | INFO     | selector             |     FE_on_diabetes_med                            hit_rate=0.00
2026-08-04 11:35:21 | INFO     | selector             |     max_glu_serum_missing                         hit_rate=0.00
2026-08-04 11:35:21 | INFO     | selector             | --------------------------------------------------
2026-08-04 11:35:21 | INFO     | selector             | Stage 5: SHAP Importance (GBM, n_estimators=300)
2026-08-04 11:35:24 | INFO     | selector             |   Input    : 2
2026-08-04 11:35:24 | INFO     | selector             |   SHAP threshold (P20) : 0.198923
2026-08-04 11:35:24 | INFO     | selector             |   Selected : 1
2026-08-04 11:35:24 | INFO     | selector             |   Removed  : 1
2026-08-04 11:35:24 | INFO     | selector             |   Top 15 SHAP scores:
2026-08-04 11:35:24 | INFO     | selector             |     FE_has_prior_inpatient                        SHAP=0.248532
2026-08-04 11:35:24 | INFO     | selector             |     FE_high_prior_utilization                     SHAP=0.186521
2026-08-04 11:35:24 | INFO     | selector             | --------------------------------------------------
2026-08-04 11:35:24 | INFO     | selector             | Stage 6: Stability Selection (n_bootstrap=50, frac=0.75, threshold=0.6)
2026-08-04 11:35:33 | INFO     | selector             |   Input    : 1
2026-08-04 11:35:33 | INFO     | selector             |   Selected : 1 (stability >= 0.6)
2026-08-04 11:35:33 | INFO     | selector             |   Removed  : 0
2026-08-04 11:35:33 | INFO     | selector             |   Top 15 stability scores:
2026-08-04 11:35:33 | INFO     | selector             |     [✓] FE_has_prior_inpatient                      stability=1.0000
2026-08-04 11:35:33 | INFO     | selector             | --------------------------------------------------
2026-08-04 11:35:33 | INFO     | selector             | Stage 7: Consensus Vote (min_stages=2)
2026-08-04 11:35:33 | INFO     | selector             |   Total features evaluated : 78
2026-08-04 11:35:33 | INFO     | selector             |   Selected (votes >= 2)   : 53
2026-08-04 11:35:33 | INFO     | selector             |   Removed                  : 25
2026-08-04 11:35:33 | INFO     | selector             |   Vote summary (top 20):
2026-08-04 11:35:33 | INFO     | selector             |     [✓] FE_has_prior_inpatient                        votes=6/6
2026-08-04 11:35:33 | INFO     | selector             |     [✓] FE_high_prior_utilization                     votes=4/6
2026-08-04 11:35:33 | INFO     | selector             |     [✓] race                                          votes=3/6
2026-08-04 11:35:33 | INFO     | selector             |     [✓] gender                                        votes=3/6
2026-08-04 11:35:33 | INFO     | selector             |     [✓] age                                           votes=3/6
2026-08-04 11:35:33 | INFO     | selector             |     [✓] discharge_disposition_id                      votes=3/6
2026-08-04 11:35:33 | INFO     | selector             |     [✓] admission_source_id                           votes=3/6
2026-08-04 11:35:33 | INFO     | selector             |     [✓] time_in_hospital                              votes=3/6
2026-08-04 11:35:33 | INFO     | selector             |     [✓] payer_code                                    votes=3/6
2026-08-04 11:35:33 | INFO     | selector             |     [✓] medical_specialty                             votes=3/6
2026-08-04 11:35:33 | INFO     | selector             |     [✓] num_medications                               votes=3/6
2026-08-04 11:35:33 | INFO     | selector             |     [✓] diag_1                                        votes=3/6
2026-08-04 11:35:33 | INFO     | selector             |     [✓] diag_3                                        votes=3/6
2026-08-04 11:35:33 | INFO     | selector             |     [✓] number_diagnoses                              votes=3/6
2026-08-04 11:35:33 | INFO     | selector             |     [✓] glipizide                                     votes=3/6
2026-08-04 11:35:33 | INFO     | selector             |     [✓] glyburide                                     votes=3/6
2026-08-04 11:35:33 | INFO     | selector             |     [✓] rosiglitazone                                 votes=3/6
2026-08-04 11:35:33 | INFO     | selector             |     [✓] weight_missing                                votes=3/6
2026-08-04 11:35:33 | INFO     | selector             |     [✓] max_glu_serum_missing                         votes=3/6
2026-08-04 11:35:33 | INFO     | selector             |     [✓] A1Cresult_missing                             votes=3/6
2026-08-04 11:35:33 | INFO     | selector             |   feature_scores.csv saved -> C:\Users\sharg\Desktop\github\DriftSentinel\outputs\artifacts\feature_scores.csv
2026-08-04 11:35:33 | INFO     | selector             |   Selected feature breakdown:
2026-08-04 11:35:33 | INFO     | selector             |     FE_ features selected : 29
2026-08-04 11:35:33 | INFO     | selector             |     Raw features selected : 24
2026-08-04 11:35:33 | INFO     | selector             |   selected_features.json saved -> C:\Users\sharg\Desktop\github\DriftSentinel\outputs\artifacts\selected_features.json
2026-08-04 11:35:33 | INFO     | selector             |   selector_stage_results.json saved -> C:\Users\sharg\Desktop\github\DriftSentinel\outputs\artifacts\selector_stage_results.json
2026-08-04 11:35:33 | INFO     | selector             |   feature_selector.pkl saved -> C:\Users\sharg\Desktop\github\DriftSentinel\outputs\artifacts\feature_selector.pkl
2026-08-04 11:35:33 | INFO     | selector             | ======================================================================
2026-08-04 11:35:33 | INFO     | selector             | Selection complete — 53 features retained from 78 input features
2026-08-04 11:35:33 | INFO     | selector             | ======================================================================
2026-08-04 11:35:40 | INFO     | selector             | --------------------------------------------------
2026-08-04 11:35:40 | INFO     | selector             | Stage 1: Variance Threshold (threshold=0.01)
2026-08-04 11:35:40 | INFO     | selector             |   Input    : 78 features
2026-08-04 11:35:40 | INFO     | selector             |   Selected : 67
2026-08-04 11:35:40 | INFO     | selector             |   Removed  : 11
2026-08-04 11:35:40 | INFO     | selector             |     DROP  nateglinide                                   var=0.007027
2026-08-04 11:35:40 | INFO     | selector             |     DROP  chlorpropamide                                var=0.001101
2026-08-04 11:35:40 | INFO     | selector             |     DROP  tolbutamide                                   var=0.000295
2026-08-04 11:35:40 | INFO     | selector             |     DROP  acarbose                                      var=0.003179
2026-08-04 11:35:40 | INFO     | selector             |     DROP  miglitol                                      var=0.000531
2026-08-04 11:35:40 | INFO     | selector             |     DROP  tolazamide                                    var=0.000531
2026-08-04 11:35:40 | INFO     | selector             |     DROP  glyburide-metformin                           var=0.004859
2026-08-04 11:35:40 | INFO     | selector             |     DROP  glipizide-metformin                           var=0.000138
2026-08-04 11:35:40 | INFO     | selector             |     DROP  FE_polypharmacy                               var=0.000531
2026-08-04 11:35:40 | INFO     | selector             |     DROP  FE_med_coverage_ratio                         var=0.005269
2026-08-04 11:35:40 | INFO     | selector             |     DROP  FE_inpatient_x_polypharmacy                   var=0.000079
2026-08-04 11:35:40 | INFO     | selector             | --------------------------------------------------
2026-08-04 11:35:40 | INFO     | selector             | Stage 2: Correlation Filter (threshold=0.9)
2026-08-04 11:35:41 | INFO     | selector             |   Input    : 67
2026-08-04 11:35:41 | INFO     | selector             |   Selected : 53
2026-08-04 11:35:41 | INFO     | selector             |   Removed  : 14
2026-08-04 11:35:41 | INFO     | selector             |     DROP  num_lab_procedures                       r=0.982 (kept: FE_total_clinical_contacts)
2026-08-04 11:35:41 | INFO     | selector             |     DROP  num_procedures                           r=0.9501 (kept: FE_procedure_density)
2026-08-04 11:35:41 | INFO     | selector             |     DROP  FE_n_active_ordinal_meds                 r=0.9935 (kept: FE_total_active_meds)
2026-08-04 11:35:41 | INFO     | selector             |     DROP  FE_n_med_changes                         r=0.9982 (kept: FE_any_med_changed)
2026-08-04 11:35:41 | INFO     | selector             |     DROP  FE_procedure_density                     r=0.9046 (kept: FE_no_procedures)
2026-08-04 11:35:41 | INFO     | selector             |     DROP  number_emergency                         r=0.9985 (kept: FE_has_prior_emergency)
2026-08-04 11:35:41 | INFO     | selector             |     DROP  number_inpatient                         r=0.9728 (kept: FE_has_prior_inpatient)
2026-08-04 11:35:41 | INFO     | selector             |     DROP  FE_total_prior_contacts                  r=0.9629 (kept: FE_multi_channel_utilizer)
2026-08-04 11:35:41 | INFO     | selector             |     DROP  insulin                                  r=0.9409 (kept: FE_insulin_prescribed)
2026-08-04 11:35:41 | INFO     | selector             |     DROP  metformin                                r=0.9984 (kept: FE_metformin_prescribed)
2026-08-04 11:35:41 | INFO     | selector             |     DROP  diabetesMed                              r=1.0 (kept: FE_on_diabetes_med)
2026-08-04 11:35:41 | INFO     | selector             |     DROP  change                                   r=1.0 (kept: FE_med_regimen_changed)
2026-08-04 11:35:41 | INFO     | selector             |     DROP  FE_has_prior_emergency                   r=0.9978 (kept: FE_glycemic_x_emergency)
2026-08-04 11:35:41 | INFO     | selector             |     DROP  FE_high_comorbidity                      r=0.9556 (kept: FE_labs_per_day_x_comorbidity)
2026-08-04 11:35:41 | INFO     | selector             | ======================================================================
2026-08-04 11:35:41 | INFO     | selector             | DriftSentinel — Feature Selector  [fit on TRAIN]
2026-08-04 11:35:41 | INFO     | selector             | ======================================================================
2026-08-04 11:35:41 | INFO     | selector             | Input shape : (50794, 79)
2026-08-04 11:35:41 | INFO     | selector             | Feature matrix : 50,794 rows x 78 features
2026-08-04 11:35:41 | INFO     | selector             | Target (binary): {0: 44700, 1: 6094}
2026-08-04 11:35:41 | INFO     | selector             | --------------------------------------------------
2026-08-04 11:35:41 | INFO     | selector             | Stage 1: Variance Threshold (threshold=0.01)
2026-08-04 11:35:41 | INFO     | selector             |   Input    : 78 features
2026-08-04 11:35:41 | INFO     | selector             |   Selected : 67
2026-08-04 11:35:41 | INFO     | selector             |   Removed  : 11
2026-08-04 11:35:41 | INFO     | selector             |     DROP  nateglinide                                   var=0.007027
2026-08-04 11:35:41 | INFO     | selector             |     DROP  chlorpropamide                                var=0.001101
2026-08-04 11:35:41 | INFO     | selector             |     DROP  tolbutamide                                   var=0.000295
2026-08-04 11:35:41 | INFO     | selector             |     DROP  acarbose                                      var=0.003179
2026-08-04 11:35:41 | INFO     | selector             |     DROP  miglitol                                      var=0.000531
2026-08-04 11:35:41 | INFO     | selector             |     DROP  tolazamide                                    var=0.000531
2026-08-04 11:35:41 | INFO     | selector             |     DROP  glyburide-metformin                           var=0.004859
2026-08-04 11:35:41 | INFO     | selector             |     DROP  glipizide-metformin                           var=0.000138
2026-08-04 11:35:41 | INFO     | selector             |     DROP  FE_polypharmacy                               var=0.000531
2026-08-04 11:35:41 | INFO     | selector             |     DROP  FE_med_coverage_ratio                         var=0.005269
2026-08-04 11:35:41 | INFO     | selector             |     DROP  FE_inpatient_x_polypharmacy                   var=0.000079
2026-08-04 11:35:41 | INFO     | selector             | --------------------------------------------------
2026-08-04 11:35:41 | INFO     | selector             | Stage 2: Correlation Filter (threshold=0.9)
2026-08-04 11:35:42 | INFO     | selector             |   Input    : 67
2026-08-04 11:35:42 | INFO     | selector             |   Selected : 53
2026-08-04 11:35:42 | INFO     | selector             |   Removed  : 14
2026-08-04 11:35:42 | INFO     | selector             |     DROP  num_lab_procedures                       r=0.982 (kept: FE_total_clinical_contacts)
2026-08-04 11:35:42 | INFO     | selector             |     DROP  num_procedures                           r=0.9501 (kept: FE_procedure_density)
2026-08-04 11:35:42 | INFO     | selector             |     DROP  FE_n_active_ordinal_meds                 r=0.9935 (kept: FE_total_active_meds)
2026-08-04 11:35:42 | INFO     | selector             |     DROP  FE_n_med_changes                         r=0.9982 (kept: FE_any_med_changed)
2026-08-04 11:35:42 | INFO     | selector             |     DROP  FE_procedure_density                     r=0.9046 (kept: FE_no_procedures)
2026-08-04 11:35:42 | INFO     | selector             |     DROP  number_emergency                         r=0.9985 (kept: FE_has_prior_emergency)
2026-08-04 11:35:42 | INFO     | selector             |     DROP  number_inpatient                         r=0.9728 (kept: FE_has_prior_inpatient)
2026-08-04 11:35:42 | INFO     | selector             |     DROP  FE_total_prior_contacts                  r=0.9629 (kept: FE_multi_channel_utilizer)
2026-08-04 11:35:42 | INFO     | selector             |     DROP  insulin                                  r=0.9409 (kept: FE_insulin_prescribed)
2026-08-04 11:35:42 | INFO     | selector             |     DROP  metformin                                r=0.9984 (kept: FE_metformin_prescribed)
2026-08-04 11:35:42 | INFO     | selector             |     DROP  diabetesMed                              r=1.0 (kept: FE_on_diabetes_med)
2026-08-04 11:35:42 | INFO     | selector             |     DROP  change                                   r=1.0 (kept: FE_med_regimen_changed)
2026-08-04 11:35:42 | INFO     | selector             |     DROP  FE_has_prior_emergency                   r=0.9978 (kept: FE_glycemic_x_emergency)
2026-08-04 11:35:42 | INFO     | selector             |     DROP  FE_high_comorbidity                      r=0.9556 (kept: FE_labs_per_day_x_comorbidity)
2026-08-04 11:35:42 | INFO     | selector             | --------------------------------------------------
2026-08-04 11:35:42 | INFO     | selector             | Stage 3: Mutual Information (drop bottom 20th percentile)
2026-08-04 11:35:49 | INFO     | selector             |   Input    : 53
2026-08-04 11:35:49 | INFO     | selector             |   MI threshold (P20) : 0.000000
2026-08-04 11:35:49 | INFO     | selector             |   Selected : 53
2026-08-04 11:35:49 | INFO     | selector             |   Removed  : 0
2026-08-04 11:35:49 | INFO     | selector             |   Top 10 MI scores:
2026-08-04 11:35:49 | INFO     | selector             |     FE_on_diabetes_med                            MI=0.010788
2026-08-04 11:35:49 | INFO     | selector             |     discharge_disposition_id                      MI=0.010770
2026-08-04 11:35:49 | INFO     | selector             |     FE_has_prior_inpatient                        MI=0.010638
2026-08-04 11:35:49 | INFO     | selector             |     FE_multi_channel_utilizer                     MI=0.009967
2026-08-04 11:35:49 | INFO     | selector             |     FE_high_prior_utilization                     MI=0.009593
2026-08-04 11:35:49 | INFO     | selector             |     weight_missing                                MI=0.009395
2026-08-04 11:35:49 | INFO     | selector             |     race                                          MI=0.008156
2026-08-04 11:35:49 | INFO     | selector             |     gender                                        MI=0.008102
2026-08-04 11:35:49 | INFO     | selector             |     FE_insulin_prescribed                         MI=0.007916
2026-08-04 11:35:49 | INFO     | selector             |     payer_code                                    MI=0.007665
2026-08-04 11:35:49 | INFO     | selector             | --------------------------------------------------
2026-08-04 11:35:49 | INFO     | selector             | Stage 4: Boruta Shadow Feature Selection (n_estimators=200, max_iter=50)
2026-08-04 11:35:58 | INFO     | selector             |   Boruta iter  10/50 — confirmed so far: 0
2026-08-04 11:36:10 | INFO     | selector             |   Boruta iter  20/50 — confirmed so far: 0
2026-08-04 11:36:24 | INFO     | selector             |   Boruta iter  30/50 — confirmed so far: 0
2026-08-04 11:36:37 | INFO     | selector             |   Boruta iter  40/50 — confirmed so far: 0
2026-08-04 11:36:51 | INFO     | selector             |   Boruta iter  50/50 — confirmed so far: 0
2026-08-04 11:36:51 | INFO     | selector             |   Input    : 53
2026-08-04 11:36:51 | INFO     | selector             |   Selected : 0 (confirmed)
2026-08-04 11:36:51 | INFO     | selector             |   Removed  : 53 (tentative/rejected)
2026-08-04 11:36:51 | INFO     | selector             |   Top 10 hit rates:
2026-08-04 11:36:51 | INFO     | selector             |     FE_has_prior_inpatient                        hit_rate=0.52
2026-08-04 11:36:51 | INFO     | selector             |     FE_high_prior_utilization                     hit_rate=0.22
2026-08-04 11:36:51 | INFO     | selector             |     FE_on_diabetes_med                            hit_rate=0.00
2026-08-04 11:36:51 | INFO     | selector             |     discharge_disposition_id                      hit_rate=0.00
2026-08-04 11:36:51 | INFO     | selector             |     FE_multi_channel_utilizer                     hit_rate=0.00
2026-08-04 11:36:51 | INFO     | selector             |     weight_missing                                hit_rate=0.00
2026-08-04 11:36:51 | INFO     | selector             |     race                                          hit_rate=0.00
2026-08-04 11:36:51 | INFO     | selector             |     gender                                        hit_rate=0.00
2026-08-04 11:36:51 | INFO     | selector             |     FE_insulin_prescribed                         hit_rate=0.00
2026-08-04 11:36:51 | INFO     | selector             |     payer_code                                    hit_rate=0.00
2026-08-04 11:36:51 | INFO     | selector             | --------------------------------------------------
2026-08-04 11:36:51 | INFO     | selector             | Stage 5: SHAP Importance (GBM, n_estimators=300)
2026-08-04 11:38:14 | INFO     | selector             | ===== RUN 20260804-113814-f60d71 | pid=20892 | started 2026-08-04 11:38:14 =====
2026-08-04 11:38:14 | INFO     | selector             | --------------------------------------------------
2026-08-04 11:38:14 | INFO     | selector             | Stage 5: SHAP Importance (GBM, n_estimators=300)
2026-08-04 11:38:14 | WARNING  | selector             |   Stage 5 SKIPPED — Boruta confirmed 0 features, so there is nothing to rank. Contributing no votes.
2026-08-04 11:38:14 | INFO     | selector             | --------------------------------------------------
2026-08-04 11:38:14 | INFO     | selector             | Stage 6: Stability Selection (n_bootstrap=50, frac=0.75, threshold=0.6)
2026-08-04 11:38:14 | WARNING  | selector             |   Stage 6 SKIPPED — no candidates from stage 5. Contributing no votes.
2026-08-04 11:38:14 | INFO     | selector             | --------------------------------------------------
2026-08-04 11:38:14 | INFO     | selector             | Stage 5: SHAP Importance (GBM, n_estimators=300)
2026-08-04 11:38:14 | INFO     | selector             |   Input    : 1
2026-08-04 11:38:14 | INFO     | selector             |   SHAP threshold (P20) : 1.314825
2026-08-04 11:38:14 | INFO     | selector             |   Selected : 1
2026-08-04 11:38:14 | INFO     | selector             |   Removed  : 0
2026-08-04 11:38:14 | INFO     | selector             |   Top 15 SHAP scores:
2026-08-04 11:38:14 | INFO     | selector             |     a                                             SHAP=1.314825
2026-08-04 11:38:14 | INFO     | selector             | --------------------------------------------------
2026-08-04 11:38:14 | INFO     | selector             | Stage 6: Stability Selection (n_bootstrap=50, frac=0.75, threshold=0.6)
2026-08-04 11:38:22 | INFO     | selector             |   Input    : 1
2026-08-04 11:38:22 | INFO     | selector             |   Selected : 1 (stability >= 0.6)
2026-08-04 11:38:22 | INFO     | selector             |   Removed  : 0
2026-08-04 11:38:22 | INFO     | selector             |   Top 15 stability scores:
2026-08-04 11:38:22 | INFO     | selector             |     [✓] a                                           stability=1.0000
2026-08-04 11:38:29 | INFO     | selector             | ===== RUN 20260804-113825-404090 | pid=22416 | started 2026-08-04 11:38:29 =====
2026-08-04 11:38:29 | INFO     | selector             | --------------------------------------------------
2026-08-04 11:38:29 | INFO     | selector             | Stage 5: SHAP Importance (GBM, n_estimators=300)
2026-08-04 11:38:29 | WARNING  | selector             |   Stage 5 SKIPPED — Boruta confirmed 0 features, so there is nothing to rank. Contributing no votes.
2026-08-04 11:38:29 | INFO     | selector             | --------------------------------------------------
2026-08-04 11:38:29 | INFO     | selector             | Stage 6: Stability Selection (n_bootstrap=50, frac=0.75, threshold=0.6)
2026-08-04 11:38:29 | WARNING  | selector             |   Stage 6 SKIPPED — no candidates from stage 5. Contributing no votes.
2026-08-04 11:38:29 | INFO     | selector             | --------------------------------------------------
2026-08-04 11:38:29 | INFO     | selector             | Stage 5: SHAP Importance (GBM, n_estimators=300)
2026-08-04 11:38:30 | INFO     | selector             |   Input    : 1
2026-08-04 11:38:30 | INFO     | selector             |   SHAP threshold (P20) : 1.314825
2026-08-04 11:38:30 | INFO     | selector             |   Selected : 1
2026-08-04 11:38:30 | INFO     | selector             |   Removed  : 0
2026-08-04 11:38:30 | INFO     | selector             |   Top 15 SHAP scores:
2026-08-04 11:38:30 | INFO     | selector             |     a                                             SHAP=1.314825
2026-08-04 11:38:30 | INFO     | selector             | --------------------------------------------------
2026-08-04 11:38:30 | INFO     | selector             | Stage 6: Stability Selection (n_bootstrap=50, frac=0.75, threshold=0.6)
2026-08-04 11:38:38 | INFO     | selector             |   Input    : 1
2026-08-04 11:38:38 | INFO     | selector             |   Selected : 1 (stability >= 0.6)
2026-08-04 11:38:38 | INFO     | selector             |   Removed  : 0
2026-08-04 11:38:38 | INFO     | selector             |   Top 15 stability scores:
2026-08-04 11:38:38 | INFO     | selector             |     [✓] a                                           stability=1.0000
2026-08-04 11:39:14 | INFO     | selector             | ===== RUN 20260804-113856-c66aba | pid=18084 | started 2026-08-04 11:39:14 =====
2026-08-04 11:39:14 | INFO     | selector             | --------------------------------------------------
2026-08-04 11:39:14 | INFO     | selector             | Stage 1: Variance Threshold (threshold=0.01)
2026-08-04 11:39:14 | INFO     | selector             |   Input    : 78 features
2026-08-04 11:39:14 | INFO     | selector             |   Selected : 67
2026-08-04 11:39:14 | INFO     | selector             |   Removed  : 11
2026-08-04 11:39:14 | INFO     | selector             |     DROP  nateglinide                                   var=0.006872
2026-08-04 11:39:14 | INFO     | selector             |     DROP  chlorpropamide                                var=0.001042
2026-08-04 11:39:14 | INFO     | selector             |     DROP  tolbutamide                                   var=0.000276
2026-08-04 11:39:14 | INFO     | selector             |     DROP  acarbose                                      var=0.003375
2026-08-04 11:39:14 | INFO     | selector             |     DROP  miglitol                                      var=0.000531
2026-08-04 11:39:14 | INFO     | selector             |     DROP  tolazamide                                    var=0.000492
2026-08-04 11:39:14 | INFO     | selector             |     DROP  glyburide-metformin                           var=0.004878
2026-08-04 11:39:14 | INFO     | selector             |     DROP  glipizide-metformin                           var=0.000197
2026-08-04 11:39:14 | INFO     | selector             |     DROP  FE_polypharmacy                               var=0.000492
2026-08-04 11:39:14 | INFO     | selector             |     DROP  FE_med_coverage_ratio                         var=0.005302
2026-08-04 11:39:14 | INFO     | selector             |     DROP  FE_inpatient_x_polypharmacy                   var=0.000059
2026-08-04 11:39:14 | INFO     | selector             | --------------------------------------------------
2026-08-04 11:39:14 | INFO     | selector             | Stage 2: Correlation Filter (threshold=0.9)
2026-08-04 11:39:15 | INFO     | selector             |   Input    : 67
2026-08-04 11:39:15 | INFO     | selector             |   Selected : 53
2026-08-04 11:39:15 | INFO     | selector             |   Removed  : 14
2026-08-04 11:39:15 | INFO     | selector             |     DROP  num_lab_procedures                       r=0.982 (kept: FE_total_clinical_contacts)
2026-08-04 11:39:15 | INFO     | selector             |     DROP  num_procedures                           r=0.9498 (kept: FE_procedure_density)
2026-08-04 11:39:15 | INFO     | selector             |     DROP  FE_n_active_ordinal_meds                 r=0.9935 (kept: FE_total_active_meds)
2026-08-04 11:39:15 | INFO     | selector             |     DROP  FE_n_med_changes                         r=0.9982 (kept: FE_any_med_changed)
2026-08-04 11:39:15 | INFO     | selector             |     DROP  FE_procedure_density                     r=0.9048 (kept: FE_no_procedures)
2026-08-04 11:39:15 | INFO     | selector             |     DROP  number_emergency                         r=0.9986 (kept: FE_has_prior_emergency)
2026-08-04 11:39:15 | INFO     | selector             |     DROP  number_inpatient                         r=0.9731 (kept: FE_has_prior_inpatient)
2026-08-04 11:39:15 | INFO     | selector             |     DROP  FE_total_prior_contacts                  r=0.9635 (kept: FE_multi_channel_utilizer)
2026-08-04 11:39:15 | INFO     | selector             |     DROP  insulin                                  r=0.9412 (kept: FE_insulin_prescribed)
2026-08-04 11:39:15 | INFO     | selector             |     DROP  metformin                                r=0.9984 (kept: FE_metformin_prescribed)
2026-08-04 11:39:15 | INFO     | selector             |     DROP  diabetesMed                              r=1.0 (kept: FE_on_diabetes_med)
2026-08-04 11:39:15 | INFO     | selector             |     DROP  change                                   r=1.0 (kept: FE_med_regimen_changed)
2026-08-04 11:39:15 | INFO     | selector             |     DROP  FE_has_prior_emergency                   r=0.9978 (kept: FE_glycemic_x_emergency)
2026-08-04 11:39:15 | INFO     | selector             |     DROP  FE_high_comorbidity                      r=0.9551 (kept: FE_labs_per_day_x_comorbidity)
2026-08-04 11:39:16 | INFO     | selector             | ======================================================================
2026-08-04 11:39:16 | INFO     | selector             | DriftSentinel — Feature Selector  [fit on TRAIN]
2026-08-04 11:39:16 | INFO     | selector             | ======================================================================
2026-08-04 11:39:16 | INFO     | selector             | Input shape : (50794, 79)
2026-08-04 11:39:16 | INFO     | selector             | Feature matrix : 50,794 rows x 78 features
2026-08-04 11:39:16 | INFO     | selector             | Target (binary): {0: 44700, 1: 6094}
2026-08-04 11:39:16 | INFO     | selector             | --------------------------------------------------
2026-08-04 11:39:16 | INFO     | selector             | Stage 1: Variance Threshold (threshold=0.01)
2026-08-04 11:39:16 | INFO     | selector             |   Input    : 78 features
2026-08-04 11:39:16 | INFO     | selector             |   Selected : 67
2026-08-04 11:39:16 | INFO     | selector             |   Removed  : 11
2026-08-04 11:39:16 | INFO     | selector             |     DROP  nateglinide                                   var=0.006872
2026-08-04 11:39:16 | INFO     | selector             |     DROP  chlorpropamide                                var=0.001042
2026-08-04 11:39:16 | INFO     | selector             |     DROP  tolbutamide                                   var=0.000276
2026-08-04 11:39:16 | INFO     | selector             |     DROP  acarbose                                      var=0.003375
2026-08-04 11:39:16 | INFO     | selector             |     DROP  miglitol                                      var=0.000531
2026-08-04 11:39:16 | INFO     | selector             |     DROP  tolazamide                                    var=0.000492
2026-08-04 11:39:16 | INFO     | selector             |     DROP  glyburide-metformin                           var=0.004878
2026-08-04 11:39:16 | INFO     | selector             |     DROP  glipizide-metformin                           var=0.000197
2026-08-04 11:39:16 | INFO     | selector             |     DROP  FE_polypharmacy                               var=0.000492
2026-08-04 11:39:16 | INFO     | selector             |     DROP  FE_med_coverage_ratio                         var=0.005302
2026-08-04 11:39:16 | INFO     | selector             |     DROP  FE_inpatient_x_polypharmacy                   var=0.000059
2026-08-04 11:39:16 | INFO     | selector             | --------------------------------------------------
2026-08-04 11:39:16 | INFO     | selector             | Stage 2: Correlation Filter (threshold=0.9)
2026-08-04 11:39:17 | INFO     | selector             |   Input    : 67
2026-08-04 11:39:17 | INFO     | selector             |   Selected : 53
2026-08-04 11:39:17 | INFO     | selector             |   Removed  : 14
2026-08-04 11:39:17 | INFO     | selector             |     DROP  num_lab_procedures                       r=0.982 (kept: FE_total_clinical_contacts)
2026-08-04 11:39:17 | INFO     | selector             |     DROP  num_procedures                           r=0.9498 (kept: FE_procedure_density)
2026-08-04 11:39:17 | INFO     | selector             |     DROP  FE_n_active_ordinal_meds                 r=0.9935 (kept: FE_total_active_meds)
2026-08-04 11:39:17 | INFO     | selector             |     DROP  FE_n_med_changes                         r=0.9982 (kept: FE_any_med_changed)
2026-08-04 11:39:17 | INFO     | selector             |     DROP  FE_procedure_density                     r=0.9048 (kept: FE_no_procedures)
2026-08-04 11:39:17 | INFO     | selector             |     DROP  number_emergency                         r=0.9986 (kept: FE_has_prior_emergency)
2026-08-04 11:39:17 | INFO     | selector             |     DROP  number_inpatient                         r=0.9731 (kept: FE_has_prior_inpatient)
2026-08-04 11:39:17 | INFO     | selector             |     DROP  FE_total_prior_contacts                  r=0.9635 (kept: FE_multi_channel_utilizer)
2026-08-04 11:39:17 | INFO     | selector             |     DROP  insulin                                  r=0.9412 (kept: FE_insulin_prescribed)
2026-08-04 11:39:17 | INFO     | selector             |     DROP  metformin                                r=0.9984 (kept: FE_metformin_prescribed)
2026-08-04 11:39:17 | INFO     | selector             |     DROP  diabetesMed                              r=1.0 (kept: FE_on_diabetes_med)
2026-08-04 11:39:17 | INFO     | selector             |     DROP  change                                   r=1.0 (kept: FE_med_regimen_changed)
2026-08-04 11:39:17 | INFO     | selector             |     DROP  FE_has_prior_emergency                   r=0.9978 (kept: FE_glycemic_x_emergency)
2026-08-04 11:39:17 | INFO     | selector             |     DROP  FE_high_comorbidity                      r=0.9551 (kept: FE_labs_per_day_x_comorbidity)
2026-08-04 11:39:17 | INFO     | selector             | --------------------------------------------------
2026-08-04 11:39:17 | INFO     | selector             | Stage 3: Mutual Information (drop bottom 20th percentile)
2026-08-04 11:39:28 | INFO     | selector             |   Input    : 53
2026-08-04 11:39:28 | INFO     | selector             |   MI threshold (P20) : 0.000179
2026-08-04 11:39:28 | INFO     | selector             |   Selected : 42
2026-08-04 11:39:28 | INFO     | selector             |   Removed  : 11
2026-08-04 11:39:28 | INFO     | selector             |   Top 10 MI scores:
2026-08-04 11:39:28 | INFO     | selector             |     FE_has_prior_inpatient                        MI=0.010696
2026-08-04 11:39:28 | INFO     | selector             |     FE_high_prior_utilization                     MI=0.010335
2026-08-04 11:39:28 | INFO     | selector             |     discharge_disposition_id                      MI=0.008878
2026-08-04 11:39:28 | INFO     | selector             |     weight_missing                                MI=0.008404
2026-08-04 11:39:28 | INFO     | selector             |     gender                                        MI=0.007798
2026-08-04 11:39:28 | INFO     | selector             |     race                                          MI=0.007743
2026-08-04 11:39:28 | INFO     | selector             |     A1Cresult_missing                             MI=0.007698
2026-08-04 11:39:28 | INFO     | selector             |     FE_multi_channel_utilizer                     MI=0.006902
2026-08-04 11:39:28 | INFO     | selector             |     FE_on_diabetes_med                            MI=0.006794
2026-08-04 11:39:28 | INFO     | selector             |     FE_med_regimen_changed                        MI=0.006750
2026-08-04 11:39:28 | INFO     | selector             | --------------------------------------------------
2026-08-04 11:39:28 | INFO     | selector             | Stage 4: Boruta Shadow Feature Selection (n_estimators=200, max_iter=50)
2026-08-04 11:39:40 | INFO     | selector             |   Boruta iter  10/50 — confirmed so far: 0
2026-08-04 11:39:53 | INFO     | selector             |   Boruta iter  20/50 — confirmed so far: 0
2026-08-04 11:40:05 | INFO     | selector             |   Boruta iter  30/50 — confirmed so far: 0
2026-08-04 11:40:17 | INFO     | selector             |   Boruta iter  40/50 — confirmed so far: 0
2026-08-04 11:40:29 | INFO     | selector             |   Boruta iter  50/50 — confirmed so far: 0
2026-08-04 11:40:29 | INFO     | selector             |   Input    : 42
2026-08-04 11:40:29 | INFO     | selector             |   Selected : 1 (confirmed)
2026-08-04 11:40:29 | INFO     | selector             |   Removed  : 41 (tentative/rejected)
2026-08-04 11:40:29 | INFO     | selector             |   Top 10 hit rates:
2026-08-04 11:40:29 | INFO     | selector             |     FE_has_prior_inpatient                        hit_rate=0.68
2026-08-04 11:40:29 | INFO     | selector             |     FE_high_prior_utilization                     hit_rate=0.26
2026-08-04 11:40:29 | INFO     | selector             |     discharge_disposition_id                      hit_rate=0.02
2026-08-04 11:40:29 | INFO     | selector             |     weight_missing                                hit_rate=0.00
2026-08-04 11:40:29 | INFO     | selector             |     gender                                        hit_rate=0.00
2026-08-04 11:40:29 | INFO     | selector             |     race                                          hit_rate=0.00
2026-08-04 11:40:29 | INFO     | selector             |     A1Cresult_missing                             hit_rate=0.00
2026-08-04 11:40:29 | INFO     | selector             |     FE_multi_channel_utilizer                     hit_rate=0.00
2026-08-04 11:40:29 | INFO     | selector             |     FE_on_diabetes_med                            hit_rate=0.00
2026-08-04 11:40:29 | INFO     | selector             |     FE_med_regimen_changed                        hit_rate=0.00
2026-08-04 11:40:29 | INFO     | selector             | --------------------------------------------------
2026-08-04 11:40:29 | INFO     | selector             | Stage 5: SHAP Importance (GBM, n_estimators=300)
2026-08-04 11:40:33 | INFO     | selector             |   Input    : 1
2026-08-04 11:40:33 | INFO     | selector             |   SHAP threshold (P20) : 0.350206
2026-08-04 11:40:33 | INFO     | selector             |   Selected : 1
2026-08-04 11:40:33 | INFO     | selector             |   Removed  : 0
2026-08-04 11:40:33 | INFO     | selector             |   Top 15 SHAP scores:
2026-08-04 11:40:33 | INFO     | selector             |     FE_has_prior_inpatient                        SHAP=0.350206
2026-08-04 11:40:33 | INFO     | selector             | --------------------------------------------------
2026-08-04 11:40:33 | INFO     | selector             | Stage 6: Stability Selection (n_bootstrap=50, frac=0.75, threshold=0.6)
2026-08-04 11:40:49 | INFO     | selector             |   Input    : 1
2026-08-04 11:40:49 | INFO     | selector             |   Selected : 1 (stability >= 0.6)
2026-08-04 11:40:49 | INFO     | selector             |   Removed  : 0
2026-08-04 11:40:49 | INFO     | selector             |   Top 15 stability scores:
2026-08-04 11:40:49 | INFO     | selector             |     [✓] FE_has_prior_inpatient                      stability=1.0000
2026-08-04 11:40:49 | INFO     | selector             | --------------------------------------------------
2026-08-04 11:40:49 | INFO     | selector             | Stage 7: Consensus Vote (min_stages=2)
2026-08-04 11:40:49 | INFO     | selector             |   Total features evaluated : 78
2026-08-04 11:40:49 | INFO     | selector             |   Selected (votes >= 2)   : 53
2026-08-04 11:40:49 | INFO     | selector             |   Removed                  : 25
2026-08-04 11:40:49 | INFO     | selector             |   Vote summary (top 20):
2026-08-04 11:40:49 | INFO     | selector             |     [✓] FE_has_prior_inpatient                        votes=6/6
2026-08-04 11:40:49 | INFO     | selector             |     [✓] race                                          votes=3/6
2026-08-04 11:40:49 | INFO     | selector             |     [✓] gender                                        votes=3/6
2026-08-04 11:40:49 | INFO     | selector             |     [✓] age                                           votes=3/6
2026-08-04 11:40:49 | INFO     | selector             |     [✓] admission_type_id                             votes=3/6
2026-08-04 11:40:49 | INFO     | selector             |     [✓] discharge_disposition_id                      votes=3/6
2026-08-04 11:40:49 | INFO     | selector             |     [✓] admission_source_id                           votes=3/6
2026-08-04 11:40:49 | INFO     | selector             |     [✓] time_in_hospital                              votes=3/6
2026-08-04 11:40:49 | INFO     | selector             |     [✓] payer_code                                    votes=3/6
2026-08-04 11:40:49 | INFO     | selector             |     [✓] medical_specialty                             votes=3/6
2026-08-04 11:40:49 | INFO     | selector             |     [✓] diag_2                                        votes=3/6
2026-08-04 11:40:49 | INFO     | selector             |     [✓] diag_3                                        votes=3/6
2026-08-04 11:40:49 | INFO     | selector             |     [✓] number_diagnoses                              votes=3/6
2026-08-04 11:40:49 | INFO     | selector             |     [✓] repaglinide                                   votes=3/6
2026-08-04 11:40:49 | INFO     | selector             |     [✓] glipizide                                     votes=3/6
2026-08-04 11:40:49 | INFO     | selector             |     [✓] glyburide                                     votes=3/6
2026-08-04 11:40:49 | INFO     | selector             |     [✓] rosiglitazone                                 votes=3/6
2026-08-04 11:40:49 | INFO     | selector             |     [✓] weight_missing                                votes=3/6
2026-08-04 11:40:49 | INFO     | selector             |     [✓] max_glu_serum_missing                         votes=3/6
2026-08-04 11:40:49 | INFO     | selector             |     [✓] A1Cresult_missing                             votes=3/6
2026-08-04 11:40:49 | INFO     | selector             |   feature_scores.csv saved -> C:\Users\sharg\Desktop\github\DriftSentinel\outputs\artifacts\feature_scores.csv
2026-08-04 11:40:49 | INFO     | selector             |   Selected feature breakdown:
2026-08-04 11:40:49 | INFO     | selector             |     FE_ features selected : 29
2026-08-04 11:40:49 | INFO     | selector             |     Raw features selected : 24
2026-08-04 11:40:49 | INFO     | selector             |   selected_features.json saved -> C:\Users\sharg\Desktop\github\DriftSentinel\outputs\artifacts\selected_features.json
2026-08-04 11:40:49 | INFO     | selector             |   selector_stage_results.json saved -> C:\Users\sharg\Desktop\github\DriftSentinel\outputs\artifacts\selector_stage_results.json
2026-08-04 11:40:49 | INFO     | selector             |   feature_selector.pkl saved -> C:\Users\sharg\Desktop\github\DriftSentinel\outputs\artifacts\feature_selector.pkl
2026-08-04 11:40:49 | INFO     | selector             | ======================================================================
2026-08-04 11:40:49 | INFO     | selector             | Selection complete — 53 features retained from 78 input features
2026-08-04 11:40:49 | INFO     | selector             | ======================================================================
2026-08-04 11:40:54 | INFO     | selector             | --------------------------------------------------
2026-08-04 11:40:54 | INFO     | selector             | Stage 1: Variance Threshold (threshold=0.01)
2026-08-04 11:40:54 | INFO     | selector             |   Input    : 78 features
2026-08-04 11:40:54 | INFO     | selector             |   Selected : 67
2026-08-04 11:40:54 | INFO     | selector             |   Removed  : 11
2026-08-04 11:40:54 | INFO     | selector             |     DROP  nateglinide                                   var=0.006773
2026-08-04 11:40:54 | INFO     | selector             |     DROP  chlorpropamide                                var=0.001082
2026-08-04 11:40:54 | INFO     | selector             |     DROP  tolbutamide                                   var=0.000276
2026-08-04 11:40:54 | INFO     | selector             |     DROP  acarbose                                      var=0.003042
2026-08-04 11:40:54 | INFO     | selector             |     DROP  miglitol                                      var=0.000531
2026-08-04 11:40:54 | INFO     | selector             |     DROP  tolazamide                                    var=0.000669
2026-08-04 11:40:54 | INFO     | selector             |     DROP  glyburide-metformin                           var=0.004625
2026-08-04 11:40:54 | INFO     | selector             |     DROP  glipizide-metformin                           var=0.000197
2026-08-04 11:40:54 | INFO     | selector             |     DROP  FE_polypharmacy                               var=0.000531
2026-08-04 11:40:54 | INFO     | selector             |     DROP  FE_med_coverage_ratio                         var=0.005361
2026-08-04 11:40:54 | INFO     | selector             |     DROP  FE_inpatient_x_polypharmacy                   var=0.000098
2026-08-04 11:40:54 | INFO     | selector             | --------------------------------------------------
2026-08-04 11:40:54 | INFO     | selector             | Stage 2: Correlation Filter (threshold=0.9)
2026-08-04 11:40:55 | INFO     | selector             |   Input    : 67
2026-08-04 11:40:55 | INFO     | selector             |   Selected : 53
2026-08-04 11:40:55 | INFO     | selector             |   Removed  : 14
2026-08-04 11:40:55 | INFO     | selector             |     DROP  num_lab_procedures                       r=0.9822 (kept: FE_total_clinical_contacts)
2026-08-04 11:40:55 | INFO     | selector             |     DROP  num_procedures                           r=0.9509 (kept: FE_procedure_density)
2026-08-04 11:40:55 | INFO     | selector             |     DROP  FE_n_active_ordinal_meds                 r=0.9937 (kept: FE_total_active_meds)
2026-08-04 11:40:55 | INFO     | selector             |     DROP  FE_n_med_changes                         r=0.9981 (kept: FE_any_med_changed)
2026-08-04 11:40:55 | INFO     | selector             |     DROP  FE_procedure_density                     r=0.9057 (kept: FE_no_procedures)
2026-08-04 11:40:55 | INFO     | selector             |     DROP  number_emergency                         r=0.9985 (kept: FE_has_prior_emergency)
2026-08-04 11:40:55 | INFO     | selector             |     DROP  number_inpatient                         r=0.973 (kept: FE_has_prior_inpatient)
2026-08-04 11:40:55 | INFO     | selector             |     DROP  FE_total_prior_contacts                  r=0.9634 (kept: FE_multi_channel_utilizer)
2026-08-04 11:40:55 | INFO     | selector             |     DROP  insulin                                  r=0.9399 (kept: FE_insulin_prescribed)
2026-08-04 11:40:55 | INFO     | selector             |     DROP  metformin                                r=0.9984 (kept: FE_metformin_prescribed)
2026-08-04 11:40:55 | INFO     | selector             |     DROP  diabetesMed                              r=1.0 (kept: FE_on_diabetes_med)
2026-08-04 11:40:55 | INFO     | selector             |     DROP  change                                   r=1.0 (kept: FE_med_regimen_changed)
2026-08-04 11:40:55 | INFO     | selector             |     DROP  FE_has_prior_emergency                   r=0.9977 (kept: FE_glycemic_x_emergency)
2026-08-04 11:40:55 | INFO     | selector             |     DROP  FE_high_comorbidity                      r=0.9556 (kept: FE_labs_per_day_x_comorbidity)
2026-08-04 11:40:56 | INFO     | selector             | ======================================================================
2026-08-04 11:40:56 | INFO     | selector             | DriftSentinel — Feature Selector  [fit on TRAIN]
2026-08-04 11:40:56 | INFO     | selector             | ======================================================================
2026-08-04 11:40:56 | INFO     | selector             | Input shape : (50793, 79)
2026-08-04 11:40:57 | INFO     | selector             | Feature matrix : 50,793 rows x 78 features
2026-08-04 11:40:57 | INFO     | selector             | Target (binary): {0: 44699, 1: 6094}
2026-08-04 11:40:57 | INFO     | selector             | --------------------------------------------------
2026-08-04 11:40:57 | INFO     | selector             | Stage 1: Variance Threshold (threshold=0.01)
2026-08-04 11:40:57 | INFO     | selector             |   Input    : 78 features
2026-08-04 11:40:57 | INFO     | selector             |   Selected : 67
2026-08-04 11:40:57 | INFO     | selector             |   Removed  : 11
2026-08-04 11:40:57 | INFO     | selector             |     DROP  nateglinide                                   var=0.006773
2026-08-04 11:40:57 | INFO     | selector             |     DROP  chlorpropamide                                var=0.001082
2026-08-04 11:40:57 | INFO     | selector             |     DROP  tolbutamide                                   var=0.000276
2026-08-04 11:40:57 | INFO     | selector             |     DROP  acarbose                                      var=0.003042
2026-08-04 11:40:57 | INFO     | selector             |     DROP  miglitol                                      var=0.000531
2026-08-04 11:40:57 | INFO     | selector             |     DROP  tolazamide                                    var=0.000669
2026-08-04 11:40:57 | INFO     | selector             |     DROP  glyburide-metformin                           var=0.004625
2026-08-04 11:40:57 | INFO     | selector             |     DROP  glipizide-metformin                           var=0.000197
2026-08-04 11:40:57 | INFO     | selector             |     DROP  FE_polypharmacy                               var=0.000531
2026-08-04 11:40:57 | INFO     | selector             |     DROP  FE_med_coverage_ratio                         var=0.005361
2026-08-04 11:40:57 | INFO     | selector             |     DROP  FE_inpatient_x_polypharmacy                   var=0.000098
2026-08-04 11:40:57 | INFO     | selector             | --------------------------------------------------
2026-08-04 11:40:57 | INFO     | selector             | Stage 2: Correlation Filter (threshold=0.9)
2026-08-04 11:40:57 | INFO     | selector             |   Input    : 67
2026-08-04 11:40:57 | INFO     | selector             |   Selected : 53
2026-08-04 11:40:57 | INFO     | selector             |   Removed  : 14
2026-08-04 11:40:57 | INFO     | selector             |     DROP  num_lab_procedures                       r=0.9822 (kept: FE_total_clinical_contacts)
2026-08-04 11:40:57 | INFO     | selector             |     DROP  num_procedures                           r=0.9509 (kept: FE_procedure_density)
2026-08-04 11:40:57 | INFO     | selector             |     DROP  FE_n_active_ordinal_meds                 r=0.9937 (kept: FE_total_active_meds)
2026-08-04 11:40:57 | INFO     | selector             |     DROP  FE_n_med_changes                         r=0.9981 (kept: FE_any_med_changed)
2026-08-04 11:40:57 | INFO     | selector             |     DROP  FE_procedure_density                     r=0.9057 (kept: FE_no_procedures)
2026-08-04 11:40:57 | INFO     | selector             |     DROP  number_emergency                         r=0.9985 (kept: FE_has_prior_emergency)
2026-08-04 11:40:57 | INFO     | selector             |     DROP  number_inpatient                         r=0.973 (kept: FE_has_prior_inpatient)
2026-08-04 11:40:57 | INFO     | selector             |     DROP  FE_total_prior_contacts                  r=0.9634 (kept: FE_multi_channel_utilizer)
2026-08-04 11:40:57 | INFO     | selector             |     DROP  insulin                                  r=0.9399 (kept: FE_insulin_prescribed)
2026-08-04 11:40:57 | INFO     | selector             |     DROP  metformin                                r=0.9984 (kept: FE_metformin_prescribed)
2026-08-04 11:40:57 | INFO     | selector             |     DROP  diabetesMed                              r=1.0 (kept: FE_on_diabetes_med)
2026-08-04 11:40:57 | INFO     | selector             |     DROP  change                                   r=1.0 (kept: FE_med_regimen_changed)
2026-08-04 11:40:57 | INFO     | selector             |     DROP  FE_has_prior_emergency                   r=0.9977 (kept: FE_glycemic_x_emergency)
2026-08-04 11:40:57 | INFO     | selector             |     DROP  FE_high_comorbidity                      r=0.9556 (kept: FE_labs_per_day_x_comorbidity)
2026-08-04 11:40:57 | INFO     | selector             | --------------------------------------------------
2026-08-04 11:40:57 | INFO     | selector             | Stage 3: Mutual Information (drop bottom 20th percentile)
2026-08-04 11:41:09 | INFO     | selector             |   Input    : 53
2026-08-04 11:41:09 | INFO     | selector             |   MI threshold (P20) : 0.000222
2026-08-04 11:41:09 | INFO     | selector             |   Selected : 42
2026-08-04 11:41:09 | INFO     | selector             |   Removed  : 11
2026-08-04 11:41:09 | INFO     | selector             |   Top 10 MI scores:
2026-08-04 11:41:09 | INFO     | selector             |     FE_has_prior_inpatient                        MI=0.010441
2026-08-04 11:41:09 | INFO     | selector             |     weight_missing                                MI=0.008951
2026-08-04 11:41:09 | INFO     | selector             |     discharge_disposition_id                      MI=0.008732
2026-08-04 11:41:09 | INFO     | selector             |     FE_high_prior_utilization                     MI=0.008694
2026-08-04 11:41:09 | INFO     | selector             |     FE_on_diabetes_med                            MI=0.008163
2026-08-04 11:41:09 | INFO     | selector             |     A1Cresult_missing                             MI=0.008076
2026-08-04 11:41:09 | INFO     | selector             |     FE_multi_channel_utilizer                     MI=0.007777
2026-08-04 11:41:09 | INFO     | selector             |     medical_specialty                             MI=0.007538
2026-08-04 11:41:09 | INFO     | selector             |     race                                          MI=0.007009
2026-08-04 11:41:09 | INFO     | selector             |     max_glu_serum_missing                         MI=0.006701
2026-08-04 11:41:09 | INFO     | selector             | --------------------------------------------------
2026-08-04 11:41:09 | INFO     | selector             | Stage 4: Boruta Shadow Feature Selection (n_estimators=200, max_iter=50)
2026-08-04 11:41:21 | INFO     | selector             |   Boruta iter  10/50 — confirmed so far: 0
2026-08-04 11:41:33 | INFO     | selector             |   Boruta iter  20/50 — confirmed so far: 0
2026-08-04 11:41:45 | INFO     | selector             |   Boruta iter  30/50 — confirmed so far: 0
2026-08-04 11:41:57 | INFO     | selector             |   Boruta iter  40/50 — confirmed so far: 0
2026-08-04 11:42:09 | INFO     | selector             |   Boruta iter  50/50 — confirmed so far: 0
2026-08-04 11:42:09 | INFO     | selector             |   Input    : 42
2026-08-04 11:42:09 | INFO     | selector             |   Selected : 1 (confirmed)
2026-08-04 11:42:09 | INFO     | selector             |   Removed  : 41 (tentative/rejected)
2026-08-04 11:42:09 | INFO     | selector             |   Top 10 hit rates:
2026-08-04 11:42:09 | INFO     | selector             |     FE_has_prior_inpatient                        hit_rate=0.92
2026-08-04 11:42:09 | INFO     | selector             |     FE_high_prior_utilization                     hit_rate=0.34
2026-08-04 11:42:09 | INFO     | selector             |     weight_missing                                hit_rate=0.00
2026-08-04 11:42:09 | INFO     | selector             |     discharge_disposition_id                      hit_rate=0.00
2026-08-04 11:42:09 | INFO     | selector             |     FE_on_diabetes_med                            hit_rate=0.00
2026-08-04 11:42:09 | INFO     | selector             |     A1Cresult_missing                             hit_rate=0.00
2026-08-04 11:42:09 | INFO     | selector             |     FE_multi_channel_utilizer                     hit_rate=0.00
2026-08-04 11:42:09 | INFO     | selector             |     medical_specialty                             hit_rate=0.00
2026-08-04 11:42:09 | INFO     | selector             |     race                                          hit_rate=0.00
2026-08-04 11:42:09 | INFO     | selector             |     max_glu_serum_missing                         hit_rate=0.00
2026-08-04 11:42:09 | INFO     | selector             | --------------------------------------------------
2026-08-04 11:42:09 | INFO     | selector             | Stage 5: SHAP Importance (GBM, n_estimators=300)
2026-08-04 11:42:13 | INFO     | selector             |   Input    : 1
2026-08-04 11:42:13 | INFO     | selector             |   SHAP threshold (P20) : 0.360032
2026-08-04 11:42:13 | INFO     | selector             |   Selected : 1
2026-08-04 11:42:13 | INFO     | selector             |   Removed  : 0
2026-08-04 11:42:13 | INFO     | selector             |   Top 15 SHAP scores:
2026-08-04 11:42:13 | INFO     | selector             |     FE_has_prior_inpatient                        SHAP=0.360032
2026-08-04 11:42:13 | INFO     | selector             | --------------------------------------------------
2026-08-04 11:42:13 | INFO     | selector             | Stage 6: Stability Selection (n_bootstrap=50, frac=0.75, threshold=0.6)
2026-08-04 11:42:29 | INFO     | selector             |   Input    : 1
2026-08-04 11:42:29 | INFO     | selector             |   Selected : 1 (stability >= 0.6)
2026-08-04 11:42:29 | INFO     | selector             |   Removed  : 0
2026-08-04 11:42:29 | INFO     | selector             |   Top 15 stability scores:
2026-08-04 11:42:29 | INFO     | selector             |     [✓] FE_has_prior_inpatient                      stability=1.0000
2026-08-04 11:42:29 | INFO     | selector             | --------------------------------------------------
2026-08-04 11:42:29 | INFO     | selector             | Stage 7: Consensus Vote (min_stages=2)
2026-08-04 11:42:29 | INFO     | selector             |   Total features evaluated : 78
2026-08-04 11:42:29 | INFO     | selector             |   Selected (votes >= 2)   : 53
2026-08-04 11:42:29 | INFO     | selector             |   Removed                  : 25
2026-08-04 11:42:29 | INFO     | selector             |   Vote summary (top 20):
2026-08-04 11:42:29 | INFO     | selector             |     [✓] FE_has_prior_inpatient                        votes=6/6
2026-08-04 11:42:29 | INFO     | selector             |     [✓] race                                          votes=3/6
2026-08-04 11:42:29 | INFO     | selector             |     [✓] gender                                        votes=3/6
2026-08-04 11:42:29 | INFO     | selector             |     [✓] age                                           votes=3/6
2026-08-04 11:42:29 | INFO     | selector             |     [✓] admission_type_id                             votes=3/6
2026-08-04 11:42:29 | INFO     | selector             |     [✓] discharge_disposition_id                      votes=3/6
2026-08-04 11:42:29 | INFO     | selector             |     [✓] admission_source_id                           votes=3/6
2026-08-04 11:42:29 | INFO     | selector             |     [✓] time_in_hospital                              votes=3/6
2026-08-04 11:42:29 | INFO     | selector             |     [✓] payer_code                                    votes=3/6
2026-08-04 11:42:29 | INFO     | selector             |     [✓] medical_specialty                             votes=3/6
2026-08-04 11:42:29 | INFO     | selector             |     [✓] number_outpatient                             votes=3/6
2026-08-04 11:42:29 | INFO     | selector             |     [✓] diag_1                                        votes=3/6
2026-08-04 11:42:29 | INFO     | selector             |     [✓] diag_2                                        votes=3/6
2026-08-04 11:42:29 | INFO     | selector             |     [✓] diag_3                                        votes=3/6
2026-08-04 11:42:29 | INFO     | selector             |     [✓] number_diagnoses                              votes=3/6
2026-08-04 11:42:29 | INFO     | selector             |     [✓] glipizide                                     votes=3/6
2026-08-04 11:42:29 | INFO     | selector             |     [✓] rosiglitazone                                 votes=3/6
2026-08-04 11:42:29 | INFO     | selector             |     [✓] weight_missing                                votes=3/6
2026-08-04 11:42:29 | INFO     | selector             |     [✓] max_glu_serum_missing                         votes=3/6
2026-08-04 11:42:29 | INFO     | selector             |     [✓] A1Cresult_missing                             votes=3/6
2026-08-04 11:42:29 | INFO     | selector             |   feature_scores.csv saved -> C:\Users\sharg\Desktop\github\DriftSentinel\outputs\artifacts\feature_scores.csv
2026-08-04 11:42:29 | INFO     | selector             |   Selected feature breakdown:
2026-08-04 11:42:29 | INFO     | selector             |     FE_ features selected : 29
2026-08-04 11:42:29 | INFO     | selector             |     Raw features selected : 24
2026-08-04 11:42:29 | INFO     | selector             |   selected_features.json saved -> C:\Users\sharg\Desktop\github\DriftSentinel\outputs\artifacts\selected_features.json
2026-08-04 11:42:29 | INFO     | selector             |   selector_stage_results.json saved -> C:\Users\sharg\Desktop\github\DriftSentinel\outputs\artifacts\selector_stage_results.json
2026-08-04 11:42:29 | INFO     | selector             |   feature_selector.pkl saved -> C:\Users\sharg\Desktop\github\DriftSentinel\outputs\artifacts\feature_selector.pkl
2026-08-04 11:42:29 | INFO     | selector             | ======================================================================
2026-08-04 11:42:29 | INFO     | selector             | Selection complete — 53 features retained from 78 input features
2026-08-04 11:42:29 | INFO     | selector             | ======================================================================
2026-08-04 11:42:34 | INFO     | selector             | --------------------------------------------------
2026-08-04 11:42:34 | INFO     | selector             | Stage 1: Variance Threshold (threshold=0.01)
2026-08-04 11:42:35 | INFO     | selector             |   Input    : 78 features
2026-08-04 11:42:35 | INFO     | selector             |   Selected : 67
2026-08-04 11:42:35 | INFO     | selector             |   Removed  : 11
2026-08-04 11:42:35 | INFO     | selector             |     DROP  nateglinide                                   var=0.006969
2026-08-04 11:42:35 | INFO     | selector             |     DROP  chlorpropamide                                var=0.001023
2026-08-04 11:42:35 | INFO     | selector             |     DROP  tolbutamide                                   var=0.000295
2026-08-04 11:42:35 | INFO     | selector             |     DROP  acarbose                                      var=0.003238
2026-08-04 11:42:35 | INFO     | selector             |     DROP  miglitol                                      var=0.000335
2026-08-04 11:42:35 | INFO     | selector             |     DROP  tolazamide                                    var=0.000610
2026-08-04 11:42:35 | INFO     | selector             |     DROP  glyburide-metformin                           var=0.004878
2026-08-04 11:42:35 | INFO     | selector             |     DROP  glipizide-metformin                           var=0.000138
2026-08-04 11:42:35 | INFO     | selector             |     DROP  FE_polypharmacy                               var=0.000512
2026-08-04 11:42:35 | INFO     | selector             |     DROP  FE_med_coverage_ratio                         var=0.005273
2026-08-04 11:42:35 | INFO     | selector             |     DROP  FE_inpatient_x_polypharmacy                   var=0.000098
2026-08-04 11:42:35 | INFO     | selector             | --------------------------------------------------
2026-08-04 11:42:35 | INFO     | selector             | Stage 2: Correlation Filter (threshold=0.9)
2026-08-04 11:42:35 | INFO     | selector             |   Input    : 67
2026-08-04 11:42:35 | INFO     | selector             |   Selected : 53
2026-08-04 11:42:35 | INFO     | selector             |   Removed  : 14
2026-08-04 11:42:35 | INFO     | selector             |     DROP  num_lab_procedures                       r=0.982 (kept: FE_total_clinical_contacts)
2026-08-04 11:42:35 | INFO     | selector             |     DROP  num_procedures                           r=0.9499 (kept: FE_procedure_density)
2026-08-04 11:42:35 | INFO     | selector             |     DROP  FE_n_active_ordinal_meds                 r=0.9939 (kept: FE_total_active_meds)
2026-08-04 11:42:35 | INFO     | selector             |     DROP  FE_n_med_changes                         r=0.9982 (kept: FE_any_med_changed)
2026-08-04 11:42:35 | INFO     | selector             |     DROP  FE_procedure_density                     r=0.9047 (kept: FE_no_procedures)
2026-08-04 11:42:35 | INFO     | selector             |     DROP  number_emergency                         r=0.9985 (kept: FE_has_prior_emergency)
2026-08-04 11:42:35 | INFO     | selector             |     DROP  number_inpatient                         r=0.9729 (kept: FE_has_prior_inpatient)
2026-08-04 11:42:35 | INFO     | selector             |     DROP  FE_total_prior_contacts                  r=0.9634 (kept: FE_multi_channel_utilizer)
2026-08-04 11:42:35 | INFO     | selector             |     DROP  insulin                                  r=0.9402 (kept: FE_insulin_prescribed)
2026-08-04 11:42:35 | INFO     | selector             |     DROP  metformin                                r=0.9984 (kept: FE_metformin_prescribed)
2026-08-04 11:42:35 | INFO     | selector             |     DROP  diabetesMed                              r=1.0 (kept: FE_on_diabetes_med)
2026-08-04 11:42:35 | INFO     | selector             |     DROP  change                                   r=1.0 (kept: FE_med_regimen_changed)
2026-08-04 11:42:35 | INFO     | selector             |     DROP  FE_has_prior_emergency                   r=0.9977 (kept: FE_glycemic_x_emergency)
2026-08-04 11:42:35 | INFO     | selector             |     DROP  FE_high_comorbidity                      r=0.9554 (kept: FE_labs_per_day_x_comorbidity)
2026-08-04 11:42:37 | INFO     | selector             | ======================================================================
2026-08-04 11:42:37 | INFO     | selector             | DriftSentinel — Feature Selector  [fit on TRAIN]
2026-08-04 11:42:37 | INFO     | selector             | ======================================================================
2026-08-04 11:42:37 | INFO     | selector             | Input shape : (50791, 79)
2026-08-04 11:42:37 | INFO     | selector             | Feature matrix : 50,791 rows x 78 features
2026-08-04 11:42:37 | INFO     | selector             | Target (binary): {0: 44699, 1: 6092}
2026-08-04 11:42:37 | INFO     | selector             | --------------------------------------------------
2026-08-04 11:42:37 | INFO     | selector             | Stage 1: Variance Threshold (threshold=0.01)
2026-08-04 11:42:37 | INFO     | selector             |   Input    : 78 features
2026-08-04 11:42:37 | INFO     | selector             |   Selected : 67
2026-08-04 11:42:37 | INFO     | selector             |   Removed  : 11
2026-08-04 11:42:37 | INFO     | selector             |     DROP  nateglinide                                   var=0.006969
2026-08-04 11:42:37 | INFO     | selector             |     DROP  chlorpropamide                                var=0.001023
2026-08-04 11:42:37 | INFO     | selector             |     DROP  tolbutamide                                   var=0.000295
2026-08-04 11:42:37 | INFO     | selector             |     DROP  acarbose                                      var=0.003238
2026-08-04 11:42:37 | INFO     | selector             |     DROP  miglitol                                      var=0.000335
2026-08-04 11:42:37 | INFO     | selector             |     DROP  tolazamide                                    var=0.000610
2026-08-04 11:42:37 | INFO     | selector             |     DROP  glyburide-metformin                           var=0.004878
2026-08-04 11:42:37 | INFO     | selector             |     DROP  glipizide-metformin                           var=0.000138
2026-08-04 11:42:37 | INFO     | selector             |     DROP  FE_polypharmacy                               var=0.000512
2026-08-04 11:42:37 | INFO     | selector             |     DROP  FE_med_coverage_ratio                         var=0.005273
2026-08-04 11:42:37 | INFO     | selector             |     DROP  FE_inpatient_x_polypharmacy                   var=0.000098
2026-08-04 11:42:37 | INFO     | selector             | --------------------------------------------------
2026-08-04 11:42:37 | INFO     | selector             | Stage 2: Correlation Filter (threshold=0.9)
2026-08-04 11:42:37 | INFO     | selector             |   Input    : 67
2026-08-04 11:42:37 | INFO     | selector             |   Selected : 53
2026-08-04 11:42:37 | INFO     | selector             |   Removed  : 14
2026-08-04 11:42:37 | INFO     | selector             |     DROP  num_lab_procedures                       r=0.982 (kept: FE_total_clinical_contacts)
2026-08-04 11:42:37 | INFO     | selector             |     DROP  num_procedures                           r=0.9499 (kept: FE_procedure_density)
2026-08-04 11:42:37 | INFO     | selector             |     DROP  FE_n_active_ordinal_meds                 r=0.9939 (kept: FE_total_active_meds)
2026-08-04 11:42:37 | INFO     | selector             |     DROP  FE_n_med_changes                         r=0.9982 (kept: FE_any_med_changed)
2026-08-04 11:42:37 | INFO     | selector             |     DROP  FE_procedure_density                     r=0.9047 (kept: FE_no_procedures)
2026-08-04 11:42:37 | INFO     | selector             |     DROP  number_emergency                         r=0.9985 (kept: FE_has_prior_emergency)
2026-08-04 11:42:37 | INFO     | selector             |     DROP  number_inpatient                         r=0.9729 (kept: FE_has_prior_inpatient)
2026-08-04 11:42:37 | INFO     | selector             |     DROP  FE_total_prior_contacts                  r=0.9634 (kept: FE_multi_channel_utilizer)
2026-08-04 11:42:37 | INFO     | selector             |     DROP  insulin                                  r=0.9402 (kept: FE_insulin_prescribed)
2026-08-04 11:42:37 | INFO     | selector             |     DROP  metformin                                r=0.9984 (kept: FE_metformin_prescribed)
2026-08-04 11:42:37 | INFO     | selector             |     DROP  diabetesMed                              r=1.0 (kept: FE_on_diabetes_med)
2026-08-04 11:42:37 | INFO     | selector             |     DROP  change                                   r=1.0 (kept: FE_med_regimen_changed)
2026-08-04 11:42:37 | INFO     | selector             |     DROP  FE_has_prior_emergency                   r=0.9977 (kept: FE_glycemic_x_emergency)
2026-08-04 11:42:37 | INFO     | selector             |     DROP  FE_high_comorbidity                      r=0.9554 (kept: FE_labs_per_day_x_comorbidity)
2026-08-04 11:42:37 | INFO     | selector             | --------------------------------------------------
2026-08-04 11:42:37 | INFO     | selector             | Stage 3: Mutual Information (drop bottom 20th percentile)
2026-08-04 11:42:48 | INFO     | selector             |   Input    : 53
2026-08-04 11:42:48 | INFO     | selector             |   MI threshold (P20) : 0.000649
2026-08-04 11:42:48 | INFO     | selector             |   Selected : 42
2026-08-04 11:42:48 | INFO     | selector             |   Removed  : 11
2026-08-04 11:42:48 | INFO     | selector             |   Top 10 MI scores:
2026-08-04 11:42:48 | INFO     | selector             |     FE_has_prior_inpatient                        MI=0.009687
2026-08-04 11:42:48 | INFO     | selector             |     FE_on_diabetes_med                            MI=0.009247
2026-08-04 11:42:48 | INFO     | selector             |     FE_insulin_prescribed                         MI=0.008280
2026-08-04 11:42:48 | INFO     | selector             |     discharge_disposition_id                      MI=0.008265
2026-08-04 11:42:48 | INFO     | selector             |     FE_med_regimen_changed                        MI=0.008105
2026-08-04 11:42:48 | INFO     | selector             |     race                                          MI=0.008084
2026-08-04 11:42:48 | INFO     | selector             |     FE_high_prior_utilization                     MI=0.007903
2026-08-04 11:42:48 | INFO     | selector             |     weight_missing                                MI=0.007847
2026-08-04 11:42:48 | INFO     | selector             |     max_glu_serum_missing                         MI=0.007793
2026-08-04 11:42:48 | INFO     | selector             |     number_diagnoses                              MI=0.007140
2026-08-04 11:42:48 | INFO     | selector             | --------------------------------------------------
2026-08-04 11:42:48 | INFO     | selector             | Stage 4: Boruta Shadow Feature Selection (n_estimators=200, max_iter=50)
2026-08-04 11:43:00 | INFO     | selector             |   Boruta iter  10/50 — confirmed so far: 0
2026-08-04 11:43:11 | INFO     | selector             |   Boruta iter  20/50 — confirmed so far: 0
2026-08-04 11:43:23 | INFO     | selector             |   Boruta iter  30/50 — confirmed so far: 0
2026-08-04 11:43:34 | INFO     | selector             |   Boruta iter  40/50 — confirmed so far: 0
2026-08-04 11:43:46 | INFO     | selector             |   Boruta iter  50/50 — confirmed so far: 0
2026-08-04 11:43:46 | INFO     | selector             |   Input    : 42
2026-08-04 11:43:46 | INFO     | selector             |   Selected : 1 (confirmed)
2026-08-04 11:43:46 | INFO     | selector             |   Removed  : 41 (tentative/rejected)
2026-08-04 11:43:46 | INFO     | selector             |   Top 10 hit rates:
2026-08-04 11:43:46 | INFO     | selector             |     FE_has_prior_inpatient                        hit_rate=0.74
2026-08-04 11:43:46 | INFO     | selector             |     FE_high_prior_utilization                     hit_rate=0.48
2026-08-04 11:43:46 | INFO     | selector             |     FE_on_diabetes_med                            hit_rate=0.00
2026-08-04 11:43:46 | INFO     | selector             |     FE_insulin_prescribed                         hit_rate=0.00
2026-08-04 11:43:46 | INFO     | selector             |     discharge_disposition_id                      hit_rate=0.00
2026-08-04 11:43:46 | INFO     | selector             |     FE_med_regimen_changed                        hit_rate=0.00
2026-08-04 11:43:46 | INFO     | selector             |     race                                          hit_rate=0.00
2026-08-04 11:43:46 | INFO     | selector             |     weight_missing                                hit_rate=0.00
2026-08-04 11:43:46 | INFO     | selector             |     max_glu_serum_missing                         hit_rate=0.00
2026-08-04 11:43:46 | INFO     | selector             |     number_diagnoses                              hit_rate=0.00
2026-08-04 11:43:46 | INFO     | selector             | --------------------------------------------------
2026-08-04 11:43:46 | INFO     | selector             | Stage 5: SHAP Importance (GBM, n_estimators=300)
2026-08-04 11:43:49 | INFO     | selector             |   Input    : 1
2026-08-04 11:43:49 | INFO     | selector             |   SHAP threshold (P20) : 0.362739
2026-08-04 11:43:49 | INFO     | selector             |   Selected : 1
2026-08-04 11:43:49 | INFO     | selector             |   Removed  : 0
2026-08-04 11:43:49 | INFO     | selector             |   Top 15 SHAP scores:
2026-08-04 11:43:49 | INFO     | selector             |     FE_has_prior_inpatient                        SHAP=0.362739
2026-08-04 11:43:49 | INFO     | selector             | --------------------------------------------------
2026-08-04 11:43:49 | INFO     | selector             | Stage 6: Stability Selection (n_bootstrap=50, frac=0.75, threshold=0.6)
2026-08-04 11:44:03 | INFO     | selector             |   Input    : 1
2026-08-04 11:44:03 | INFO     | selector             |   Selected : 1 (stability >= 0.6)
2026-08-04 11:44:03 | INFO     | selector             |   Removed  : 0
2026-08-04 11:44:03 | INFO     | selector             |   Top 15 stability scores:
2026-08-04 11:44:03 | INFO     | selector             |     [✓] FE_has_prior_inpatient                      stability=1.0000
2026-08-04 11:44:03 | INFO     | selector             | --------------------------------------------------
2026-08-04 11:44:03 | INFO     | selector             | Stage 7: Consensus Vote (min_stages=2)
2026-08-04 11:44:03 | INFO     | selector             |   Total features evaluated : 78
2026-08-04 11:44:03 | INFO     | selector             |   Selected (votes >= 2)   : 53
2026-08-04 11:44:03 | INFO     | selector             |   Removed                  : 25
2026-08-04 11:44:03 | INFO     | selector             |   Vote summary (top 20):
2026-08-04 11:44:03 | INFO     | selector             |     [✓] FE_has_prior_inpatient                        votes=6/6
2026-08-04 11:44:03 | INFO     | selector             |     [✓] race                                          votes=3/6
2026-08-04 11:44:03 | INFO     | selector             |     [✓] gender                                        votes=3/6
2026-08-04 11:44:03 | INFO     | selector             |     [✓] age                                           votes=3/6
2026-08-04 11:44:03 | INFO     | selector             |     [✓] admission_type_id                             votes=3/6
2026-08-04 11:44:03 | INFO     | selector             |     [✓] discharge_disposition_id                      votes=3/6
2026-08-04 11:44:03 | INFO     | selector             |     [✓] admission_source_id                           votes=3/6
2026-08-04 11:44:03 | INFO     | selector             |     [✓] payer_code                                    votes=3/6
2026-08-04 11:44:03 | INFO     | selector             |     [✓] medical_specialty                             votes=3/6
2026-08-04 11:44:03 | INFO     | selector             |     [✓] diag_1                                        votes=3/6
2026-08-04 11:44:03 | INFO     | selector             |     [✓] diag_2                                        votes=3/6
2026-08-04 11:44:03 | INFO     | selector             |     [✓] diag_3                                        votes=3/6
2026-08-04 11:44:03 | INFO     | selector             |     [✓] number_diagnoses                              votes=3/6
2026-08-04 11:44:03 | INFO     | selector             |     [✓] repaglinide                                   votes=3/6
2026-08-04 11:44:03 | INFO     | selector             |     [✓] pioglitazone                                  votes=3/6
2026-08-04 11:44:03 | INFO     | selector             |     [✓] rosiglitazone                                 votes=3/6
2026-08-04 11:44:03 | INFO     | selector             |     [✓] weight_missing                                votes=3/6
2026-08-04 11:44:03 | INFO     | selector             |     [✓] max_glu_serum_missing                         votes=3/6
2026-08-04 11:44:03 | INFO     | selector             |     [✓] A1Cresult_missing                             votes=3/6
2026-08-04 11:44:03 | INFO     | selector             |     [✓] FE_total_clinical_contacts                    votes=3/6
2026-08-04 11:44:03 | INFO     | selector             |   feature_scores.csv saved -> C:\Users\sharg\Desktop\github\DriftSentinel\outputs\artifacts\feature_scores.csv
2026-08-04 11:44:03 | INFO     | selector             |   Selected feature breakdown:
2026-08-04 11:44:03 | INFO     | selector             |     FE_ features selected : 29
2026-08-04 11:44:03 | INFO     | selector             |     Raw features selected : 24
2026-08-04 11:44:03 | INFO     | selector             |   selected_features.json saved -> C:\Users\sharg\Desktop\github\DriftSentinel\outputs\artifacts\selected_features.json
2026-08-04 11:44:03 | INFO     | selector             |   selector_stage_results.json saved -> C:\Users\sharg\Desktop\github\DriftSentinel\outputs\artifacts\selector_stage_results.json
2026-08-04 11:44:03 | INFO     | selector             |   feature_selector.pkl saved -> C:\Users\sharg\Desktop\github\DriftSentinel\outputs\artifacts\feature_selector.pkl
2026-08-04 11:44:03 | INFO     | selector             | ======================================================================
2026-08-04 11:44:03 | INFO     | selector             | Selection complete — 53 features retained from 78 input features
2026-08-04 11:44:03 | INFO     | selector             | ======================================================================
2026-08-04 11:44:10 | INFO     | selector             | --------------------------------------------------
2026-08-04 11:44:10 | INFO     | selector             | Stage 1: Variance Threshold (threshold=0.01)
2026-08-04 11:44:10 | INFO     | selector             |   Input    : 78 features
2026-08-04 11:44:10 | INFO     | selector             |   Selected : 67
2026-08-04 11:44:10 | INFO     | selector             |   Removed  : 11
2026-08-04 11:44:10 | INFO     | selector             |     DROP  nateglinide                                   var=0.006754
2026-08-04 11:44:10 | INFO     | selector             |     DROP  chlorpropamide                                var=0.001258
2026-08-04 11:44:10 | INFO     | selector             |     DROP  tolbutamide                                   var=0.000374
2026-08-04 11:44:10 | INFO     | selector             |     DROP  acarbose                                      var=0.002905
2026-08-04 11:44:10 | INFO     | selector             |     DROP  miglitol                                      var=0.000551
2026-08-04 11:44:10 | INFO     | selector             |     DROP  tolazamide                                    var=0.000649
2026-08-04 11:44:10 | INFO     | selector             |     DROP  glyburide-metformin                           var=0.004742
2026-08-04 11:44:10 | INFO     | selector             |     DROP  glipizide-metformin                           var=0.000157
2026-08-04 11:44:10 | INFO     | selector             |     DROP  FE_polypharmacy                               var=0.000472
2026-08-04 11:44:10 | INFO     | selector             |     DROP  FE_med_coverage_ratio                         var=0.005293
2026-08-04 11:44:10 | INFO     | selector             |     DROP  FE_inpatient_x_polypharmacy                   var=0.000098
2026-08-04 11:44:10 | INFO     | selector             | --------------------------------------------------
2026-08-04 11:44:10 | INFO     | selector             | Stage 2: Correlation Filter (threshold=0.9)
2026-08-04 11:44:11 | INFO     | selector             |   Input    : 67
2026-08-04 11:44:11 | INFO     | selector             |   Selected : 53
2026-08-04 11:44:11 | INFO     | selector             |   Removed  : 14
2026-08-04 11:44:11 | INFO     | selector             |     DROP  num_lab_procedures                       r=0.9821 (kept: FE_total_clinical_contacts)
2026-08-04 11:44:11 | INFO     | selector             |     DROP  num_procedures                           r=0.9502 (kept: FE_procedure_density)
2026-08-04 11:44:11 | INFO     | selector             |     DROP  FE_n_active_ordinal_meds                 r=0.9935 (kept: FE_total_active_meds)
2026-08-04 11:44:11 | INFO     | selector             |     DROP  FE_n_med_changes                         r=0.9983 (kept: FE_any_med_changed)
2026-08-04 11:44:11 | INFO     | selector             |     DROP  FE_procedure_density                     r=0.9047 (kept: FE_no_procedures)
2026-08-04 11:44:11 | INFO     | selector             |     DROP  number_emergency                         r=0.9986 (kept: FE_has_prior_emergency)
2026-08-04 11:44:11 | INFO     | selector             |     DROP  number_inpatient                         r=0.9728 (kept: FE_has_prior_inpatient)
2026-08-04 11:44:11 | INFO     | selector             |     DROP  FE_total_prior_contacts                  r=0.9626 (kept: FE_multi_channel_utilizer)
2026-08-04 11:44:11 | INFO     | selector             |     DROP  insulin                                  r=0.9412 (kept: FE_insulin_prescribed)
2026-08-04 11:44:11 | INFO     | selector             |     DROP  metformin                                r=0.9984 (kept: FE_metformin_prescribed)
2026-08-04 11:44:11 | INFO     | selector             |     DROP  diabetesMed                              r=1.0 (kept: FE_on_diabetes_med)
2026-08-04 11:44:11 | INFO     | selector             |     DROP  change                                   r=1.0 (kept: FE_med_regimen_changed)
2026-08-04 11:44:11 | INFO     | selector             |     DROP  FE_has_prior_emergency                   r=0.9976 (kept: FE_glycemic_x_emergency)
2026-08-04 11:44:11 | INFO     | selector             |     DROP  FE_high_comorbidity                      r=0.9554 (kept: FE_labs_per_day_x_comorbidity)
2026-08-04 11:44:12 | INFO     | selector             | ======================================================================
2026-08-04 11:44:12 | INFO     | selector             | DriftSentinel — Feature Selector  [fit on TRAIN]
2026-08-04 11:44:12 | INFO     | selector             | ======================================================================
2026-08-04 11:44:12 | INFO     | selector             | Input shape : (50795, 79)
2026-08-04 11:44:12 | INFO     | selector             | Feature matrix : 50,795 rows x 78 features
2026-08-04 11:44:12 | INFO     | selector             | Target (binary): {0: 44701, 1: 6094}
2026-08-04 11:44:12 | INFO     | selector             | --------------------------------------------------
2026-08-04 11:44:12 | INFO     | selector             | Stage 1: Variance Threshold (threshold=0.01)
2026-08-04 11:44:13 | INFO     | selector             |   Input    : 78 features
2026-08-04 11:44:13 | INFO     | selector             |   Selected : 67
2026-08-04 11:44:13 | INFO     | selector             |   Removed  : 11
2026-08-04 11:44:13 | INFO     | selector             |     DROP  nateglinide                                   var=0.006754
2026-08-04 11:44:13 | INFO     | selector             |     DROP  chlorpropamide                                var=0.001258
2026-08-04 11:44:13 | INFO     | selector             |     DROP  tolbutamide                                   var=0.000374
2026-08-04 11:44:13 | INFO     | selector             |     DROP  acarbose                                      var=0.002905
2026-08-04 11:44:13 | INFO     | selector             |     DROP  miglitol                                      var=0.000551
2026-08-04 11:44:13 | INFO     | selector             |     DROP  tolazamide                                    var=0.000649
2026-08-04 11:44:13 | INFO     | selector             |     DROP  glyburide-metformin                           var=0.004742
2026-08-04 11:44:13 | INFO     | selector             |     DROP  glipizide-metformin                           var=0.000157
2026-08-04 11:44:13 | INFO     | selector             |     DROP  FE_polypharmacy                               var=0.000472
2026-08-04 11:44:13 | INFO     | selector             |     DROP  FE_med_coverage_ratio                         var=0.005293
2026-08-04 11:44:13 | INFO     | selector             |     DROP  FE_inpatient_x_polypharmacy                   var=0.000098
2026-08-04 11:44:13 | INFO     | selector             | --------------------------------------------------
2026-08-04 11:44:13 | INFO     | selector             | Stage 2: Correlation Filter (threshold=0.9)
2026-08-04 11:44:13 | INFO     | selector             |   Input    : 67
2026-08-04 11:44:13 | INFO     | selector             |   Selected : 53
2026-08-04 11:44:13 | INFO     | selector             |   Removed  : 14
2026-08-04 11:44:13 | INFO     | selector             |     DROP  num_lab_procedures                       r=0.9821 (kept: FE_total_clinical_contacts)
2026-08-04 11:44:13 | INFO     | selector             |     DROP  num_procedures                           r=0.9502 (kept: FE_procedure_density)
2026-08-04 11:44:13 | INFO     | selector             |     DROP  FE_n_active_ordinal_meds                 r=0.9935 (kept: FE_total_active_meds)
2026-08-04 11:44:13 | INFO     | selector             |     DROP  FE_n_med_changes                         r=0.9983 (kept: FE_any_med_changed)
2026-08-04 11:44:13 | INFO     | selector             |     DROP  FE_procedure_density                     r=0.9047 (kept: FE_no_procedures)
2026-08-04 11:44:13 | INFO     | selector             |     DROP  number_emergency                         r=0.9986 (kept: FE_has_prior_emergency)
2026-08-04 11:44:13 | INFO     | selector             |     DROP  number_inpatient                         r=0.9728 (kept: FE_has_prior_inpatient)
2026-08-04 11:44:13 | INFO     | selector             |     DROP  FE_total_prior_contacts                  r=0.9626 (kept: FE_multi_channel_utilizer)
2026-08-04 11:44:13 | INFO     | selector             |     DROP  insulin                                  r=0.9412 (kept: FE_insulin_prescribed)
2026-08-04 11:44:13 | INFO     | selector             |     DROP  metformin                                r=0.9984 (kept: FE_metformin_prescribed)
2026-08-04 11:44:13 | INFO     | selector             |     DROP  diabetesMed                              r=1.0 (kept: FE_on_diabetes_med)
2026-08-04 11:44:13 | INFO     | selector             |     DROP  change                                   r=1.0 (kept: FE_med_regimen_changed)
2026-08-04 11:44:13 | INFO     | selector             |     DROP  FE_has_prior_emergency                   r=0.9976 (kept: FE_glycemic_x_emergency)
2026-08-04 11:44:13 | INFO     | selector             |     DROP  FE_high_comorbidity                      r=0.9554 (kept: FE_labs_per_day_x_comorbidity)
2026-08-04 11:44:13 | INFO     | selector             | --------------------------------------------------
2026-08-04 11:44:13 | INFO     | selector             | Stage 3: Mutual Information (drop bottom 20th percentile)
2026-08-04 11:44:24 | INFO     | selector             |   Input    : 53
2026-08-04 11:44:24 | INFO     | selector             |   MI threshold (P20) : 0.000212
2026-08-04 11:44:24 | INFO     | selector             |   Selected : 42
2026-08-04 11:44:24 | INFO     | selector             |   Removed  : 11
2026-08-04 11:44:24 | INFO     | selector             |   Top 10 MI scores:
2026-08-04 11:44:24 | INFO     | selector             |     FE_has_prior_inpatient                        MI=0.012233
2026-08-04 11:44:24 | INFO     | selector             |     FE_multi_channel_utilizer                     MI=0.010161
2026-08-04 11:44:24 | INFO     | selector             |     weight_missing                                MI=0.009581
2026-08-04 11:44:24 | INFO     | selector             |     FE_on_diabetes_med                            MI=0.009282
2026-08-04 11:44:24 | INFO     | selector             |     race                                          MI=0.009011
2026-08-04 11:44:24 | INFO     | selector             |     FE_high_prior_utilization                     MI=0.008379
2026-08-04 11:44:24 | INFO     | selector             |     FE_med_regimen_changed                        MI=0.008371
2026-08-04 11:44:24 | INFO     | selector             |     discharge_disposition_id                      MI=0.007487
2026-08-04 11:44:24 | INFO     | selector             |     A1Cresult_missing                             MI=0.007129
2026-08-04 11:44:24 | INFO     | selector             |     medical_specialty                             MI=0.005811
2026-08-04 11:44:24 | INFO     | selector             | --------------------------------------------------
2026-08-04 11:44:24 | INFO     | selector             | Stage 4: Boruta Shadow Feature Selection (n_estimators=200, max_iter=50)
2026-08-04 11:44:36 | INFO     | selector             |   Boruta iter  10/50 — confirmed so far: 0
2026-08-04 11:44:49 | INFO     | selector             |   Boruta iter  20/50 — confirmed so far: 0
2026-08-04 11:45:01 | INFO     | selector             |   Boruta iter  30/50 — confirmed so far: 0
2026-08-04 11:45:13 | INFO     | selector             |   Boruta iter  40/50 — confirmed so far: 0
2026-08-04 11:45:25 | INFO     | selector             |   Boruta iter  50/50 — confirmed so far: 0
2026-08-04 11:45:25 | INFO     | selector             |   Input    : 42
2026-08-04 11:45:25 | INFO     | selector             |   Selected : 1 (confirmed)
2026-08-04 11:45:25 | INFO     | selector             |   Removed  : 41 (tentative/rejected)
2026-08-04 11:45:25 | INFO     | selector             |   Top 10 hit rates:
2026-08-04 11:45:25 | INFO     | selector             |     FE_has_prior_inpatient                        hit_rate=0.78
2026-08-04 11:45:25 | INFO     | selector             |     FE_high_prior_utilization                     hit_rate=0.20
2026-08-04 11:45:25 | INFO     | selector             |     FE_multi_channel_utilizer                     hit_rate=0.00
2026-08-04 11:45:25 | INFO     | selector             |     weight_missing                                hit_rate=0.00
2026-08-04 11:45:25 | INFO     | selector             |     FE_on_diabetes_med                            hit_rate=0.00
2026-08-04 11:45:25 | INFO     | selector             |     race                                          hit_rate=0.00
2026-08-04 11:45:25 | INFO     | selector             |     FE_med_regimen_changed                        hit_rate=0.00
2026-08-04 11:45:25 | INFO     | selector             |     discharge_disposition_id                      hit_rate=0.00
2026-08-04 11:45:25 | INFO     | selector             |     A1Cresult_missing                             hit_rate=0.00
2026-08-04 11:45:25 | INFO     | selector             |     medical_specialty                             hit_rate=0.00
2026-08-04 11:45:25 | INFO     | selector             | --------------------------------------------------
2026-08-04 11:45:25 | INFO     | selector             | Stage 5: SHAP Importance (GBM, n_estimators=300)
2026-08-04 11:45:29 | INFO     | selector             |   Input    : 1
2026-08-04 11:45:29 | INFO     | selector             |   SHAP threshold (P20) : 0.357310
2026-08-04 11:45:29 | INFO     | selector             |   Selected : 1
2026-08-04 11:45:29 | INFO     | selector             |   Removed  : 0
2026-08-04 11:45:29 | INFO     | selector             |   Top 15 SHAP scores:
2026-08-04 11:45:29 | INFO     | selector             |     FE_has_prior_inpatient                        SHAP=0.357310
2026-08-04 11:45:29 | INFO     | selector             | --------------------------------------------------
2026-08-04 11:45:29 | INFO     | selector             | Stage 6: Stability Selection (n_bootstrap=50, frac=0.75, threshold=0.6)
2026-08-04 11:45:43 | INFO     | selector             |   Input    : 1
2026-08-04 11:45:43 | INFO     | selector             |   Selected : 1 (stability >= 0.6)
2026-08-04 11:45:43 | INFO     | selector             |   Removed  : 0
2026-08-04 11:45:43 | INFO     | selector             |   Top 15 stability scores:
2026-08-04 11:45:43 | INFO     | selector             |     [✓] FE_has_prior_inpatient                      stability=1.0000
2026-08-04 11:45:43 | INFO     | selector             | --------------------------------------------------
2026-08-04 11:45:43 | INFO     | selector             | Stage 7: Consensus Vote (min_stages=2)
2026-08-04 11:45:43 | INFO     | selector             |   Total features evaluated : 78
2026-08-04 11:45:43 | INFO     | selector             |   Selected (votes >= 2)   : 53
2026-08-04 11:45:43 | INFO     | selector             |   Removed                  : 25
2026-08-04 11:45:43 | INFO     | selector             |   Vote summary (top 20):
2026-08-04 11:45:43 | INFO     | selector             |     [✓] FE_has_prior_inpatient                        votes=6/6
2026-08-04 11:45:43 | INFO     | selector             |     [✓] race                                          votes=3/6
2026-08-04 11:45:43 | INFO     | selector             |     [✓] gender                                        votes=3/6
2026-08-04 11:45:43 | INFO     | selector             |     [✓] age                                           votes=3/6
2026-08-04 11:45:43 | INFO     | selector             |     [✓] admission_type_id                             votes=3/6
2026-08-04 11:45:43 | INFO     | selector             |     [✓] discharge_disposition_id                      votes=3/6
2026-08-04 11:45:43 | INFO     | selector             |     [✓] admission_source_id                           votes=3/6
2026-08-04 11:45:43 | INFO     | selector             |     [✓] time_in_hospital                              votes=3/6
2026-08-04 11:45:43 | INFO     | selector             |     [✓] payer_code                                    votes=3/6
2026-08-04 11:45:43 | INFO     | selector             |     [✓] medical_specialty                             votes=3/6
2026-08-04 11:45:43 | INFO     | selector             |     [✓] number_outpatient                             votes=3/6
2026-08-04 11:45:43 | INFO     | selector             |     [✓] diag_1                                        votes=3/6
2026-08-04 11:45:43 | INFO     | selector             |     [✓] diag_2                                        votes=3/6
2026-08-04 11:45:43 | INFO     | selector             |     [✓] diag_3                                        votes=3/6
2026-08-04 11:45:43 | INFO     | selector             |     [✓] number_diagnoses                              votes=3/6
2026-08-04 11:45:43 | INFO     | selector             |     [✓] glimepiride                                   votes=3/6
2026-08-04 11:45:43 | INFO     | selector             |     [✓] glyburide                                     votes=3/6
2026-08-04 11:45:43 | INFO     | selector             |     [✓] pioglitazone                                  votes=3/6
2026-08-04 11:45:43 | INFO     | selector             |     [✓] weight_missing                                votes=3/6
2026-08-04 11:45:43 | INFO     | selector             |     [✓] max_glu_serum_missing                         votes=3/6
2026-08-04 11:45:43 | INFO     | selector             |   feature_scores.csv saved -> C:\Users\sharg\Desktop\github\DriftSentinel\outputs\artifacts\feature_scores.csv
2026-08-04 11:45:43 | INFO     | selector             |   Selected feature breakdown:
2026-08-04 11:45:43 | INFO     | selector             |     FE_ features selected : 29
2026-08-04 11:45:43 | INFO     | selector             |     Raw features selected : 24
2026-08-04 11:45:43 | INFO     | selector             |   selected_features.json saved -> C:\Users\sharg\Desktop\github\DriftSentinel\outputs\artifacts\selected_features.json
2026-08-04 11:45:43 | INFO     | selector             |   selector_stage_results.json saved -> C:\Users\sharg\Desktop\github\DriftSentinel\outputs\artifacts\selector_stage_results.json
2026-08-04 11:45:43 | INFO     | selector             |   feature_selector.pkl saved -> C:\Users\sharg\Desktop\github\DriftSentinel\outputs\artifacts\feature_selector.pkl
2026-08-04 11:45:43 | INFO     | selector             | ======================================================================
2026-08-04 11:45:43 | INFO     | selector             | Selection complete — 53 features retained from 78 input features
2026-08-04 11:45:43 | INFO     | selector             | ======================================================================
2026-08-04 11:45:50 | INFO     | selector             | --------------------------------------------------
2026-08-04 11:45:50 | INFO     | selector             | Stage 1: Variance Threshold (threshold=0.01)
2026-08-04 11:45:50 | INFO     | selector             |   Input    : 78 features
2026-08-04 11:45:50 | INFO     | selector             |   Selected : 67
2026-08-04 11:45:50 | INFO     | selector             |   Removed  : 11
2026-08-04 11:45:50 | INFO     | selector             |     DROP  nateglinide                                   var=0.006460
2026-08-04 11:45:50 | INFO     | selector             |     DROP  chlorpropamide                                var=0.001180
2026-08-04 11:45:50 | INFO     | selector             |     DROP  tolbutamide                                   var=0.000276
2026-08-04 11:45:50 | INFO     | selector             |     DROP  acarbose                                      var=0.003296
2026-08-04 11:45:50 | INFO     | selector             |     DROP  miglitol                                      var=0.000413
2026-08-04 11:45:50 | INFO     | selector             |     DROP  tolazamide                                    var=0.000571
2026-08-04 11:45:50 | INFO     | selector             |     DROP  glyburide-metformin                           var=0.004859
2026-08-04 11:45:50 | INFO     | selector             |     DROP  glipizide-metformin                           var=0.000098
2026-08-04 11:45:50 | INFO     | selector             |     DROP  FE_polypharmacy                               var=0.000512
2026-08-04 11:45:50 | INFO     | selector             |     DROP  FE_med_coverage_ratio                         var=0.005298
2026-08-04 11:45:50 | INFO     | selector             |     DROP  FE_inpatient_x_polypharmacy                   var=0.000118
2026-08-04 11:45:50 | INFO     | selector             | --------------------------------------------------
2026-08-04 11:45:50 | INFO     | selector             | Stage 2: Correlation Filter (threshold=0.9)
2026-08-04 11:45:50 | INFO     | selector             |   Input    : 67
2026-08-04 11:45:50 | INFO     | selector             |   Selected : 53
2026-08-04 11:45:50 | INFO     | selector             |   Removed  : 14
2026-08-04 11:45:50 | INFO     | selector             |     DROP  num_lab_procedures                       r=0.9822 (kept: FE_total_clinical_contacts)
2026-08-04 11:45:50 | INFO     | selector             |     DROP  num_procedures                           r=0.9501 (kept: FE_procedure_density)
2026-08-04 11:45:50 | INFO     | selector             |     DROP  FE_n_active_ordinal_meds                 r=0.9935 (kept: FE_total_active_meds)
2026-08-04 11:45:50 | INFO     | selector             |     DROP  FE_n_med_changes                         r=0.9981 (kept: FE_any_med_changed)
2026-08-04 11:45:50 | INFO     | selector             |     DROP  FE_procedure_density                     r=0.9048 (kept: FE_no_procedures)
2026-08-04 11:45:50 | INFO     | selector             |     DROP  number_emergency                         r=0.9986 (kept: FE_has_prior_emergency)
2026-08-04 11:45:50 | INFO     | selector             |     DROP  number_inpatient                         r=0.9731 (kept: FE_has_prior_inpatient)
2026-08-04 11:45:50 | INFO     | selector             |     DROP  FE_total_prior_contacts                  r=0.9636 (kept: FE_multi_channel_utilizer)
2026-08-04 11:45:50 | INFO     | selector             |     DROP  insulin                                  r=0.9406 (kept: FE_insulin_prescribed)
2026-08-04 11:45:50 | INFO     | selector             |     DROP  metformin                                r=0.9984 (kept: FE_metformin_prescribed)
2026-08-04 11:45:50 | INFO     | selector             |     DROP  diabetesMed                              r=1.0 (kept: FE_on_diabetes_med)
2026-08-04 11:45:50 | INFO     | selector             |     DROP  change                                   r=1.0 (kept: FE_med_regimen_changed)
2026-08-04 11:45:50 | INFO     | selector             |     DROP  FE_has_prior_emergency                   r=0.9978 (kept: FE_glycemic_x_emergency)
2026-08-04 11:45:50 | INFO     | selector             |     DROP  FE_high_comorbidity                      r=0.9548 (kept: FE_labs_per_day_x_comorbidity)
2026-08-04 11:45:52 | INFO     | selector             | ======================================================================
2026-08-04 11:45:52 | INFO     | selector             | DriftSentinel — Feature Selector  [fit on TRAIN]
2026-08-04 11:45:52 | INFO     | selector             | ======================================================================
2026-08-04 11:45:52 | INFO     | selector             | Input shape : (50795, 79)
2026-08-04 11:45:52 | INFO     | selector             | Feature matrix : 50,795 rows x 78 features
2026-08-04 11:45:52 | INFO     | selector             | Target (binary): {0: 44701, 1: 6094}
2026-08-04 11:45:52 | INFO     | selector             | --------------------------------------------------
2026-08-04 11:45:52 | INFO     | selector             | Stage 1: Variance Threshold (threshold=0.01)
2026-08-04 11:45:52 | INFO     | selector             |   Input    : 78 features
2026-08-04 11:45:52 | INFO     | selector             |   Selected : 67
2026-08-04 11:45:52 | INFO     | selector             |   Removed  : 11
2026-08-04 11:45:52 | INFO     | selector             |     DROP  nateglinide                                   var=0.006460
2026-08-04 11:45:52 | INFO     | selector             |     DROP  chlorpropamide                                var=0.001180
2026-08-04 11:45:52 | INFO     | selector             |     DROP  tolbutamide                                   var=0.000276
2026-08-04 11:45:52 | INFO     | selector             |     DROP  acarbose                                      var=0.003296
2026-08-04 11:45:52 | INFO     | selector             |     DROP  miglitol                                      var=0.000413
2026-08-04 11:45:52 | INFO     | selector             |     DROP  tolazamide                                    var=0.000571
2026-08-04 11:45:52 | INFO     | selector             |     DROP  glyburide-metformin                           var=0.004859
2026-08-04 11:45:52 | INFO     | selector             |     DROP  glipizide-metformin                           var=0.000098
2026-08-04 11:45:52 | INFO     | selector             |     DROP  FE_polypharmacy                               var=0.000512
2026-08-04 11:45:52 | INFO     | selector             |     DROP  FE_med_coverage_ratio                         var=0.005298
2026-08-04 11:45:52 | INFO     | selector             |     DROP  FE_inpatient_x_polypharmacy                   var=0.000118
2026-08-04 11:45:52 | INFO     | selector             | --------------------------------------------------
2026-08-04 11:45:52 | INFO     | selector             | Stage 2: Correlation Filter (threshold=0.9)
2026-08-04 11:45:53 | INFO     | selector             |   Input    : 67
2026-08-04 11:45:53 | INFO     | selector             |   Selected : 53
2026-08-04 11:45:53 | INFO     | selector             |   Removed  : 14
2026-08-04 11:45:53 | INFO     | selector             |     DROP  num_lab_procedures                       r=0.9822 (kept: FE_total_clinical_contacts)
2026-08-04 11:45:53 | INFO     | selector             |     DROP  num_procedures                           r=0.9501 (kept: FE_procedure_density)
2026-08-04 11:45:53 | INFO     | selector             |     DROP  FE_n_active_ordinal_meds                 r=0.9935 (kept: FE_total_active_meds)
2026-08-04 11:45:53 | INFO     | selector             |     DROP  FE_n_med_changes                         r=0.9981 (kept: FE_any_med_changed)
2026-08-04 11:45:53 | INFO     | selector             |     DROP  FE_procedure_density                     r=0.9048 (kept: FE_no_procedures)
2026-08-04 11:45:53 | INFO     | selector             |     DROP  number_emergency                         r=0.9986 (kept: FE_has_prior_emergency)
2026-08-04 11:45:53 | INFO     | selector             |     DROP  number_inpatient                         r=0.9731 (kept: FE_has_prior_inpatient)
2026-08-04 11:45:53 | INFO     | selector             |     DROP  FE_total_prior_contacts                  r=0.9636 (kept: FE_multi_channel_utilizer)
2026-08-04 11:45:53 | INFO     | selector             |     DROP  insulin                                  r=0.9406 (kept: FE_insulin_prescribed)
2026-08-04 11:45:53 | INFO     | selector             |     DROP  metformin                                r=0.9984 (kept: FE_metformin_prescribed)
2026-08-04 11:45:53 | INFO     | selector             |     DROP  diabetesMed                              r=1.0 (kept: FE_on_diabetes_med)
2026-08-04 11:45:53 | INFO     | selector             |     DROP  change                                   r=1.0 (kept: FE_med_regimen_changed)
2026-08-04 11:45:53 | INFO     | selector             |     DROP  FE_has_prior_emergency                   r=0.9978 (kept: FE_glycemic_x_emergency)
2026-08-04 11:45:53 | INFO     | selector             |     DROP  FE_high_comorbidity                      r=0.9548 (kept: FE_labs_per_day_x_comorbidity)
2026-08-04 11:45:53 | INFO     | selector             | --------------------------------------------------
2026-08-04 11:45:53 | INFO     | selector             | Stage 3: Mutual Information (drop bottom 20th percentile)
2026-08-04 11:46:04 | INFO     | selector             |   Input    : 53
2026-08-04 11:46:04 | INFO     | selector             |   MI threshold (P20) : 0.000183
2026-08-04 11:46:04 | INFO     | selector             |   Selected : 42
2026-08-04 11:46:04 | INFO     | selector             |   Removed  : 11
2026-08-04 11:46:04 | INFO     | selector             |   Top 10 MI scores:
2026-08-04 11:46:04 | INFO     | selector             |     FE_has_prior_inpatient                        MI=0.012127
2026-08-04 11:46:04 | INFO     | selector             |     FE_multi_channel_utilizer                     MI=0.011267
2026-08-04 11:46:04 | INFO     | selector             |     race                                          MI=0.009745
2026-08-04 11:46:04 | INFO     | selector             |     FE_med_regimen_changed                        MI=0.008875
2026-08-04 11:46:04 | INFO     | selector             |     discharge_disposition_id                      MI=0.008783
2026-08-04 11:46:04 | INFO     | selector             |     weight_missing                                MI=0.008583
2026-08-04 11:46:04 | INFO     | selector             |     A1Cresult_missing                             MI=0.008009
2026-08-04 11:46:04 | INFO     | selector             |     FE_high_prior_utilization                     MI=0.007654
2026-08-04 11:46:04 | INFO     | selector             |     FE_on_diabetes_med                            MI=0.007501
2026-08-04 11:46:04 | INFO     | selector             |     max_glu_serum_missing                         MI=0.007466
2026-08-04 11:46:04 | INFO     | selector             | --------------------------------------------------
2026-08-04 11:46:04 | INFO     | selector             | Stage 4: Boruta Shadow Feature Selection (n_estimators=200, max_iter=50)
2026-08-04 11:46:17 | INFO     | selector             |   Boruta iter  10/50 — confirmed so far: 0
2026-08-04 11:46:29 | INFO     | selector             |   Boruta iter  20/50 — confirmed so far: 0
2026-08-04 11:46:42 | INFO     | selector             |   Boruta iter  30/50 — confirmed so far: 0
2026-08-04 11:46:55 | INFO     | selector             |   Boruta iter  40/50 — confirmed so far: 0
2026-08-04 11:47:08 | INFO     | selector             |   Boruta iter  50/50 — confirmed so far: 0
2026-08-04 11:47:08 | INFO     | selector             |   Input    : 42
2026-08-04 11:47:08 | INFO     | selector             |   Selected : 2 (confirmed)
2026-08-04 11:47:08 | INFO     | selector             |   Removed  : 40 (tentative/rejected)
2026-08-04 11:47:08 | INFO     | selector             |   Top 10 hit rates:
2026-08-04 11:47:08 | INFO     | selector             |     FE_high_prior_utilization                     hit_rate=0.84
2026-08-04 11:47:08 | INFO     | selector             |     FE_has_prior_inpatient                        hit_rate=0.70
2026-08-04 11:47:08 | INFO     | selector             |     FE_multi_channel_utilizer                     hit_rate=0.00
2026-08-04 11:47:08 | INFO     | selector             |     race                                          hit_rate=0.00
2026-08-04 11:47:08 | INFO     | selector             |     FE_med_regimen_changed                        hit_rate=0.00
2026-08-04 11:47:08 | INFO     | selector             |     discharge_disposition_id                      hit_rate=0.00
2026-08-04 11:47:08 | INFO     | selector             |     weight_missing                                hit_rate=0.00
2026-08-04 11:47:08 | INFO     | selector             |     A1Cresult_missing                             hit_rate=0.00
2026-08-04 11:47:08 | INFO     | selector             |     FE_on_diabetes_med                            hit_rate=0.00
2026-08-04 11:47:08 | INFO     | selector             |     max_glu_serum_missing                         hit_rate=0.00
2026-08-04 11:47:08 | INFO     | selector             | --------------------------------------------------
2026-08-04 11:47:08 | INFO     | selector             | Stage 5: SHAP Importance (GBM, n_estimators=300)
2026-08-04 11:47:14 | INFO     | selector             |   Input    : 2
2026-08-04 11:47:14 | INFO     | selector             |   SHAP threshold (P20) : 0.198923
2026-08-04 11:47:14 | INFO     | selector             |   Selected : 1
2026-08-04 11:47:14 | INFO     | selector             |   Removed  : 1
2026-08-04 11:47:14 | INFO     | selector             |   Top 15 SHAP scores:
2026-08-04 11:47:14 | INFO     | selector             |     FE_has_prior_inpatient                        SHAP=0.248532
2026-08-04 11:47:14 | INFO     | selector             |     FE_high_prior_utilization                     SHAP=0.186521
2026-08-04 11:47:14 | INFO     | selector             | --------------------------------------------------
2026-08-04 11:47:14 | INFO     | selector             | Stage 6: Stability Selection (n_bootstrap=50, frac=0.75, threshold=0.6)
2026-08-04 11:47:28 | INFO     | selector             |   Input    : 1
2026-08-04 11:47:28 | INFO     | selector             |   Selected : 1 (stability >= 0.6)
2026-08-04 11:47:28 | INFO     | selector             |   Removed  : 0
2026-08-04 11:47:28 | INFO     | selector             |   Top 15 stability scores:
2026-08-04 11:47:28 | INFO     | selector             |     [✓] FE_has_prior_inpatient                      stability=1.0000
2026-08-04 11:47:28 | INFO     | selector             | --------------------------------------------------
2026-08-04 11:47:28 | INFO     | selector             | Stage 7: Consensus Vote (min_stages=2)
2026-08-04 11:47:28 | INFO     | selector             |   Total features evaluated : 78
2026-08-04 11:47:28 | INFO     | selector             |   Selected (votes >= 2)   : 53
2026-08-04 11:47:28 | INFO     | selector             |   Removed                  : 25
2026-08-04 11:47:28 | INFO     | selector             |   Vote summary (top 20):
2026-08-04 11:47:28 | INFO     | selector             |     [✓] FE_has_prior_inpatient                        votes=6/6
2026-08-04 11:47:28 | INFO     | selector             |     [✓] FE_high_prior_utilization                     votes=4/6
2026-08-04 11:47:28 | INFO     | selector             |     [✓] race                                          votes=3/6
2026-08-04 11:47:28 | INFO     | selector             |     [✓] gender                                        votes=3/6
2026-08-04 11:47:28 | INFO     | selector             |     [✓] age                                           votes=3/6
2026-08-04 11:47:28 | INFO     | selector             |     [✓] discharge_disposition_id                      votes=3/6
2026-08-04 11:47:28 | INFO     | selector             |     [✓] admission_source_id                           votes=3/6
2026-08-04 11:47:28 | INFO     | selector             |     [✓] time_in_hospital                              votes=3/6
2026-08-04 11:47:28 | INFO     | selector             |     [✓] payer_code                                    votes=3/6
2026-08-04 11:47:28 | INFO     | selector             |     [✓] medical_specialty                             votes=3/6
2026-08-04 11:47:28 | INFO     | selector             |     [✓] num_medications                               votes=3/6
2026-08-04 11:47:28 | INFO     | selector             |     [✓] diag_1                                        votes=3/6
2026-08-04 11:47:28 | INFO     | selector             |     [✓] diag_3                                        votes=3/6
2026-08-04 11:47:28 | INFO     | selector             |     [✓] number_diagnoses                              votes=3/6
2026-08-04 11:47:28 | INFO     | selector             |     [✓] glipizide                                     votes=3/6
2026-08-04 11:47:28 | INFO     | selector             |     [✓] glyburide                                     votes=3/6
2026-08-04 11:47:28 | INFO     | selector             |     [✓] rosiglitazone                                 votes=3/6
2026-08-04 11:47:28 | INFO     | selector             |     [✓] weight_missing                                votes=3/6
2026-08-04 11:47:28 | INFO     | selector             |     [✓] max_glu_serum_missing                         votes=3/6
2026-08-04 11:47:28 | INFO     | selector             |     [✓] A1Cresult_missing                             votes=3/6
2026-08-04 11:47:28 | INFO     | selector             |   feature_scores.csv saved -> C:\Users\sharg\Desktop\github\DriftSentinel\outputs\artifacts\feature_scores.csv
2026-08-04 11:47:28 | INFO     | selector             |   Selected feature breakdown:
2026-08-04 11:47:28 | INFO     | selector             |     FE_ features selected : 29
2026-08-04 11:47:28 | INFO     | selector             |     Raw features selected : 24
2026-08-04 11:47:28 | INFO     | selector             |   selected_features.json saved -> C:\Users\sharg\Desktop\github\DriftSentinel\outputs\artifacts\selected_features.json
2026-08-04 11:47:28 | INFO     | selector             |   selector_stage_results.json saved -> C:\Users\sharg\Desktop\github\DriftSentinel\outputs\artifacts\selector_stage_results.json
2026-08-04 11:47:28 | INFO     | selector             |   feature_selector.pkl saved -> C:\Users\sharg\Desktop\github\DriftSentinel\outputs\artifacts\feature_selector.pkl
2026-08-04 11:47:28 | INFO     | selector             | ======================================================================
2026-08-04 11:47:28 | INFO     | selector             | Selection complete — 53 features retained from 78 input features
2026-08-04 11:47:28 | INFO     | selector             | ======================================================================
2026-08-04 11:47:49 | INFO     | selector             | --------------------------------------------------
2026-08-04 11:47:49 | INFO     | selector             | Stage 1: Variance Threshold (threshold=0.01)
2026-08-04 11:47:49 | INFO     | selector             |   Input    : 78 features
2026-08-04 11:47:49 | INFO     | selector             |   Selected : 67
2026-08-04 11:47:49 | INFO     | selector             |   Removed  : 11
2026-08-04 11:47:49 | INFO     | selector             |     DROP  nateglinide                                   var=0.007027
2026-08-04 11:47:49 | INFO     | selector             |     DROP  chlorpropamide                                var=0.001101
2026-08-04 11:47:49 | INFO     | selector             |     DROP  tolbutamide                                   var=0.000295
2026-08-04 11:47:49 | INFO     | selector             |     DROP  acarbose                                      var=0.003179
2026-08-04 11:47:49 | INFO     | selector             |     DROP  miglitol                                      var=0.000531
2026-08-04 11:47:49 | INFO     | selector             |     DROP  tolazamide                                    var=0.000531
2026-08-04 11:47:49 | INFO     | selector             |     DROP  glyburide-metformin                           var=0.004859
2026-08-04 11:47:49 | INFO     | selector             |     DROP  glipizide-metformin                           var=0.000138
2026-08-04 11:47:49 | INFO     | selector             |     DROP  FE_polypharmacy                               var=0.000531
2026-08-04 11:47:49 | INFO     | selector             |     DROP  FE_med_coverage_ratio                         var=0.005269
2026-08-04 11:47:49 | INFO     | selector             |     DROP  FE_inpatient_x_polypharmacy                   var=0.000079
2026-08-04 11:47:49 | INFO     | selector             | --------------------------------------------------
2026-08-04 11:47:49 | INFO     | selector             | Stage 2: Correlation Filter (threshold=0.9)
2026-08-04 11:47:49 | INFO     | selector             |   Input    : 67
2026-08-04 11:47:49 | INFO     | selector             |   Selected : 53
2026-08-04 11:47:49 | INFO     | selector             |   Removed  : 14
2026-08-04 11:47:49 | INFO     | selector             |     DROP  num_lab_procedures                       r=0.982 (kept: FE_total_clinical_contacts)
2026-08-04 11:47:49 | INFO     | selector             |     DROP  num_procedures                           r=0.9501 (kept: FE_procedure_density)
2026-08-04 11:47:49 | INFO     | selector             |     DROP  FE_n_active_ordinal_meds                 r=0.9935 (kept: FE_total_active_meds)
2026-08-04 11:47:49 | INFO     | selector             |     DROP  FE_n_med_changes                         r=0.9982 (kept: FE_any_med_changed)
2026-08-04 11:47:49 | INFO     | selector             |     DROP  FE_procedure_density                     r=0.9046 (kept: FE_no_procedures)
2026-08-04 11:47:49 | INFO     | selector             |     DROP  number_emergency                         r=0.9985 (kept: FE_has_prior_emergency)
2026-08-04 11:47:49 | INFO     | selector             |     DROP  number_inpatient                         r=0.9728 (kept: FE_has_prior_inpatient)
2026-08-04 11:47:49 | INFO     | selector             |     DROP  FE_total_prior_contacts                  r=0.9629 (kept: FE_multi_channel_utilizer)
2026-08-04 11:47:49 | INFO     | selector             |     DROP  insulin                                  r=0.9409 (kept: FE_insulin_prescribed)
2026-08-04 11:47:49 | INFO     | selector             |     DROP  metformin                                r=0.9984 (kept: FE_metformin_prescribed)
2026-08-04 11:47:49 | INFO     | selector             |     DROP  diabetesMed                              r=1.0 (kept: FE_on_diabetes_med)
2026-08-04 11:47:49 | INFO     | selector             |     DROP  change                                   r=1.0 (kept: FE_med_regimen_changed)
2026-08-04 11:47:49 | INFO     | selector             |     DROP  FE_has_prior_emergency                   r=0.9978 (kept: FE_glycemic_x_emergency)
2026-08-04 11:47:49 | INFO     | selector             |     DROP  FE_high_comorbidity                      r=0.9556 (kept: FE_labs_per_day_x_comorbidity)
2026-08-04 11:47:51 | INFO     | selector             | ======================================================================
2026-08-04 11:47:51 | INFO     | selector             | DriftSentinel — Feature Selector  [fit on TRAIN]
2026-08-04 11:47:51 | INFO     | selector             | ======================================================================
2026-08-04 11:47:51 | INFO     | selector             | Input shape : (50794, 79)
2026-08-04 11:47:51 | INFO     | selector             | Feature matrix : 50,794 rows x 78 features
2026-08-04 11:47:51 | INFO     | selector             | Target (binary): {0: 44700, 1: 6094}
2026-08-04 11:47:51 | INFO     | selector             | --------------------------------------------------
2026-08-04 11:47:51 | INFO     | selector             | Stage 1: Variance Threshold (threshold=0.01)
2026-08-04 11:47:51 | INFO     | selector             |   Input    : 78 features
2026-08-04 11:47:51 | INFO     | selector             |   Selected : 67
2026-08-04 11:47:51 | INFO     | selector             |   Removed  : 11
2026-08-04 11:47:51 | INFO     | selector             |     DROP  nateglinide                                   var=0.007027
2026-08-04 11:47:51 | INFO     | selector             |     DROP  chlorpropamide                                var=0.001101
2026-08-04 11:47:51 | INFO     | selector             |     DROP  tolbutamide                                   var=0.000295
2026-08-04 11:47:51 | INFO     | selector             |     DROP  acarbose                                      var=0.003179
2026-08-04 11:47:51 | INFO     | selector             |     DROP  miglitol                                      var=0.000531
2026-08-04 11:47:51 | INFO     | selector             |     DROP  tolazamide                                    var=0.000531
2026-08-04 11:47:51 | INFO     | selector             |     DROP  glyburide-metformin                           var=0.004859
2026-08-04 11:47:51 | INFO     | selector             |     DROP  glipizide-metformin                           var=0.000138
2026-08-04 11:47:51 | INFO     | selector             |     DROP  FE_polypharmacy                               var=0.000531
2026-08-04 11:47:51 | INFO     | selector             |     DROP  FE_med_coverage_ratio                         var=0.005269
2026-08-04 11:47:51 | INFO     | selector             |     DROP  FE_inpatient_x_polypharmacy                   var=0.000079
2026-08-04 11:47:51 | INFO     | selector             | --------------------------------------------------
2026-08-04 11:47:51 | INFO     | selector             | Stage 2: Correlation Filter (threshold=0.9)
2026-08-04 11:47:52 | INFO     | selector             |   Input    : 67
2026-08-04 11:47:52 | INFO     | selector             |   Selected : 53
2026-08-04 11:47:52 | INFO     | selector             |   Removed  : 14
2026-08-04 11:47:52 | INFO     | selector             |     DROP  num_lab_procedures                       r=0.982 (kept: FE_total_clinical_contacts)
2026-08-04 11:47:52 | INFO     | selector             |     DROP  num_procedures                           r=0.9501 (kept: FE_procedure_density)
2026-08-04 11:47:52 | INFO     | selector             |     DROP  FE_n_active_ordinal_meds                 r=0.9935 (kept: FE_total_active_meds)
2026-08-04 11:47:52 | INFO     | selector             |     DROP  FE_n_med_changes                         r=0.9982 (kept: FE_any_med_changed)
2026-08-04 11:47:52 | INFO     | selector             |     DROP  FE_procedure_density                     r=0.9046 (kept: FE_no_procedures)
2026-08-04 11:47:52 | INFO     | selector             |     DROP  number_emergency                         r=0.9985 (kept: FE_has_prior_emergency)
2026-08-04 11:47:52 | INFO     | selector             |     DROP  number_inpatient                         r=0.9728 (kept: FE_has_prior_inpatient)
2026-08-04 11:47:52 | INFO     | selector             |     DROP  FE_total_prior_contacts                  r=0.9629 (kept: FE_multi_channel_utilizer)
2026-08-04 11:47:52 | INFO     | selector             |     DROP  insulin                                  r=0.9409 (kept: FE_insulin_prescribed)
2026-08-04 11:47:52 | INFO     | selector             |     DROP  metformin                                r=0.9984 (kept: FE_metformin_prescribed)
2026-08-04 11:47:52 | INFO     | selector             |     DROP  diabetesMed                              r=1.0 (kept: FE_on_diabetes_med)
2026-08-04 11:47:52 | INFO     | selector             |     DROP  change                                   r=1.0 (kept: FE_med_regimen_changed)
2026-08-04 11:47:52 | INFO     | selector             |     DROP  FE_has_prior_emergency                   r=0.9978 (kept: FE_glycemic_x_emergency)
2026-08-04 11:47:52 | INFO     | selector             |     DROP  FE_high_comorbidity                      r=0.9556 (kept: FE_labs_per_day_x_comorbidity)
2026-08-04 11:47:52 | INFO     | selector             | --------------------------------------------------
2026-08-04 11:47:52 | INFO     | selector             | Stage 3: Mutual Information (drop bottom 20th percentile)
2026-08-04 11:48:03 | INFO     | selector             |   Input    : 53
2026-08-04 11:48:03 | INFO     | selector             |   MI threshold (P20) : 0.000000
2026-08-04 11:48:03 | INFO     | selector             |   Selected : 53
2026-08-04 11:48:03 | INFO     | selector             |   Removed  : 0
2026-08-04 11:48:03 | INFO     | selector             |   Top 10 MI scores:
2026-08-04 11:48:03 | INFO     | selector             |     FE_on_diabetes_med                            MI=0.010788
2026-08-04 11:48:03 | INFO     | selector             |     discharge_disposition_id                      MI=0.010770
2026-08-04 11:48:03 | INFO     | selector             |     FE_has_prior_inpatient                        MI=0.010638
2026-08-04 11:48:03 | INFO     | selector             |     FE_multi_channel_utilizer                     MI=0.009967
2026-08-04 11:48:03 | INFO     | selector             |     FE_high_prior_utilization                     MI=0.009593
2026-08-04 11:48:03 | INFO     | selector             |     weight_missing                                MI=0.009395
2026-08-04 11:48:03 | INFO     | selector             |     race                                          MI=0.008156
2026-08-04 11:48:03 | INFO     | selector             |     gender                                        MI=0.008102
2026-08-04 11:48:03 | INFO     | selector             |     FE_insulin_prescribed                         MI=0.007916
2026-08-04 11:48:03 | INFO     | selector             |     payer_code                                    MI=0.007665
2026-08-04 11:48:03 | INFO     | selector             | --------------------------------------------------
2026-08-04 11:48:03 | INFO     | selector             | Stage 4: Boruta Shadow Feature Selection (n_estimators=200, max_iter=50)
2026-08-04 11:48:16 | INFO     | selector             |   Boruta iter  10/50 — confirmed so far: 0
2026-08-04 11:48:29 | INFO     | selector             |   Boruta iter  20/50 — confirmed so far: 0
2026-08-04 11:48:42 | INFO     | selector             |   Boruta iter  30/50 — confirmed so far: 0
2026-08-04 11:48:55 | INFO     | selector             |   Boruta iter  40/50 — confirmed so far: 0
2026-08-04 11:49:08 | INFO     | selector             |   Boruta iter  50/50 — confirmed so far: 0
2026-08-04 11:49:08 | INFO     | selector             |   Input    : 53
2026-08-04 11:49:08 | INFO     | selector             |   Selected : 0 (confirmed)
2026-08-04 11:49:08 | INFO     | selector             |   Removed  : 53 (tentative/rejected)
2026-08-04 11:49:08 | INFO     | selector             |   Top 10 hit rates:
2026-08-04 11:49:08 | INFO     | selector             |     FE_has_prior_inpatient                        hit_rate=0.52
2026-08-04 11:49:08 | INFO     | selector             |     FE_high_prior_utilization                     hit_rate=0.22
2026-08-04 11:49:08 | INFO     | selector             |     FE_on_diabetes_med                            hit_rate=0.00
2026-08-04 11:49:08 | INFO     | selector             |     discharge_disposition_id                      hit_rate=0.00
2026-08-04 11:49:08 | INFO     | selector             |     FE_multi_channel_utilizer                     hit_rate=0.00
2026-08-04 11:49:08 | INFO     | selector             |     weight_missing                                hit_rate=0.00
2026-08-04 11:49:08 | INFO     | selector             |     race                                          hit_rate=0.00
2026-08-04 11:49:08 | INFO     | selector             |     gender                                        hit_rate=0.00
2026-08-04 11:49:08 | INFO     | selector             |     FE_insulin_prescribed                         hit_rate=0.00
2026-08-04 11:49:08 | INFO     | selector             |     payer_code                                    hit_rate=0.00
2026-08-04 11:49:08 | INFO     | selector             | --------------------------------------------------
2026-08-04 11:49:08 | INFO     | selector             | Stage 5: SHAP Importance (GBM, n_estimators=300)
2026-08-04 11:49:08 | WARNING  | selector             |   Stage 5 SKIPPED — Boruta confirmed 0 features, so there is nothing to rank. Contributing no votes.
2026-08-04 11:49:08 | INFO     | selector             | --------------------------------------------------
2026-08-04 11:49:08 | INFO     | selector             | Stage 6: Stability Selection (n_bootstrap=50, frac=0.75, threshold=0.6)
2026-08-04 11:49:08 | WARNING  | selector             |   Stage 6 SKIPPED — no candidates from stage 5. Contributing no votes.
2026-08-04 11:49:08 | INFO     | selector             | --------------------------------------------------
2026-08-04 11:49:08 | INFO     | selector             | Stage 7: Consensus Vote (min_stages=2)
2026-08-04 11:49:08 | INFO     | selector             |   Total features evaluated : 78
2026-08-04 11:49:08 | INFO     | selector             |   Selected (votes >= 2)   : 53
2026-08-04 11:49:08 | INFO     | selector             |   Removed                  : 25
2026-08-04 11:49:08 | INFO     | selector             |   Vote summary (top 20):
2026-08-04 11:49:08 | INFO     | selector             |     [✓] race                                          votes=3/6
2026-08-04 11:49:08 | INFO     | selector             |     [✓] gender                                        votes=3/6
2026-08-04 11:49:08 | INFO     | selector             |     [✓] age                                           votes=3/6
2026-08-04 11:49:08 | INFO     | selector             |     [✓] admission_type_id                             votes=3/6
2026-08-04 11:49:08 | INFO     | selector             |     [✓] discharge_disposition_id                      votes=3/6
2026-08-04 11:49:08 | INFO     | selector             |     [✓] admission_source_id                           votes=3/6
2026-08-04 11:49:08 | INFO     | selector             |     [✓] time_in_hospital                              votes=3/6
2026-08-04 11:49:08 | INFO     | selector             |     [✓] payer_code                                    votes=3/6
2026-08-04 11:49:08 | INFO     | selector             |     [✓] medical_specialty                             votes=3/6
2026-08-04 11:49:08 | INFO     | selector             |     [✓] num_medications                               votes=3/6
2026-08-04 11:49:08 | INFO     | selector             |     [✓] number_outpatient                             votes=3/6
2026-08-04 11:49:08 | INFO     | selector             |     [✓] diag_1                                        votes=3/6
2026-08-04 11:49:08 | INFO     | selector             |     [✓] diag_2                                        votes=3/6
2026-08-04 11:49:08 | INFO     | selector             |     [✓] diag_3                                        votes=3/6
2026-08-04 11:49:08 | INFO     | selector             |     [✓] number_diagnoses                              votes=3/6
2026-08-04 11:49:08 | INFO     | selector             |     [✓] repaglinide                                   votes=3/6
2026-08-04 11:49:08 | INFO     | selector             |     [✓] glimepiride                                   votes=3/6
2026-08-04 11:49:08 | INFO     | selector             |     [✓] glipizide                                     votes=3/6
2026-08-04 11:49:08 | INFO     | selector             |     [✓] glyburide                                     votes=3/6
2026-08-04 11:49:08 | INFO     | selector             |     [✓] pioglitazone                                  votes=3/6
2026-08-04 11:49:08 | INFO     | selector             |   feature_scores.csv saved -> C:\Users\sharg\Desktop\github\DriftSentinel\outputs\artifacts\feature_scores.csv
2026-08-04 11:49:08 | INFO     | selector             |   Selected feature breakdown:
2026-08-04 11:49:08 | INFO     | selector             |     FE_ features selected : 29
2026-08-04 11:49:08 | INFO     | selector             |     Raw features selected : 24
2026-08-04 11:49:08 | INFO     | selector             |   selected_features.json saved -> C:\Users\sharg\Desktop\github\DriftSentinel\outputs\artifacts\selected_features.json
2026-08-04 11:49:08 | INFO     | selector             |   selector_stage_results.json saved -> C:\Users\sharg\Desktop\github\DriftSentinel\outputs\artifacts\selector_stage_results.json
2026-08-04 11:49:08 | INFO     | selector             |   feature_selector.pkl saved -> C:\Users\sharg\Desktop\github\DriftSentinel\outputs\artifacts\feature_selector.pkl
2026-08-04 11:49:08 | INFO     | selector             | ======================================================================
2026-08-04 11:49:08 | INFO     | selector             | Selection complete — 53 features retained from 78 input features
2026-08-04 11:49:08 | INFO     | selector             | ======================================================================
2026-08-04 11:49:14 | INFO     | selector             | --------------------------------------------------
2026-08-04 11:49:14 | INFO     | selector             | Stage 1: Variance Threshold (threshold=0.01)
2026-08-04 11:49:14 | INFO     | selector             |   Input    : 78 features
2026-08-04 11:49:14 | INFO     | selector             |   Selected : 67
2026-08-04 11:49:14 | INFO     | selector             |   Removed  : 11
2026-08-04 11:49:14 | INFO     | selector             |     DROP  nateglinide                                   var=0.006676
2026-08-04 11:49:14 | INFO     | selector             |     DROP  chlorpropamide                                var=0.001082
2026-08-04 11:49:14 | INFO     | selector             |     DROP  tolbutamide                                   var=0.000315
2026-08-04 11:49:14 | INFO     | selector             |     DROP  acarbose                                      var=0.003042
2026-08-04 11:49:14 | INFO     | selector             |     DROP  miglitol                                      var=0.000531
2026-08-04 11:49:14 | INFO     | selector             |     DROP  tolazamide                                    var=0.000512
2026-08-04 11:49:14 | INFO     | selector             |     DROP  glyburide-metformin                           var=0.004664
2026-08-04 11:49:14 | INFO     | selector             |     DROP  glipizide-metformin                           var=0.000138
2026-08-04 11:49:14 | INFO     | selector             |     DROP  FE_polypharmacy                               var=0.000512
2026-08-04 11:49:14 | INFO     | selector             |     DROP  FE_med_coverage_ratio                         var=0.005324
2026-08-04 11:49:14 | INFO     | selector             |     DROP  FE_inpatient_x_polypharmacy                   var=0.000079
2026-08-04 11:49:14 | INFO     | selector             | --------------------------------------------------
2026-08-04 11:49:14 | INFO     | selector             | Stage 2: Correlation Filter (threshold=0.9)
2026-08-04 11:49:15 | INFO     | selector             |   Input    : 67
2026-08-04 11:49:15 | INFO     | selector             |   Selected : 53
2026-08-04 11:49:15 | INFO     | selector             |   Removed  : 14
2026-08-04 11:49:15 | INFO     | selector             |     DROP  num_lab_procedures                       r=0.9821 (kept: FE_total_clinical_contacts)
2026-08-04 11:49:15 | INFO     | selector             |     DROP  num_procedures                           r=0.9506 (kept: FE_procedure_density)
2026-08-04 11:49:15 | INFO     | selector             |     DROP  FE_n_active_ordinal_meds                 r=0.9938 (kept: FE_total_active_meds)
2026-08-04 11:49:15 | INFO     | selector             |     DROP  FE_n_med_changes                         r=0.9982 (kept: FE_any_med_changed)
2026-08-04 11:49:15 | INFO     | selector             |     DROP  FE_procedure_density                     r=0.9051 (kept: FE_no_procedures)
2026-08-04 11:49:15 | INFO     | selector             |     DROP  number_emergency                         r=0.9986 (kept: FE_has_prior_emergency)
2026-08-04 11:49:15 | INFO     | selector             |     DROP  number_inpatient                         r=0.973 (kept: FE_has_prior_inpatient)
2026-08-04 11:49:15 | INFO     | selector             |     DROP  FE_total_prior_contacts                  r=0.9636 (kept: FE_multi_channel_utilizer)
2026-08-04 11:49:15 | INFO     | selector             |     DROP  insulin                                  r=0.9407 (kept: FE_insulin_prescribed)
2026-08-04 11:49:15 | INFO     | selector             |     DROP  metformin                                r=0.9984 (kept: FE_metformin_prescribed)
2026-08-04 11:49:15 | INFO     | selector             |     DROP  diabetesMed                              r=1.0 (kept: FE_on_diabetes_med)
2026-08-04 11:49:15 | INFO     | selector             |     DROP  change                                   r=1.0 (kept: FE_med_regimen_changed)
2026-08-04 11:49:15 | INFO     | selector             |     DROP  FE_has_prior_emergency                   r=0.9976 (kept: FE_glycemic_x_emergency)
2026-08-04 11:49:15 | INFO     | selector             |     DROP  FE_high_comorbidity                      r=0.9552 (kept: FE_labs_per_day_x_comorbidity)
2026-08-04 11:49:17 | INFO     | selector             | ======================================================================
2026-08-04 11:49:17 | INFO     | selector             | DriftSentinel — Feature Selector  [fit on TRAIN]
2026-08-04 11:49:17 | INFO     | selector             | ======================================================================
2026-08-04 11:49:17 | INFO     | selector             | Input shape : (50793, 79)
2026-08-04 11:49:17 | INFO     | selector             | Feature matrix : 50,793 rows x 78 features
2026-08-04 11:49:17 | INFO     | selector             | Target (binary): {0: 44700, 1: 6093}
2026-08-04 11:49:17 | INFO     | selector             | --------------------------------------------------
2026-08-04 11:49:17 | INFO     | selector             | Stage 1: Variance Threshold (threshold=0.01)
2026-08-04 11:49:17 | INFO     | selector             |   Input    : 78 features
2026-08-04 11:49:17 | INFO     | selector             |   Selected : 67
2026-08-04 11:49:17 | INFO     | selector             |   Removed  : 11
2026-08-04 11:49:17 | INFO     | selector             |     DROP  nateglinide                                   var=0.006676
2026-08-04 11:49:17 | INFO     | selector             |     DROP  chlorpropamide                                var=0.001082
2026-08-04 11:49:17 | INFO     | selector             |     DROP  tolbutamide                                   var=0.000315
2026-08-04 11:49:17 | INFO     | selector             |     DROP  acarbose                                      var=0.003042
2026-08-04 11:49:17 | INFO     | selector             |     DROP  miglitol                                      var=0.000531
2026-08-04 11:49:17 | INFO     | selector             |     DROP  tolazamide                                    var=0.000512
2026-08-04 11:49:17 | INFO     | selector             |     DROP  glyburide-metformin                           var=0.004664
2026-08-04 11:49:17 | INFO     | selector             |     DROP  glipizide-metformin                           var=0.000138
2026-08-04 11:49:17 | INFO     | selector             |     DROP  FE_polypharmacy                               var=0.000512
2026-08-04 11:49:17 | INFO     | selector             |     DROP  FE_med_coverage_ratio                         var=0.005324
2026-08-04 11:49:17 | INFO     | selector             |     DROP  FE_inpatient_x_polypharmacy                   var=0.000079
2026-08-04 11:49:17 | INFO     | selector             | --------------------------------------------------
2026-08-04 11:49:17 | INFO     | selector             | Stage 2: Correlation Filter (threshold=0.9)
2026-08-04 11:49:17 | INFO     | selector             |   Input    : 67
2026-08-04 11:49:17 | INFO     | selector             |   Selected : 53
2026-08-04 11:49:17 | INFO     | selector             |   Removed  : 14
2026-08-04 11:49:17 | INFO     | selector             |     DROP  num_lab_procedures                       r=0.9821 (kept: FE_total_clinical_contacts)
2026-08-04 11:49:17 | INFO     | selector             |     DROP  num_procedures                           r=0.9506 (kept: FE_procedure_density)
2026-08-04 11:49:17 | INFO     | selector             |     DROP  FE_n_active_ordinal_meds                 r=0.9938 (kept: FE_total_active_meds)
2026-08-04 11:49:17 | INFO     | selector             |     DROP  FE_n_med_changes                         r=0.9982 (kept: FE_any_med_changed)
2026-08-04 11:49:17 | INFO     | selector             |     DROP  FE_procedure_density                     r=0.9051 (kept: FE_no_procedures)
2026-08-04 11:49:17 | INFO     | selector             |     DROP  number_emergency                         r=0.9986 (kept: FE_has_prior_emergency)
2026-08-04 11:49:17 | INFO     | selector             |     DROP  number_inpatient                         r=0.973 (kept: FE_has_prior_inpatient)
2026-08-04 11:49:17 | INFO     | selector             |     DROP  FE_total_prior_contacts                  r=0.9636 (kept: FE_multi_channel_utilizer)
2026-08-04 11:49:17 | INFO     | selector             |     DROP  insulin                                  r=0.9407 (kept: FE_insulin_prescribed)
2026-08-04 11:49:17 | INFO     | selector             |     DROP  metformin                                r=0.9984 (kept: FE_metformin_prescribed)
2026-08-04 11:49:17 | INFO     | selector             |     DROP  diabetesMed                              r=1.0 (kept: FE_on_diabetes_med)
2026-08-04 11:49:17 | INFO     | selector             |     DROP  change                                   r=1.0 (kept: FE_med_regimen_changed)
2026-08-04 11:49:17 | INFO     | selector             |     DROP  FE_has_prior_emergency                   r=0.9976 (kept: FE_glycemic_x_emergency)
2026-08-04 11:49:17 | INFO     | selector             |     DROP  FE_high_comorbidity                      r=0.9552 (kept: FE_labs_per_day_x_comorbidity)
2026-08-04 11:49:17 | INFO     | selector             | --------------------------------------------------
2026-08-04 11:49:17 | INFO     | selector             | Stage 3: Mutual Information (drop bottom 20th percentile)
2026-08-04 11:49:29 | INFO     | selector             |   Input    : 53
2026-08-04 11:49:29 | INFO     | selector             |   MI threshold (P20) : 0.000389
2026-08-04 11:49:29 | INFO     | selector             |   Selected : 42
2026-08-04 11:49:29 | INFO     | selector             |   Removed  : 11
2026-08-04 11:49:29 | INFO     | selector             |   Top 10 MI scores:
2026-08-04 11:49:29 | INFO     | selector             |     FE_has_prior_inpatient                        MI=0.013016
2026-08-04 11:49:29 | INFO     | selector             |     A1Cresult_missing                             MI=0.010662
2026-08-04 11:49:29 | INFO     | selector             |     FE_multi_channel_utilizer                     MI=0.010598
2026-08-04 11:49:29 | INFO     | selector             |     FE_high_prior_utilization                     MI=0.009355
2026-08-04 11:49:29 | INFO     | selector             |     FE_on_diabetes_med                            MI=0.009286
2026-08-04 11:49:29 | INFO     | selector             |     discharge_disposition_id                      MI=0.008240
2026-08-04 11:49:29 | INFO     | selector             |     weight_missing                                MI=0.008027
2026-08-04 11:49:29 | INFO     | selector             |     FE_insulin_prescribed                         MI=0.007178
2026-08-04 11:49:29 | INFO     | selector             |     FE_med_regimen_changed                        MI=0.006900
2026-08-04 11:49:29 | INFO     | selector             |     race                                          MI=0.006472
2026-08-04 11:49:29 | INFO     | selector             | --------------------------------------------------
2026-08-04 11:49:29 | INFO     | selector             | Stage 4: Boruta Shadow Feature Selection (n_estimators=200, max_iter=50)
2026-08-04 11:49:41 | INFO     | selector             |   Boruta iter  10/50 — confirmed so far: 0
2026-08-04 11:49:53 | INFO     | selector             |   Boruta iter  20/50 — confirmed so far: 0
2026-08-04 11:50:04 | INFO     | selector             |   Boruta iter  30/50 — confirmed so far: 0
2026-08-04 11:50:15 | INFO     | selector             |   Boruta iter  40/50 — confirmed so far: 0
2026-08-04 11:50:27 | INFO     | selector             |   Boruta iter  50/50 — confirmed so far: 0
2026-08-04 11:50:27 | INFO     | selector             |   Input    : 42
2026-08-04 11:50:27 | INFO     | selector             |   Selected : 0 (confirmed)
2026-08-04 11:50:27 | INFO     | selector             |   Removed  : 42 (tentative/rejected)
2026-08-04 11:50:27 | INFO     | selector             |   Top 10 hit rates:
2026-08-04 11:50:27 | INFO     | selector             |     FE_high_prior_utilization                     hit_rate=0.46
2026-08-04 11:50:27 | INFO     | selector             |     FE_has_prior_inpatient                        hit_rate=0.42
2026-08-04 11:50:27 | INFO     | selector             |     A1Cresult_missing                             hit_rate=0.00
2026-08-04 11:50:27 | INFO     | selector             |     FE_multi_channel_utilizer                     hit_rate=0.00
2026-08-04 11:50:27 | INFO     | selector             |     FE_on_diabetes_med                            hit_rate=0.00
2026-08-04 11:50:27 | INFO     | selector             |     discharge_disposition_id                      hit_rate=0.00
2026-08-04 11:50:27 | INFO     | selector             |     weight_missing                                hit_rate=0.00
2026-08-04 11:50:27 | INFO     | selector             |     FE_insulin_prescribed                         hit_rate=0.00
2026-08-04 11:50:27 | INFO     | selector             |     FE_med_regimen_changed                        hit_rate=0.00
2026-08-04 11:50:27 | INFO     | selector             |     race                                          hit_rate=0.00
2026-08-04 11:50:27 | INFO     | selector             | --------------------------------------------------
2026-08-04 11:50:27 | INFO     | selector             | Stage 5: SHAP Importance (GBM, n_estimators=300)
2026-08-04 11:50:27 | WARNING  | selector             |   Stage 5 SKIPPED — Boruta confirmed 0 features, so there is nothing to rank. Contributing no votes.
2026-08-04 11:50:27 | INFO     | selector             | --------------------------------------------------
2026-08-04 11:50:27 | INFO     | selector             | Stage 6: Stability Selection (n_bootstrap=50, frac=0.75, threshold=0.6)
2026-08-04 11:50:27 | WARNING  | selector             |   Stage 6 SKIPPED — no candidates from stage 5. Contributing no votes.
2026-08-04 11:50:27 | INFO     | selector             | --------------------------------------------------
2026-08-04 11:50:27 | INFO     | selector             | Stage 7: Consensus Vote (min_stages=2)
2026-08-04 11:50:27 | INFO     | selector             |   Total features evaluated : 78
2026-08-04 11:50:27 | INFO     | selector             |   Selected (votes >= 2)   : 53
2026-08-04 11:50:27 | INFO     | selector             |   Removed                  : 25
2026-08-04 11:50:27 | INFO     | selector             |   Vote summary (top 20):
2026-08-04 11:50:27 | INFO     | selector             |     [✓] race                                          votes=3/6
2026-08-04 11:50:27 | INFO     | selector             |     [✓] gender                                        votes=3/6
2026-08-04 11:50:27 | INFO     | selector             |     [✓] age                                           votes=3/6
2026-08-04 11:50:27 | INFO     | selector             |     [✓] admission_type_id                             votes=3/6
2026-08-04 11:50:27 | INFO     | selector             |     [✓] discharge_disposition_id                      votes=3/6
2026-08-04 11:50:27 | INFO     | selector             |     [✓] admission_source_id                           votes=3/6
2026-08-04 11:50:27 | INFO     | selector             |     [✓] time_in_hospital                              votes=3/6
2026-08-04 11:50:27 | INFO     | selector             |     [✓] payer_code                                    votes=3/6
2026-08-04 11:50:27 | INFO     | selector             |     [✓] medical_specialty                             votes=3/6
2026-08-04 11:50:27 | INFO     | selector             |     [✓] num_medications                               votes=3/6
2026-08-04 11:50:27 | INFO     | selector             |     [✓] number_outpatient                             votes=3/6
2026-08-04 11:50:27 | INFO     | selector             |     [✓] diag_1                                        votes=3/6
2026-08-04 11:50:27 | INFO     | selector             |     [✓] diag_2                                        votes=3/6
2026-08-04 11:50:27 | INFO     | selector             |     [✓] diag_3                                        votes=3/6
2026-08-04 11:50:27 | INFO     | selector             |     [✓] number_diagnoses                              votes=3/6
2026-08-04 11:50:27 | INFO     | selector             |     [✓] glimepiride                                   votes=3/6
2026-08-04 11:50:27 | INFO     | selector             |     [✓] glipizide                                     votes=3/6
2026-08-04 11:50:27 | INFO     | selector             |     [✓] rosiglitazone                                 votes=3/6
2026-08-04 11:50:27 | INFO     | selector             |     [✓] weight_missing                                votes=3/6
2026-08-04 11:50:27 | INFO     | selector             |     [✓] max_glu_serum_missing                         votes=3/6
2026-08-04 11:50:27 | INFO     | selector             |   feature_scores.csv saved -> C:\Users\sharg\Desktop\github\DriftSentinel\outputs\artifacts\feature_scores.csv
2026-08-04 11:50:27 | INFO     | selector             |   Selected feature breakdown:
2026-08-04 11:50:27 | INFO     | selector             |     FE_ features selected : 29
2026-08-04 11:50:27 | INFO     | selector             |     Raw features selected : 24
2026-08-04 11:50:27 | INFO     | selector             |   selected_features.json saved -> C:\Users\sharg\Desktop\github\DriftSentinel\outputs\artifacts\selected_features.json
2026-08-04 11:50:27 | INFO     | selector             |   selector_stage_results.json saved -> C:\Users\sharg\Desktop\github\DriftSentinel\outputs\artifacts\selector_stage_results.json
2026-08-04 11:50:27 | INFO     | selector             |   feature_selector.pkl saved -> C:\Users\sharg\Desktop\github\DriftSentinel\outputs\artifacts\feature_selector.pkl
2026-08-04 11:50:27 | INFO     | selector             | ======================================================================
2026-08-04 11:50:27 | INFO     | selector             | Selection complete — 53 features retained from 78 input features
2026-08-04 11:50:27 | INFO     | selector             | ======================================================================
2026-08-04 11:50:33 | INFO     | selector             | --------------------------------------------------
2026-08-04 11:50:33 | INFO     | selector             | Stage 1: Variance Threshold (threshold=0.01)
2026-08-04 11:50:33 | INFO     | selector             |   Input    : 78 features
2026-08-04 11:50:33 | INFO     | selector             |   Selected : 67
2026-08-04 11:50:33 | INFO     | selector             |   Removed  : 11
2026-08-04 11:50:33 | INFO     | selector             |     DROP  nateglinide                                   var=0.006812
2026-08-04 11:50:33 | INFO     | selector             |     DROP  chlorpropamide                                var=0.001101
2026-08-04 11:50:33 | INFO     | selector             |     DROP  tolbutamide                                   var=0.000315
2026-08-04 11:50:33 | INFO     | selector             |     DROP  acarbose                                      var=0.003257
2026-08-04 11:50:33 | INFO     | selector             |     DROP  miglitol                                      var=0.000394
2026-08-04 11:50:33 | INFO     | selector             |     DROP  tolazamide                                    var=0.000669
2026-08-04 11:50:33 | INFO     | selector             |     DROP  glyburide-metformin                           var=0.004956
2026-08-04 11:50:33 | INFO     | selector             |     DROP  glipizide-metformin                           var=0.000157
2026-08-04 11:50:33 | INFO     | selector             |     DROP  FE_polypharmacy                               var=0.000492
2026-08-04 11:50:33 | INFO     | selector             |     DROP  FE_med_coverage_ratio                         var=0.005303
2026-08-04 11:50:33 | INFO     | selector             |     DROP  FE_inpatient_x_polypharmacy                   var=0.000098
2026-08-04 11:50:33 | INFO     | selector             | --------------------------------------------------
2026-08-04 11:50:33 | INFO     | selector             | Stage 2: Correlation Filter (threshold=0.9)
2026-08-04 11:50:33 | INFO     | selector             |   Input    : 67
2026-08-04 11:50:33 | INFO     | selector             |   Selected : 53
2026-08-04 11:50:33 | INFO     | selector             |   Removed  : 14
2026-08-04 11:50:33 | INFO     | selector             |     DROP  num_lab_procedures                       r=0.982 (kept: FE_total_clinical_contacts)
2026-08-04 11:50:33 | INFO     | selector             |     DROP  num_procedures                           r=0.9502 (kept: FE_procedure_density)
2026-08-04 11:50:33 | INFO     | selector             |     DROP  FE_n_active_ordinal_meds                 r=0.9935 (kept: FE_total_active_meds)
2026-08-04 11:50:33 | INFO     | selector             |     DROP  FE_n_med_changes                         r=0.9982 (kept: FE_any_med_changed)
2026-08-04 11:50:33 | INFO     | selector             |     DROP  FE_procedure_density                     r=0.9048 (kept: FE_no_procedures)
2026-08-04 11:50:33 | INFO     | selector             |     DROP  number_emergency                         r=0.9986 (kept: FE_has_prior_emergency)
2026-08-04 11:50:33 | INFO     | selector             |     DROP  number_inpatient                         r=0.973 (kept: FE_has_prior_inpatient)
2026-08-04 11:50:33 | INFO     | selector             |     DROP  FE_total_prior_contacts                  r=0.963 (kept: FE_multi_channel_utilizer)
2026-08-04 11:50:33 | INFO     | selector             |     DROP  insulin                                  r=0.9408 (kept: FE_insulin_prescribed)
2026-08-04 11:50:33 | INFO     | selector             |     DROP  metformin                                r=0.9984 (kept: FE_metformin_prescribed)
2026-08-04 11:50:33 | INFO     | selector             |     DROP  diabetesMed                              r=1.0 (kept: FE_on_diabetes_med)
2026-08-04 11:50:33 | INFO     | selector             |     DROP  change                                   r=1.0 (kept: FE_med_regimen_changed)
2026-08-04 11:50:33 | INFO     | selector             |     DROP  FE_has_prior_emergency                   r=0.9978 (kept: FE_glycemic_x_emergency)
2026-08-04 11:50:33 | INFO     | selector             |     DROP  FE_high_comorbidity                      r=0.9551 (kept: FE_labs_per_day_x_comorbidity)
2026-08-04 11:50:34 | INFO     | selector             | ======================================================================
2026-08-04 11:50:34 | INFO     | selector             | DriftSentinel — Feature Selector  [fit on TRAIN]
2026-08-04 11:50:34 | INFO     | selector             | ======================================================================
2026-08-04 11:50:34 | INFO     | selector             | Input shape : (50794, 79)
2026-08-04 11:50:34 | INFO     | selector             | Feature matrix : 50,794 rows x 78 features
2026-08-04 11:50:34 | INFO     | selector             | Target (binary): {0: 44701, 1: 6093}
2026-08-04 11:50:34 | INFO     | selector             | --------------------------------------------------
2026-08-04 11:50:34 | INFO     | selector             | Stage 1: Variance Threshold (threshold=0.01)
2026-08-04 11:50:35 | INFO     | selector             |   Input    : 78 features
2026-08-04 11:50:35 | INFO     | selector             |   Selected : 67
2026-08-04 11:50:35 | INFO     | selector             |   Removed  : 11
2026-08-04 11:50:35 | INFO     | selector             |     DROP  nateglinide                                   var=0.006812
2026-08-04 11:50:35 | INFO     | selector             |     DROP  chlorpropamide                                var=0.001101
2026-08-04 11:50:35 | INFO     | selector             |     DROP  tolbutamide                                   var=0.000315
2026-08-04 11:50:35 | INFO     | selector             |     DROP  acarbose                                      var=0.003257
2026-08-04 11:50:35 | INFO     | selector             |     DROP  miglitol                                      var=0.000394
2026-08-04 11:50:35 | INFO     | selector             |     DROP  tolazamide                                    var=0.000669
2026-08-04 11:50:35 | INFO     | selector             |     DROP  glyburide-metformin                           var=0.004956
2026-08-04 11:50:35 | INFO     | selector             |     DROP  glipizide-metformin                           var=0.000157
2026-08-04 11:50:35 | INFO     | selector             |     DROP  FE_polypharmacy                               var=0.000492
2026-08-04 11:50:35 | INFO     | selector             |     DROP  FE_med_coverage_ratio                         var=0.005303
2026-08-04 11:50:35 | INFO     | selector             |     DROP  FE_inpatient_x_polypharmacy                   var=0.000098
2026-08-04 11:50:35 | INFO     | selector             | --------------------------------------------------
2026-08-04 11:50:35 | INFO     | selector             | Stage 2: Correlation Filter (threshold=0.9)
2026-08-04 11:50:35 | INFO     | selector             |   Input    : 67
2026-08-04 11:50:35 | INFO     | selector             |   Selected : 53
2026-08-04 11:50:35 | INFO     | selector             |   Removed  : 14
2026-08-04 11:50:35 | INFO     | selector             |     DROP  num_lab_procedures                       r=0.982 (kept: FE_total_clinical_contacts)
2026-08-04 11:50:35 | INFO     | selector             |     DROP  num_procedures                           r=0.9502 (kept: FE_procedure_density)
2026-08-04 11:50:35 | INFO     | selector             |     DROP  FE_n_active_ordinal_meds                 r=0.9935 (kept: FE_total_active_meds)
2026-08-04 11:50:35 | INFO     | selector             |     DROP  FE_n_med_changes                         r=0.9982 (kept: FE_any_med_changed)
2026-08-04 11:50:35 | INFO     | selector             |     DROP  FE_procedure_density                     r=0.9048 (kept: FE_no_procedures)
2026-08-04 11:50:35 | INFO     | selector             |     DROP  number_emergency                         r=0.9986 (kept: FE_has_prior_emergency)
2026-08-04 11:50:35 | INFO     | selector             |     DROP  number_inpatient                         r=0.973 (kept: FE_has_prior_inpatient)
2026-08-04 11:50:35 | INFO     | selector             |     DROP  FE_total_prior_contacts                  r=0.963 (kept: FE_multi_channel_utilizer)
2026-08-04 11:50:35 | INFO     | selector             |     DROP  insulin                                  r=0.9408 (kept: FE_insulin_prescribed)
2026-08-04 11:50:35 | INFO     | selector             |     DROP  metformin                                r=0.9984 (kept: FE_metformin_prescribed)
2026-08-04 11:50:35 | INFO     | selector             |     DROP  diabetesMed                              r=1.0 (kept: FE_on_diabetes_med)
2026-08-04 11:50:35 | INFO     | selector             |     DROP  change                                   r=1.0 (kept: FE_med_regimen_changed)
2026-08-04 11:50:35 | INFO     | selector             |     DROP  FE_has_prior_emergency                   r=0.9978 (kept: FE_glycemic_x_emergency)
2026-08-04 11:50:35 | INFO     | selector             |     DROP  FE_high_comorbidity                      r=0.9551 (kept: FE_labs_per_day_x_comorbidity)
2026-08-04 11:50:35 | INFO     | selector             | --------------------------------------------------
2026-08-04 11:50:35 | INFO     | selector             | Stage 3: Mutual Information (drop bottom 20th percentile)
2026-08-04 11:50:46 | INFO     | selector             |   Input    : 53
2026-08-04 11:50:46 | INFO     | selector             |   MI threshold (P20) : 0.000650
2026-08-04 11:50:46 | INFO     | selector             |   Selected : 42
2026-08-04 11:50:46 | INFO     | selector             |   Removed  : 11
2026-08-04 11:50:46 | INFO     | selector             |   Top 10 MI scores:
2026-08-04 11:50:46 | INFO     | selector             |     FE_has_prior_inpatient                        MI=0.011348
2026-08-04 11:50:46 | INFO     | selector             |     discharge_disposition_id                      MI=0.010278
2026-08-04 11:50:46 | INFO     | selector             |     FE_multi_channel_utilizer                     MI=0.009421
2026-08-04 11:50:46 | INFO     | selector             |     A1Cresult_missing                             MI=0.008936
2026-08-04 11:50:46 | INFO     | selector             |     FE_high_prior_utilization                     MI=0.008360
2026-08-04 11:50:46 | INFO     | selector             |     weight_missing                                MI=0.007543
2026-08-04 11:50:46 | INFO     | selector             |     FE_med_regimen_changed                        MI=0.007487
2026-08-04 11:50:46 | INFO     | selector             |     FE_insulin_prescribed                         MI=0.006834
2026-08-04 11:50:46 | INFO     | selector             |     race                                          MI=0.006578
2026-08-04 11:50:46 | INFO     | selector             |     FE_on_diabetes_med                            MI=0.006449
2026-08-04 11:50:46 | INFO     | selector             | --------------------------------------------------
2026-08-04 11:50:46 | INFO     | selector             | Stage 4: Boruta Shadow Feature Selection (n_estimators=200, max_iter=50)
2026-08-04 11:50:59 | INFO     | selector             |   Boruta iter  10/50 — confirmed so far: 0
2026-08-04 11:51:11 | INFO     | selector             |   Boruta iter  20/50 — confirmed so far: 0
2026-08-04 11:51:24 | INFO     | selector             |   Boruta iter  30/50 — confirmed so far: 0
2026-08-04 11:51:36 | INFO     | selector             |   Boruta iter  40/50 — confirmed so far: 0
2026-08-04 11:51:49 | INFO     | selector             |   Boruta iter  50/50 — confirmed so far: 0
2026-08-04 11:51:49 | INFO     | selector             |   Input    : 42
2026-08-04 11:51:49 | INFO     | selector             |   Selected : 1 (confirmed)
2026-08-04 11:51:49 | INFO     | selector             |   Removed  : 41 (tentative/rejected)
2026-08-04 11:51:49 | INFO     | selector             |   Top 10 hit rates:
2026-08-04 11:51:49 | INFO     | selector             |     FE_high_prior_utilization                     hit_rate=0.90
2026-08-04 11:51:49 | INFO     | selector             |     FE_has_prior_inpatient                        hit_rate=0.28
2026-08-04 11:51:49 | INFO     | selector             |     discharge_disposition_id                      hit_rate=0.00
2026-08-04 11:51:49 | INFO     | selector             |     FE_multi_channel_utilizer                     hit_rate=0.00
2026-08-04 11:51:49 | INFO     | selector             |     A1Cresult_missing                             hit_rate=0.00
2026-08-04 11:51:49 | INFO     | selector             |     weight_missing                                hit_rate=0.00
2026-08-04 11:51:49 | INFO     | selector             |     FE_med_regimen_changed                        hit_rate=0.00
2026-08-04 11:51:49 | INFO     | selector             |     FE_insulin_prescribed                         hit_rate=0.00
2026-08-04 11:51:49 | INFO     | selector             |     race                                          hit_rate=0.00
2026-08-04 11:51:49 | INFO     | selector             |     FE_on_diabetes_med                            hit_rate=0.00
2026-08-04 11:51:49 | INFO     | selector             | --------------------------------------------------
2026-08-04 11:51:49 | INFO     | selector             | Stage 5: SHAP Importance (GBM, n_estimators=300)
2026-08-04 11:51:52 | INFO     | selector             |   Input    : 1
2026-08-04 11:51:52 | INFO     | selector             |   SHAP threshold (P20) : 0.309432
2026-08-04 11:51:52 | INFO     | selector             |   Selected : 1
2026-08-04 11:51:52 | INFO     | selector             |   Removed  : 0
2026-08-04 11:51:52 | INFO     | selector             |   Top 15 SHAP scores:
2026-08-04 11:51:52 | INFO     | selector             |     FE_high_prior_utilization                     SHAP=0.309432
2026-08-04 11:51:52 | INFO     | selector             | --------------------------------------------------
2026-08-04 11:51:52 | INFO     | selector             | Stage 6: Stability Selection (n_bootstrap=50, frac=0.75, threshold=0.6)
2026-08-04 11:52:06 | INFO     | selector             |   Input    : 1
2026-08-04 11:52:06 | INFO     | selector             |   Selected : 1 (stability >= 0.6)
2026-08-04 11:52:06 | INFO     | selector             |   Removed  : 0
2026-08-04 11:52:06 | INFO     | selector             |   Top 15 stability scores:
2026-08-04 11:52:06 | INFO     | selector             |     [✓] FE_high_prior_utilization                   stability=1.0000
2026-08-04 11:52:06 | INFO     | selector             | --------------------------------------------------
2026-08-04 11:52:06 | INFO     | selector             | Stage 7: Consensus Vote (min_stages=2)
2026-08-04 11:52:06 | INFO     | selector             |   Total features evaluated : 78
2026-08-04 11:52:06 | INFO     | selector             |   Selected (votes >= 2)   : 53
2026-08-04 11:52:06 | INFO     | selector             |   Removed                  : 25
2026-08-04 11:52:06 | INFO     | selector             |   Vote summary (top 20):
2026-08-04 11:52:06 | INFO     | selector             |     [✓] FE_high_prior_utilization                     votes=6/6
2026-08-04 11:52:06 | INFO     | selector             |     [✓] race                                          votes=3/6
2026-08-04 11:52:06 | INFO     | selector             |     [✓] gender                                        votes=3/6
2026-08-04 11:52:06 | INFO     | selector             |     [✓] age                                           votes=3/6
2026-08-04 11:52:06 | INFO     | selector             |     [✓] admission_type_id                             votes=3/6
2026-08-04 11:52:06 | INFO     | selector             |     [✓] discharge_disposition_id                      votes=3/6
2026-08-04 11:52:06 | INFO     | selector             |     [✓] admission_source_id                           votes=3/6
2026-08-04 11:52:06 | INFO     | selector             |     [✓] time_in_hospital                              votes=3/6
2026-08-04 11:52:06 | INFO     | selector             |     [✓] payer_code                                    votes=3/6
2026-08-04 11:52:06 | INFO     | selector             |     [✓] medical_specialty                             votes=3/6
2026-08-04 11:52:06 | INFO     | selector             |     [✓] num_medications                               votes=3/6
2026-08-04 11:52:06 | INFO     | selector             |     [✓] diag_1                                        votes=3/6
2026-08-04 11:52:06 | INFO     | selector             |     [✓] diag_3                                        votes=3/6
2026-08-04 11:52:06 | INFO     | selector             |     [✓] number_diagnoses                              votes=3/6
2026-08-04 11:52:06 | INFO     | selector             |     [✓] glimepiride                                   votes=3/6
2026-08-04 11:52:06 | INFO     | selector             |     [✓] rosiglitazone                                 votes=3/6
2026-08-04 11:52:06 | INFO     | selector             |     [✓] weight_missing                                votes=3/6
2026-08-04 11:52:06 | INFO     | selector             |     [✓] max_glu_serum_missing                         votes=3/6
2026-08-04 11:52:06 | INFO     | selector             |     [✓] A1Cresult_missing                             votes=3/6
2026-08-04 11:52:06 | INFO     | selector             |     [✓] FE_labs_per_day                               votes=3/6
2026-08-04 11:52:06 | INFO     | selector             |   feature_scores.csv saved -> C:\Users\sharg\Desktop\github\DriftSentinel\outputs\artifacts\feature_scores.csv
2026-08-04 11:52:06 | INFO     | selector             |   Selected feature breakdown:
2026-08-04 11:52:06 | INFO     | selector             |     FE_ features selected : 29
2026-08-04 11:52:06 | INFO     | selector             |     Raw features selected : 24
2026-08-04 11:52:06 | INFO     | selector             |   selected_features.json saved -> C:\Users\sharg\Desktop\github\DriftSentinel\outputs\artifacts\selected_features.json
2026-08-04 11:52:06 | INFO     | selector             |   selector_stage_results.json saved -> C:\Users\sharg\Desktop\github\DriftSentinel\outputs\artifacts\selector_stage_results.json
2026-08-04 11:52:06 | INFO     | selector             |   feature_selector.pkl saved -> C:\Users\sharg\Desktop\github\DriftSentinel\outputs\artifacts\feature_selector.pkl
2026-08-04 11:52:06 | INFO     | selector             | ======================================================================
2026-08-04 11:52:06 | INFO     | selector             | Selection complete — 53 features retained from 78 input features
2026-08-04 11:52:06 | INFO     | selector             | ======================================================================
2026-08-04 11:52:15 | INFO     | selector             | --------------------------------------------------
2026-08-04 11:52:15 | INFO     | selector             | Stage 1: Variance Threshold (threshold=0.01)
2026-08-04 11:52:15 | INFO     | selector             |   Input    : 78 features
2026-08-04 11:52:15 | INFO     | selector             |   Selected : 67
2026-08-04 11:52:15 | INFO     | selector             |   Removed  : 11
2026-08-04 11:52:15 | INFO     | selector             |     DROP  nateglinide                                   var=0.006658
2026-08-04 11:52:15 | INFO     | selector             |     DROP  chlorpropamide                                var=0.001200
2026-08-04 11:52:15 | INFO     | selector             |     DROP  tolbutamide                                   var=0.000256
2026-08-04 11:52:15 | INFO     | selector             |     DROP  acarbose                                      var=0.002944
2026-08-04 11:52:15 | INFO     | selector             |     DROP  miglitol                                      var=0.000433
2026-08-04 11:52:15 | INFO     | selector             |     DROP  tolazamide                                    var=0.000689
2026-08-04 11:52:15 | INFO     | selector             |     DROP  glyburide-metformin                           var=0.004449
2026-08-04 11:52:15 | INFO     | selector             |     DROP  glipizide-metformin                           var=0.000157
2026-08-04 11:52:15 | INFO     | selector             |     DROP  FE_polypharmacy                               var=0.000492
2026-08-04 11:52:15 | INFO     | selector             |     DROP  FE_med_coverage_ratio                         var=0.005277
2026-08-04 11:52:15 | INFO     | selector             |     DROP  FE_inpatient_x_polypharmacy                   var=0.000118
2026-08-04 11:52:15 | INFO     | selector             | --------------------------------------------------
2026-08-04 11:52:15 | INFO     | selector             | Stage 2: Correlation Filter (threshold=0.9)
2026-08-04 11:52:16 | INFO     | selector             |   Input    : 67
2026-08-04 11:52:16 | INFO     | selector             |   Selected : 53
2026-08-04 11:52:16 | INFO     | selector             |   Removed  : 14
2026-08-04 11:52:16 | INFO     | selector             |     DROP  num_lab_procedures                       r=0.9822 (kept: FE_total_clinical_contacts)
2026-08-04 11:52:16 | INFO     | selector             |     DROP  num_procedures                           r=0.9501 (kept: FE_procedure_density)
2026-08-04 11:52:16 | INFO     | selector             |     DROP  FE_n_active_ordinal_meds                 r=0.9937 (kept: FE_total_active_meds)
2026-08-04 11:52:16 | INFO     | selector             |     DROP  FE_n_med_changes                         r=0.9981 (kept: FE_any_med_changed)
2026-08-04 11:52:16 | INFO     | selector             |     DROP  FE_procedure_density                     r=0.9053 (kept: FE_no_procedures)
2026-08-04 11:52:16 | INFO     | selector             |     DROP  number_emergency                         r=0.9985 (kept: FE_has_prior_emergency)
2026-08-04 11:52:16 | INFO     | selector             |     DROP  number_inpatient                         r=0.9732 (kept: FE_has_prior_inpatient)
2026-08-04 11:52:16 | INFO     | selector             |     DROP  FE_total_prior_contacts                  r=0.9635 (kept: FE_multi_channel_utilizer)
2026-08-04 11:52:16 | INFO     | selector             |     DROP  insulin                                  r=0.9405 (kept: FE_insulin_prescribed)
2026-08-04 11:52:16 | INFO     | selector             |     DROP  metformin                                r=0.9983 (kept: FE_metformin_prescribed)
2026-08-04 11:52:16 | INFO     | selector             |     DROP  diabetesMed                              r=1.0 (kept: FE_on_diabetes_med)
2026-08-04 11:52:16 | INFO     | selector             |     DROP  change                                   r=1.0 (kept: FE_med_regimen_changed)
2026-08-04 11:52:16 | INFO     | selector             |     DROP  FE_has_prior_emergency                   r=0.9976 (kept: FE_glycemic_x_emergency)
2026-08-04 11:52:16 | INFO     | selector             |     DROP  FE_high_comorbidity                      r=0.9552 (kept: FE_labs_per_day_x_comorbidity)
2026-08-04 11:52:18 | INFO     | selector             | ======================================================================
2026-08-04 11:52:18 | INFO     | selector             | DriftSentinel — Feature Selector  [fit on TRAIN]
2026-08-04 11:52:18 | INFO     | selector             | ======================================================================
2026-08-04 11:52:18 | INFO     | selector             | Input shape : (50793, 79)
2026-08-04 11:52:18 | INFO     | selector             | Feature matrix : 50,793 rows x 78 features
2026-08-04 11:52:18 | INFO     | selector             | Target (binary): {0: 44699, 1: 6094}
2026-08-04 11:52:18 | INFO     | selector             | --------------------------------------------------
2026-08-04 11:52:18 | INFO     | selector             | Stage 1: Variance Threshold (threshold=0.01)
2026-08-04 11:52:18 | INFO     | selector             |   Input    : 78 features
2026-08-04 11:52:18 | INFO     | selector             |   Selected : 67
2026-08-04 11:52:18 | INFO     | selector             |   Removed  : 11
2026-08-04 11:52:18 | INFO     | selector             |     DROP  nateglinide                                   var=0.006658
2026-08-04 11:52:18 | INFO     | selector             |     DROP  chlorpropamide                                var=0.001200
2026-08-04 11:52:18 | INFO     | selector             |     DROP  tolbutamide                                   var=0.000256
2026-08-04 11:52:18 | INFO     | selector             |     DROP  acarbose                                      var=0.002944
2026-08-04 11:52:18 | INFO     | selector             |     DROP  miglitol                                      var=0.000433
2026-08-04 11:52:18 | INFO     | selector             |     DROP  tolazamide                                    var=0.000689
2026-08-04 11:52:18 | INFO     | selector             |     DROP  glyburide-metformin                           var=0.004449
2026-08-04 11:52:18 | INFO     | selector             |     DROP  glipizide-metformin                           var=0.000157
2026-08-04 11:52:18 | INFO     | selector             |     DROP  FE_polypharmacy                               var=0.000492
2026-08-04 11:52:18 | INFO     | selector             |     DROP  FE_med_coverage_ratio                         var=0.005277
2026-08-04 11:52:18 | INFO     | selector             |     DROP  FE_inpatient_x_polypharmacy                   var=0.000118
2026-08-04 11:52:18 | INFO     | selector             | --------------------------------------------------
2026-08-04 11:52:18 | INFO     | selector             | Stage 2: Correlation Filter (threshold=0.9)
2026-08-04 11:52:19 | INFO     | selector             |   Input    : 67
2026-08-04 11:52:19 | INFO     | selector             |   Selected : 53
2026-08-04 11:52:19 | INFO     | selector             |   Removed  : 14
2026-08-04 11:52:19 | INFO     | selector             |     DROP  num_lab_procedures                       r=0.9822 (kept: FE_total_clinical_contacts)
2026-08-04 11:52:19 | INFO     | selector             |     DROP  num_procedures                           r=0.9501 (kept: FE_procedure_density)
2026-08-04 11:52:19 | INFO     | selector             |     DROP  FE_n_active_ordinal_meds                 r=0.9937 (kept: FE_total_active_meds)
2026-08-04 11:52:19 | INFO     | selector             |     DROP  FE_n_med_changes                         r=0.9981 (kept: FE_any_med_changed)
2026-08-04 11:52:19 | INFO     | selector             |     DROP  FE_procedure_density                     r=0.9053 (kept: FE_no_procedures)
2026-08-04 11:52:19 | INFO     | selector             |     DROP  number_emergency                         r=0.9985 (kept: FE_has_prior_emergency)
2026-08-04 11:52:19 | INFO     | selector             |     DROP  number_inpatient                         r=0.9732 (kept: FE_has_prior_inpatient)
2026-08-04 11:52:19 | INFO     | selector             |     DROP  FE_total_prior_contacts                  r=0.9635 (kept: FE_multi_channel_utilizer)
2026-08-04 11:52:19 | INFO     | selector             |     DROP  insulin                                  r=0.9405 (kept: FE_insulin_prescribed)
2026-08-04 11:52:19 | INFO     | selector             |     DROP  metformin                                r=0.9983 (kept: FE_metformin_prescribed)
2026-08-04 11:52:19 | INFO     | selector             |     DROP  diabetesMed                              r=1.0 (kept: FE_on_diabetes_med)
2026-08-04 11:52:19 | INFO     | selector             |     DROP  change                                   r=1.0 (kept: FE_med_regimen_changed)
2026-08-04 11:52:19 | INFO     | selector             |     DROP  FE_has_prior_emergency                   r=0.9976 (kept: FE_glycemic_x_emergency)
2026-08-04 11:52:19 | INFO     | selector             |     DROP  FE_high_comorbidity                      r=0.9552 (kept: FE_labs_per_day_x_comorbidity)
2026-08-04 11:52:19 | INFO     | selector             | --------------------------------------------------
2026-08-04 11:52:19 | INFO     | selector             | Stage 3: Mutual Information (drop bottom 20th percentile)
2026-08-04 11:52:30 | INFO     | selector             |   Input    : 53
2026-08-04 11:52:30 | INFO     | selector             |   MI threshold (P20) : 0.000763
2026-08-04 11:52:30 | INFO     | selector             |   Selected : 42
2026-08-04 11:52:30 | INFO     | selector             |   Removed  : 11
2026-08-04 11:52:30 | INFO     | selector             |   Top 10 MI scores:
2026-08-04 11:52:30 | INFO     | selector             |     weight_missing                                MI=0.011516
2026-08-04 11:52:30 | INFO     | selector             |     FE_high_prior_utilization                     MI=0.010682
2026-08-04 11:52:30 | INFO     | selector             |     FE_multi_channel_utilizer                     MI=0.010222
2026-08-04 11:52:30 | INFO     | selector             |     FE_has_prior_inpatient                        MI=0.009810
2026-08-04 11:52:30 | INFO     | selector             |     FE_on_diabetes_med                            MI=0.008874
2026-08-04 11:52:30 | INFO     | selector             |     number_diagnoses                              MI=0.008361
2026-08-04 11:52:30 | INFO     | selector             |     A1Cresult_missing                             MI=0.008225
2026-08-04 11:52:30 | INFO     | selector             |     FE_no_procedures                              MI=0.007636
2026-08-04 11:52:30 | INFO     | selector             |     race                                          MI=0.007592
2026-08-04 11:52:30 | INFO     | selector             |     FE_insulin_prescribed                         MI=0.007528
2026-08-04 11:52:30 | INFO     | selector             | --------------------------------------------------
2026-08-04 11:52:30 | INFO     | selector             | Stage 4: Boruta Shadow Feature Selection (n_estimators=200, max_iter=50)
2026-08-04 11:52:40 | INFO     | selector             |   Boruta iter  10/50 — confirmed so far: 0
2026-08-04 11:52:51 | INFO     | selector             |   Boruta iter  20/50 — confirmed so far: 0
2026-08-04 11:53:02 | INFO     | selector             |   Boruta iter  30/50 — confirmed so far: 0
2026-08-04 11:53:12 | INFO     | selector             |   Boruta iter  40/50 — confirmed so far: 0
2026-08-04 11:53:23 | INFO     | selector             |   Boruta iter  50/50 — confirmed so far: 0
2026-08-04 11:53:23 | INFO     | selector             |   Input    : 42
2026-08-04 11:53:23 | INFO     | selector             |   Selected : 0 (confirmed)
2026-08-04 11:53:23 | INFO     | selector             |   Removed  : 42 (tentative/rejected)
2026-08-04 11:53:23 | INFO     | selector             |   Top 10 hit rates:
2026-08-04 11:53:23 | INFO     | selector             |     FE_high_prior_utilization                     hit_rate=0.30
2026-08-04 11:53:23 | INFO     | selector             |     FE_has_prior_inpatient                        hit_rate=0.24
2026-08-04 11:53:23 | INFO     | selector             |     weight_missing                                hit_rate=0.00
2026-08-04 11:53:23 | INFO     | selector             |     FE_multi_channel_utilizer                     hit_rate=0.00
2026-08-04 11:53:23 | INFO     | selector             |     FE_on_diabetes_med                            hit_rate=0.00
2026-08-04 11:53:23 | INFO     | selector             |     number_diagnoses                              hit_rate=0.00
2026-08-04 11:53:23 | INFO     | selector             |     A1Cresult_missing                             hit_rate=0.00
2026-08-04 11:53:23 | INFO     | selector             |     FE_no_procedures                              hit_rate=0.00
2026-08-04 11:53:23 | INFO     | selector             |     race                                          hit_rate=0.00
2026-08-04 11:53:23 | INFO     | selector             |     FE_insulin_prescribed                         hit_rate=0.00
2026-08-04 11:53:23 | INFO     | selector             | --------------------------------------------------
2026-08-04 11:53:23 | INFO     | selector             | Stage 5: SHAP Importance (GBM, n_estimators=300)
2026-08-04 11:53:23 | WARNING  | selector             |   Stage 5 SKIPPED — Boruta confirmed 0 features, so there is nothing to rank. Contributing no votes.
2026-08-04 11:53:23 | INFO     | selector             | --------------------------------------------------
2026-08-04 11:53:23 | INFO     | selector             | Stage 6: Stability Selection (n_bootstrap=50, frac=0.75, threshold=0.6)
2026-08-04 11:53:23 | WARNING  | selector             |   Stage 6 SKIPPED — no candidates from stage 5. Contributing no votes.
2026-08-04 11:53:23 | INFO     | selector             | --------------------------------------------------
2026-08-04 11:53:23 | INFO     | selector             | Stage 7: Consensus Vote (min_stages=2)
2026-08-04 11:53:23 | INFO     | selector             |   Total features evaluated : 78
2026-08-04 11:53:23 | INFO     | selector             |   Selected (votes >= 2)   : 53
2026-08-04 11:53:23 | INFO     | selector             |   Removed                  : 25
2026-08-04 11:53:23 | INFO     | selector             |   Vote summary (top 20):
2026-08-04 11:53:23 | INFO     | selector             |     [✓] race                                          votes=3/6
2026-08-04 11:53:23 | INFO     | selector             |     [✓] gender                                        votes=3/6
2026-08-04 11:53:23 | INFO     | selector             |     [✓] age                                           votes=3/6
2026-08-04 11:53:23 | INFO     | selector             |     [✓] admission_type_id                             votes=3/6
2026-08-04 11:53:23 | INFO     | selector             |     [✓] discharge_disposition_id                      votes=3/6
2026-08-04 11:53:23 | INFO     | selector             |     [✓] admission_source_id                           votes=3/6
2026-08-04 11:53:23 | INFO     | selector             |     [✓] time_in_hospital                              votes=3/6
2026-08-04 11:53:23 | INFO     | selector             |     [✓] payer_code                                    votes=3/6
2026-08-04 11:53:23 | INFO     | selector             |     [✓] medical_specialty                             votes=3/6
2026-08-04 11:53:23 | INFO     | selector             |     [✓] number_outpatient                             votes=3/6
2026-08-04 11:53:23 | INFO     | selector             |     [✓] diag_2                                        votes=3/6
2026-08-04 11:53:23 | INFO     | selector             |     [✓] diag_3                                        votes=3/6
2026-08-04 11:53:23 | INFO     | selector             |     [✓] number_diagnoses                              votes=3/6
2026-08-04 11:53:23 | INFO     | selector             |     [✓] repaglinide                                   votes=3/6
2026-08-04 11:53:23 | INFO     | selector             |     [✓] glipizide                                     votes=3/6
2026-08-04 11:53:23 | INFO     | selector             |     [✓] glyburide                                     votes=3/6
2026-08-04 11:53:23 | INFO     | selector             |     [✓] pioglitazone                                  votes=3/6
2026-08-04 11:53:23 | INFO     | selector             |     [✓] weight_missing                                votes=3/6
2026-08-04 11:53:23 | INFO     | selector             |     [✓] max_glu_serum_missing                         votes=3/6
2026-08-04 11:53:23 | INFO     | selector             |     [✓] A1Cresult_missing                             votes=3/6
2026-08-04 11:53:23 | INFO     | selector             |   feature_scores.csv saved -> C:\Users\sharg\Desktop\github\DriftSentinel\outputs\artifacts\feature_scores.csv
2026-08-04 11:53:23 | INFO     | selector             |   Selected feature breakdown:
2026-08-04 11:53:23 | INFO     | selector             |     FE_ features selected : 29
2026-08-04 11:53:23 | INFO     | selector             |     Raw features selected : 24
2026-08-04 11:53:23 | INFO     | selector             |   selected_features.json saved -> C:\Users\sharg\Desktop\github\DriftSentinel\outputs\artifacts\selected_features.json
2026-08-04 11:53:23 | INFO     | selector             |   selector_stage_results.json saved -> C:\Users\sharg\Desktop\github\DriftSentinel\outputs\artifacts\selector_stage_results.json
2026-08-04 11:53:23 | INFO     | selector             |   feature_selector.pkl saved -> C:\Users\sharg\Desktop\github\DriftSentinel\outputs\artifacts\feature_selector.pkl
2026-08-04 11:53:23 | INFO     | selector             | ======================================================================
2026-08-04 11:53:23 | INFO     | selector             | Selection complete — 53 features retained from 78 input features
2026-08-04 11:53:23 | INFO     | selector             | ======================================================================
2026-08-04 11:53:28 | INFO     | selector             | --------------------------------------------------
2026-08-04 11:53:28 | INFO     | selector             | Stage 1: Variance Threshold (threshold=0.01)
2026-08-04 11:53:29 | INFO     | selector             |   Input    : 78 features
2026-08-04 11:53:29 | INFO     | selector             |   Selected : 67
2026-08-04 11:53:29 | INFO     | selector             |   Removed  : 11
2026-08-04 11:53:29 | INFO     | selector             |     DROP  nateglinide                                   var=0.006655
2026-08-04 11:53:29 | INFO     | selector             |     DROP  chlorpropamide                                var=0.001101
2026-08-04 11:53:29 | INFO     | selector             |     DROP  tolbutamide                                   var=0.000315
2026-08-04 11:53:29 | INFO     | selector             |     DROP  acarbose                                      var=0.003433
2026-08-04 11:53:29 | INFO     | selector             |     DROP  miglitol                                      var=0.000472
2026-08-04 11:53:29 | INFO     | selector             |     DROP  tolazamide                                    var=0.000590
2026-08-04 11:53:29 | INFO     | selector             |     DROP  glyburide-metformin                           var=0.005054
2026-08-04 11:53:29 | INFO     | selector             |     DROP  glipizide-metformin                           var=0.000197
2026-08-04 11:53:29 | INFO     | selector             |     DROP  FE_polypharmacy                               var=0.000492
2026-08-04 11:53:29 | INFO     | selector             |     DROP  FE_med_coverage_ratio                         var=0.005355
2026-08-04 11:53:29 | INFO     | selector             |     DROP  FE_inpatient_x_polypharmacy                   var=0.000098
2026-08-04 11:53:29 | INFO     | selector             | --------------------------------------------------
2026-08-04 11:53:29 | INFO     | selector             | Stage 2: Correlation Filter (threshold=0.9)
2026-08-04 11:53:29 | INFO     | selector             |   Input    : 67
2026-08-04 11:53:29 | INFO     | selector             |   Selected : 53
2026-08-04 11:53:29 | INFO     | selector             |   Removed  : 14
2026-08-04 11:53:29 | INFO     | selector             |     DROP  num_lab_procedures                       r=0.9822 (kept: FE_total_clinical_contacts)
2026-08-04 11:53:29 | INFO     | selector             |     DROP  num_procedures                           r=0.95 (kept: FE_procedure_density)
2026-08-04 11:53:29 | INFO     | selector             |     DROP  FE_n_active_ordinal_meds                 r=0.9935 (kept: FE_total_active_meds)
2026-08-04 11:53:29 | INFO     | selector             |     DROP  FE_n_med_changes                         r=0.9981 (kept: FE_any_med_changed)
2026-08-04 11:53:29 | INFO     | selector             |     DROP  FE_procedure_density                     r=0.9048 (kept: FE_no_procedures)
2026-08-04 11:53:29 | INFO     | selector             |     DROP  number_emergency                         r=0.9986 (kept: FE_has_prior_emergency)
2026-08-04 11:53:29 | INFO     | selector             |     DROP  number_inpatient                         r=0.973 (kept: FE_has_prior_inpatient)
2026-08-04 11:53:29 | INFO     | selector             |     DROP  FE_total_prior_contacts                  r=0.9636 (kept: FE_multi_channel_utilizer)
2026-08-04 11:53:29 | INFO     | selector             |     DROP  insulin                                  r=0.9403 (kept: FE_insulin_prescribed)
2026-08-04 11:53:29 | INFO     | selector             |     DROP  metformin                                r=0.9984 (kept: FE_metformin_prescribed)
2026-08-04 11:53:29 | INFO     | selector             |     DROP  diabetesMed                              r=1.0 (kept: FE_on_diabetes_med)
2026-08-04 11:53:29 | INFO     | selector             |     DROP  change                                   r=1.0 (kept: FE_med_regimen_changed)
2026-08-04 11:53:29 | INFO     | selector             |     DROP  FE_has_prior_emergency                   r=0.9978 (kept: FE_glycemic_x_emergency)
2026-08-04 11:53:29 | INFO     | selector             |     DROP  FE_high_comorbidity                      r=0.9552 (kept: FE_labs_per_day_x_comorbidity)
2026-08-04 11:53:31 | INFO     | selector             | ======================================================================
2026-08-04 11:53:31 | INFO     | selector             | DriftSentinel — Feature Selector  [fit on TRAIN]
2026-08-04 11:53:31 | INFO     | selector             | ======================================================================
2026-08-04 11:53:31 | INFO     | selector             | Input shape : (50794, 79)
2026-08-04 11:53:31 | INFO     | selector             | Feature matrix : 50,794 rows x 78 features
2026-08-04 11:53:31 | INFO     | selector             | Target (binary): {0: 44700, 1: 6094}
2026-08-04 11:53:31 | INFO     | selector             | --------------------------------------------------
2026-08-04 11:53:31 | INFO     | selector             | Stage 1: Variance Threshold (threshold=0.01)
2026-08-04 11:53:31 | INFO     | selector             |   Input    : 78 features
2026-08-04 11:53:31 | INFO     | selector             |   Selected : 67
2026-08-04 11:53:31 | INFO     | selector             |   Removed  : 11
2026-08-04 11:53:31 | INFO     | selector             |     DROP  nateglinide                                   var=0.006655
2026-08-04 11:53:31 | INFO     | selector             |     DROP  chlorpropamide                                var=0.001101
2026-08-04 11:53:31 | INFO     | selector             |     DROP  tolbutamide                                   var=0.000315
2026-08-04 11:53:31 | INFO     | selector             |     DROP  acarbose                                      var=0.003433
2026-08-04 11:53:31 | INFO     | selector             |     DROP  miglitol                                      var=0.000472
2026-08-04 11:53:31 | INFO     | selector             |     DROP  tolazamide                                    var=0.000590
2026-08-04 11:53:31 | INFO     | selector             |     DROP  glyburide-metformin                           var=0.005054
2026-08-04 11:53:31 | INFO     | selector             |     DROP  glipizide-metformin                           var=0.000197
2026-08-04 11:53:31 | INFO     | selector             |     DROP  FE_polypharmacy                               var=0.000492
2026-08-04 11:53:31 | INFO     | selector             |     DROP  FE_med_coverage_ratio                         var=0.005355
2026-08-04 11:53:31 | INFO     | selector             |     DROP  FE_inpatient_x_polypharmacy                   var=0.000098
2026-08-04 11:53:31 | INFO     | selector             | --------------------------------------------------
2026-08-04 11:53:31 | INFO     | selector             | Stage 2: Correlation Filter (threshold=0.9)
2026-08-04 11:53:31 | INFO     | selector             |   Input    : 67
2026-08-04 11:53:31 | INFO     | selector             |   Selected : 53
2026-08-04 11:53:31 | INFO     | selector             |   Removed  : 14
2026-08-04 11:53:31 | INFO     | selector             |     DROP  num_lab_procedures                       r=0.9822 (kept: FE_total_clinical_contacts)
2026-08-04 11:53:31 | INFO     | selector             |     DROP  num_procedures                           r=0.95 (kept: FE_procedure_density)
2026-08-04 11:53:31 | INFO     | selector             |     DROP  FE_n_active_ordinal_meds                 r=0.9935 (kept: FE_total_active_meds)
2026-08-04 11:53:31 | INFO     | selector             |     DROP  FE_n_med_changes                         r=0.9981 (kept: FE_any_med_changed)
2026-08-04 11:53:31 | INFO     | selector             |     DROP  FE_procedure_density                     r=0.9048 (kept: FE_no_procedures)
2026-08-04 11:53:31 | INFO     | selector             |     DROP  number_emergency                         r=0.9986 (kept: FE_has_prior_emergency)
2026-08-04 11:53:31 | INFO     | selector             |     DROP  number_inpatient                         r=0.973 (kept: FE_has_prior_inpatient)
2026-08-04 11:53:31 | INFO     | selector             |     DROP  FE_total_prior_contacts                  r=0.9636 (kept: FE_multi_channel_utilizer)
2026-08-04 11:53:31 | INFO     | selector             |     DROP  insulin                                  r=0.9403 (kept: FE_insulin_prescribed)
2026-08-04 11:53:31 | INFO     | selector             |     DROP  metformin                                r=0.9984 (kept: FE_metformin_prescribed)
2026-08-04 11:53:31 | INFO     | selector             |     DROP  diabetesMed                              r=1.0 (kept: FE_on_diabetes_med)
2026-08-04 11:53:31 | INFO     | selector             |     DROP  change                                   r=1.0 (kept: FE_med_regimen_changed)
2026-08-04 11:53:31 | INFO     | selector             |     DROP  FE_has_prior_emergency                   r=0.9978 (kept: FE_glycemic_x_emergency)
2026-08-04 11:53:31 | INFO     | selector             |     DROP  FE_high_comorbidity                      r=0.9552 (kept: FE_labs_per_day_x_comorbidity)
2026-08-04 11:53:31 | INFO     | selector             | --------------------------------------------------
2026-08-04 11:53:31 | INFO     | selector             | Stage 3: Mutual Information (drop bottom 20th percentile)
2026-08-04 11:53:44 | INFO     | selector             |   Input    : 53
2026-08-04 11:53:44 | INFO     | selector             |   MI threshold (P20) : 0.000366
2026-08-04 11:53:44 | INFO     | selector             |   Selected : 42
2026-08-04 11:53:44 | INFO     | selector             |   Removed  : 11
2026-08-04 11:53:44 | INFO     | selector             |   Top 10 MI scores:
2026-08-04 11:53:44 | INFO     | selector             |     FE_has_prior_inpatient                        MI=0.011595
2026-08-04 11:53:44 | INFO     | selector             |     FE_multi_channel_utilizer                     MI=0.011084
2026-08-04 11:53:44 | INFO     | selector             |     FE_on_diabetes_med                            MI=0.010169
2026-08-04 11:53:44 | INFO     | selector             |     FE_insulin_prescribed                         MI=0.009233
2026-08-04 11:53:44 | INFO     | selector             |     FE_med_regimen_changed                        MI=0.008852
2026-08-04 11:53:44 | INFO     | selector             |     discharge_disposition_id                      MI=0.008087
2026-08-04 11:53:44 | INFO     | selector             |     weight_missing                                MI=0.007903
2026-08-04 11:53:44 | INFO     | selector             |     A1Cresult_missing                             MI=0.007805
2026-08-04 11:53:44 | INFO     | selector             |     race                                          MI=0.007804
2026-08-04 11:53:44 | INFO     | selector             |     FE_high_prior_utilization                     MI=0.007300
2026-08-04 11:53:44 | INFO     | selector             | --------------------------------------------------
2026-08-04 11:53:44 | INFO     | selector             | Stage 4: Boruta Shadow Feature Selection (n_estimators=200, max_iter=50)
2026-08-04 11:53:57 | INFO     | selector             |   Boruta iter  10/50 — confirmed so far: 0
2026-08-04 11:54:09 | INFO     | selector             |   Boruta iter  20/50 — confirmed so far: 0
2026-08-04 11:54:22 | INFO     | selector             |   Boruta iter  30/50 — confirmed so far: 0
2026-08-04 11:54:35 | INFO     | selector             |   Boruta iter  40/50 — confirmed so far: 0
2026-08-04 11:54:48 | INFO     | selector             |   Boruta iter  50/50 — confirmed so far: 0
2026-08-04 11:54:48 | INFO     | selector             |   Input    : 42
2026-08-04 11:54:48 | INFO     | selector             |   Selected : 1 (confirmed)
2026-08-04 11:54:48 | INFO     | selector             |   Removed  : 41 (tentative/rejected)
2026-08-04 11:54:48 | INFO     | selector             |   Top 10 hit rates:
2026-08-04 11:54:48 | INFO     | selector             |     FE_has_prior_inpatient                        hit_rate=0.82
2026-08-04 11:54:48 | INFO     | selector             |     FE_high_prior_utilization                     hit_rate=0.48
2026-08-04 11:54:48 | INFO     | selector             |     FE_multi_channel_utilizer                     hit_rate=0.00
2026-08-04 11:54:48 | INFO     | selector             |     FE_on_diabetes_med                            hit_rate=0.00
2026-08-04 11:54:48 | INFO     | selector             |     FE_insulin_prescribed                         hit_rate=0.00
2026-08-04 11:54:48 | INFO     | selector             |     FE_med_regimen_changed                        hit_rate=0.00
2026-08-04 11:54:48 | INFO     | selector             |     discharge_disposition_id                      hit_rate=0.00
2026-08-04 11:54:48 | INFO     | selector             |     weight_missing                                hit_rate=0.00
2026-08-04 11:54:48 | INFO     | selector             |     A1Cresult_missing                             hit_rate=0.00
2026-08-04 11:54:48 | INFO     | selector             |     race                                          hit_rate=0.00
2026-08-04 11:54:48 | INFO     | selector             | --------------------------------------------------
2026-08-04 11:54:48 | INFO     | selector             | Stage 5: SHAP Importance (GBM, n_estimators=300)
2026-08-04 11:54:52 | INFO     | selector             |   Input    : 1
2026-08-04 11:54:52 | INFO     | selector             |   SHAP threshold (P20) : 0.356854
2026-08-04 11:54:52 | INFO     | selector             |   Selected : 1
2026-08-04 11:54:52 | INFO     | selector             |   Removed  : 0
2026-08-04 11:54:52 | INFO     | selector             |   Top 15 SHAP scores:
2026-08-04 11:54:52 | INFO     | selector             |     FE_has_prior_inpatient                        SHAP=0.356854
2026-08-04 11:54:52 | INFO     | selector             | --------------------------------------------------
2026-08-04 11:54:52 | INFO     | selector             | Stage 6: Stability Selection (n_bootstrap=50, frac=0.75, threshold=0.6)
2026-08-04 11:55:08 | INFO     | selector             |   Input    : 1
2026-08-04 11:55:08 | INFO     | selector             |   Selected : 1 (stability >= 0.6)
2026-08-04 11:55:08 | INFO     | selector             |   Removed  : 0
2026-08-04 11:55:08 | INFO     | selector             |   Top 15 stability scores:
2026-08-04 11:55:08 | INFO     | selector             |     [✓] FE_has_prior_inpatient                      stability=1.0000
2026-08-04 11:55:08 | INFO     | selector             | --------------------------------------------------
2026-08-04 11:55:08 | INFO     | selector             | Stage 7: Consensus Vote (min_stages=2)
2026-08-04 11:55:08 | INFO     | selector             |   Total features evaluated : 78
2026-08-04 11:55:08 | INFO     | selector             |   Selected (votes >= 2)   : 53
2026-08-04 11:55:08 | INFO     | selector             |   Removed                  : 25
2026-08-04 11:55:08 | INFO     | selector             |   Vote summary (top 20):
2026-08-04 11:55:08 | INFO     | selector             |     [✓] FE_has_prior_inpatient                        votes=6/6
2026-08-04 11:55:08 | INFO     | selector             |     [✓] race                                          votes=3/6
2026-08-04 11:55:08 | INFO     | selector             |     [✓] gender                                        votes=3/6
2026-08-04 11:55:08 | INFO     | selector             |     [✓] age                                           votes=3/6
2026-08-04 11:55:08 | INFO     | selector             |     [✓] admission_type_id                             votes=3/6
2026-08-04 11:55:08 | INFO     | selector             |     [✓] discharge_disposition_id                      votes=3/6
2026-08-04 11:55:08 | INFO     | selector             |     [✓] time_in_hospital                              votes=3/6
2026-08-04 11:55:08 | INFO     | selector             |     [✓] payer_code                                    votes=3/6
2026-08-04 11:55:08 | INFO     | selector             |     [✓] medical_specialty                             votes=3/6
2026-08-04 11:55:08 | INFO     | selector             |     [✓] num_medications                               votes=3/6
2026-08-04 11:55:08 | INFO     | selector             |     [✓] number_outpatient                             votes=3/6
2026-08-04 11:55:08 | INFO     | selector             |     [✓] diag_1                                        votes=3/6
2026-08-04 11:55:08 | INFO     | selector             |     [✓] diag_2                                        votes=3/6
2026-08-04 11:55:08 | INFO     | selector             |     [✓] diag_3                                        votes=3/6
2026-08-04 11:55:08 | INFO     | selector             |     [✓] number_diagnoses                              votes=3/6
2026-08-04 11:55:08 | INFO     | selector             |     [✓] repaglinide                                   votes=3/6
2026-08-04 11:55:08 | INFO     | selector             |     [✓] pioglitazone                                  votes=3/6
2026-08-04 11:55:08 | INFO     | selector             |     [✓] weight_missing                                votes=3/6
2026-08-04 11:55:08 | INFO     | selector             |     [✓] max_glu_serum_missing                         votes=3/6
2026-08-04 11:55:08 | INFO     | selector             |     [✓] A1Cresult_missing                             votes=3/6
2026-08-04 11:55:08 | INFO     | selector             |   feature_scores.csv saved -> C:\Users\sharg\Desktop\github\DriftSentinel\outputs\artifacts\feature_scores.csv
2026-08-04 11:55:08 | INFO     | selector             |   Selected feature breakdown:
2026-08-04 11:55:08 | INFO     | selector             |     FE_ features selected : 29
2026-08-04 11:55:08 | INFO     | selector             |     Raw features selected : 24
2026-08-04 11:55:08 | INFO     | selector             |   selected_features.json saved -> C:\Users\sharg\Desktop\github\DriftSentinel\outputs\artifacts\selected_features.json
2026-08-04 11:55:08 | INFO     | selector             |   selector_stage_results.json saved -> C:\Users\sharg\Desktop\github\DriftSentinel\outputs\artifacts\selector_stage_results.json
2026-08-04 11:55:08 | INFO     | selector             |   feature_selector.pkl saved -> C:\Users\sharg\Desktop\github\DriftSentinel\outputs\artifacts\feature_selector.pkl
2026-08-04 11:55:08 | INFO     | selector             | ======================================================================
2026-08-04 11:55:08 | INFO     | selector             | Selection complete — 53 features retained from 78 input features
2026-08-04 11:55:08 | INFO     | selector             | ======================================================================
2026-08-04 16:51:47 | INFO     | selector             | ===== RUN 20260804-165142-7b7be6 | pid=24520 | started 2026-08-04 16:51:47 =====
2026-08-04 16:51:47 | INFO     | selector             | --------------------------------------------------
2026-08-04 16:51:47 | INFO     | selector             | Stage 5: SHAP Importance (GBM, n_estimators=300)
2026-08-04 16:51:47 | WARNING  | selector             |   Stage 5 SKIPPED — Boruta confirmed 0 features, so there is nothing to rank. Contributing no votes.
2026-08-04 16:51:47 | INFO     | selector             | --------------------------------------------------
2026-08-04 16:51:47 | INFO     | selector             | Stage 6: Stability Selection (n_bootstrap=50, frac=0.75, threshold=0.6)
2026-08-04 16:51:47 | WARNING  | selector             |   Stage 6 SKIPPED — no candidates from stage 5. Contributing no votes.
2026-08-04 16:51:47 | INFO     | selector             | --------------------------------------------------
2026-08-04 16:51:47 | INFO     | selector             | Stage 5: SHAP Importance (GBM, n_estimators=300)
2026-08-04 16:51:48 | INFO     | selector             |   Input    : 1
2026-08-04 16:51:48 | INFO     | selector             |   SHAP threshold (P20) : 1.314825
2026-08-04 16:51:48 | INFO     | selector             |   Selected : 1
2026-08-04 16:51:48 | INFO     | selector             |   Removed  : 0
2026-08-04 16:51:48 | INFO     | selector             |   Top 15 SHAP scores:
2026-08-04 16:51:48 | INFO     | selector             |     a                                             SHAP=1.314825
2026-08-04 16:51:48 | INFO     | selector             | --------------------------------------------------
2026-08-04 16:51:48 | INFO     | selector             | Stage 6: Stability Selection (n_bootstrap=50, frac=0.75, threshold=0.6)
2026-08-04 16:51:53 | INFO     | selector             |   Input    : 1
2026-08-04 16:51:53 | INFO     | selector             |   Selected : 1 (stability >= 0.6)
2026-08-04 16:51:53 | INFO     | selector             |   Removed  : 0
2026-08-04 16:51:53 | INFO     | selector             |   Top 15 stability scores:
2026-08-04 16:51:53 | INFO     | selector             |     [✓] a                                           stability=1.0000
2026-08-04 16:57:46 | INFO     | selector             | ===== RUN 20260804-165740-c03cf4 | pid=6540 | started 2026-08-04 16:57:46 =====
2026-08-04 16:57:46 | INFO     | selector             | --------------------------------------------------
2026-08-04 16:57:46 | INFO     | selector             | Stage 5: SHAP Importance (GBM, n_estimators=300)
2026-08-04 16:57:46 | WARNING  | selector             |   Stage 5 SKIPPED — Boruta confirmed 0 features, so there is nothing to rank. Contributing no votes.
2026-08-04 16:57:46 | INFO     | selector             | --------------------------------------------------
2026-08-04 16:57:46 | INFO     | selector             | Stage 6: Stability Selection (n_bootstrap=50, frac=0.75, threshold=0.6)
2026-08-04 16:57:46 | WARNING  | selector             |   Stage 6 SKIPPED — no candidates from stage 5. Contributing no votes.
2026-08-04 16:57:46 | INFO     | selector             | --------------------------------------------------
2026-08-04 16:57:46 | INFO     | selector             | Stage 5: SHAP Importance (GBM, n_estimators=300)
2026-08-04 16:57:46 | INFO     | selector             |   Input    : 1
2026-08-04 16:57:46 | INFO     | selector             |   SHAP threshold (P20) : 1.314825
2026-08-04 16:57:46 | INFO     | selector             |   Selected : 1
2026-08-04 16:57:46 | INFO     | selector             |   Removed  : 0
2026-08-04 16:57:46 | INFO     | selector             |   Top 15 SHAP scores:
2026-08-04 16:57:46 | INFO     | selector             |     a                                             SHAP=1.314825
2026-08-04 16:57:46 | INFO     | selector             | --------------------------------------------------
2026-08-04 16:57:46 | INFO     | selector             | Stage 6: Stability Selection (n_bootstrap=50, frac=0.75, threshold=0.6)
2026-08-04 16:57:55 | INFO     | selector             |   Input    : 1
2026-08-04 16:57:55 | INFO     | selector             |   Selected : 1 (stability >= 0.6)
2026-08-04 16:57:55 | INFO     | selector             |   Removed  : 0
2026-08-04 16:57:55 | INFO     | selector             |   Top 15 stability scores:
2026-08-04 16:57:55 | INFO     | selector             |     [✓] a                                           stability=1.0000
2026-08-04 16:58:36 | INFO     | selector             | ===== RUN 20260804-165831-9182c7 | pid=23044 | started 2026-08-04 16:58:36 =====
2026-08-04 16:58:36 | INFO     | selector             | --------------------------------------------------
2026-08-04 16:58:36 | INFO     | selector             | Stage 5: SHAP Importance (GBM, n_estimators=300)
2026-08-04 16:58:36 | WARNING  | selector             |   Stage 5 SKIPPED — Boruta confirmed 0 features, so there is nothing to rank. Contributing no votes.
2026-08-04 16:58:36 | INFO     | selector             | --------------------------------------------------
2026-08-04 16:58:36 | INFO     | selector             | Stage 6: Stability Selection (n_bootstrap=50, frac=0.75, threshold=0.6)
2026-08-04 16:58:36 | WARNING  | selector             |   Stage 6 SKIPPED — no candidates from stage 5. Contributing no votes.
2026-08-04 16:58:36 | INFO     | selector             | --------------------------------------------------
2026-08-04 16:58:36 | INFO     | selector             | Stage 5: SHAP Importance (GBM, n_estimators=300)
2026-08-04 16:58:36 | INFO     | selector             |   Input    : 1
2026-08-04 16:58:36 | INFO     | selector             |   SHAP threshold (P20) : 1.314825
2026-08-04 16:58:36 | INFO     | selector             |   Selected : 1
2026-08-04 16:58:36 | INFO     | selector             |   Removed  : 0
2026-08-04 16:58:36 | INFO     | selector             |   Top 15 SHAP scores:
2026-08-04 16:58:36 | INFO     | selector             |     a                                             SHAP=1.314825
2026-08-04 16:58:36 | INFO     | selector             | --------------------------------------------------
2026-08-04 16:58:36 | INFO     | selector             | Stage 6: Stability Selection (n_bootstrap=50, frac=0.75, threshold=0.6)
2026-08-04 16:58:44 | INFO     | selector             |   Input    : 1
2026-08-04 16:58:44 | INFO     | selector             |   Selected : 1 (stability >= 0.6)
2026-08-04 16:58:44 | INFO     | selector             |   Removed  : 0
2026-08-04 16:58:44 | INFO     | selector             |   Top 15 stability scores:
2026-08-04 16:58:44 | INFO     | selector             |     [✓] a                                           stability=1.0000
2026-08-04 17:38:00 | INFO     | selector             | ===== RUN 20260804-173755-fd8c2a | pid=20500 | started 2026-08-04 17:38:00 =====
2026-08-04 17:38:00 | INFO     | selector             | --------------------------------------------------
2026-08-04 17:38:00 | INFO     | selector             | Stage 5: SHAP Importance (GBM, n_estimators=300)
2026-08-04 17:38:00 | WARNING  | selector             |   Stage 5 SKIPPED — Boruta confirmed 0 features, so there is nothing to rank. Contributing no votes.
2026-08-04 17:38:00 | INFO     | selector             | --------------------------------------------------
2026-08-04 17:38:00 | INFO     | selector             | Stage 6: Stability Selection (n_bootstrap=50, frac=0.75, threshold=0.6)
2026-08-04 17:38:00 | WARNING  | selector             |   Stage 6 SKIPPED — no candidates from stage 5. Contributing no votes.
2026-08-04 17:38:00 | INFO     | selector             | --------------------------------------------------
2026-08-04 17:38:00 | INFO     | selector             | Stage 5: SHAP Importance (GBM, n_estimators=300)
2026-08-04 17:38:01 | INFO     | selector             |   Input    : 1
2026-08-04 17:38:01 | INFO     | selector             |   SHAP threshold (P20) : 1.314825
2026-08-04 17:38:01 | INFO     | selector             |   Selected : 1
2026-08-04 17:38:01 | INFO     | selector             |   Removed  : 0
2026-08-04 17:38:01 | INFO     | selector             |   Top 15 SHAP scores:
2026-08-04 17:38:01 | INFO     | selector             |     a                                             SHAP=1.314825
2026-08-04 17:38:01 | INFO     | selector             | --------------------------------------------------
2026-08-04 17:38:01 | INFO     | selector             | Stage 6: Stability Selection (n_bootstrap=50, frac=0.75, threshold=0.6)
2026-08-04 17:38:11 | INFO     | selector             |   Input    : 1
2026-08-04 17:38:11 | INFO     | selector             |   Selected : 1 (stability >= 0.6)
2026-08-04 17:38:11 | INFO     | selector             |   Removed  : 0
2026-08-04 17:38:11 | INFO     | selector             |   Top 15 stability scores:
2026-08-04 17:38:11 | INFO     | selector             |     [✓] a                                           stability=1.0000
2026-08-04 17:50:11 | INFO     | selector             | ===== RUN 20260804-175008-eb3c90 | pid=27432 | started 2026-08-04 17:50:11 =====
2026-08-04 17:50:11 | INFO     | selector             | --------------------------------------------------
2026-08-04 17:50:11 | INFO     | selector             | Stage 5: SHAP Importance (GBM, n_estimators=300)
2026-08-04 17:50:11 | WARNING  | selector             |   Stage 5 SKIPPED — Boruta confirmed 0 features, so there is nothing to rank. Contributing no votes.
2026-08-04 17:50:11 | INFO     | selector             | --------------------------------------------------
2026-08-04 17:50:11 | INFO     | selector             | Stage 6: Stability Selection (n_bootstrap=50, frac=0.75, threshold=0.6)
2026-08-04 17:50:11 | WARNING  | selector             |   Stage 6 SKIPPED — no candidates from stage 5. Contributing no votes.
2026-08-04 17:50:11 | INFO     | selector             | --------------------------------------------------
2026-08-04 17:50:11 | INFO     | selector             | Stage 5: SHAP Importance (GBM, n_estimators=300)
2026-08-04 17:50:12 | INFO     | selector             |   Input    : 1
2026-08-04 17:50:12 | INFO     | selector             |   SHAP threshold (P20) : 1.314825
2026-08-04 17:50:12 | INFO     | selector             |   Selected : 1
2026-08-04 17:50:12 | INFO     | selector             |   Removed  : 0
2026-08-04 17:50:12 | INFO     | selector             |   Top 15 SHAP scores:
2026-08-04 17:50:12 | INFO     | selector             |     a                                             SHAP=1.314825
2026-08-04 17:50:12 | INFO     | selector             | --------------------------------------------------
2026-08-04 17:50:12 | INFO     | selector             | Stage 6: Stability Selection (n_bootstrap=50, frac=0.75, threshold=0.6)
2026-08-04 17:50:17 | INFO     | selector             |   Input    : 1
2026-08-04 17:50:17 | INFO     | selector             |   Selected : 1 (stability >= 0.6)
2026-08-04 17:50:17 | INFO     | selector             |   Removed  : 0
2026-08-04 17:50:17 | INFO     | selector             |   Top 15 stability scores:
2026-08-04 17:50:17 | INFO     | selector             |     [✓] a                                           stability=1.0000
2026-08-04 18:17:41 | INFO     | selector             | ===== RUN 20260804-181736-383e94 | pid=31444 | started 2026-08-04 18:17:41 =====
2026-08-04 18:17:41 | INFO     | selector             | ======================================================================
2026-08-04 18:17:41 | INFO     | selector             | DriftSentinel — Feature Selector  [fit on TRAIN]
2026-08-04 18:17:41 | INFO     | selector             | ======================================================================
2026-08-04 18:17:41 | INFO     | selector             | Input shape : (63492, 80)
2026-08-04 18:17:41 | INFO     | selector             | Feature matrix : 63,492 rows x 78 features
2026-08-04 18:17:41 | INFO     | selector             | Target (binary): {0: 55875, 1: 7617}
2026-08-04 18:17:41 | INFO     | selector             | --------------------------------------------------
2026-08-04 18:17:41 | INFO     | selector             | Stage 1: Variance Threshold (threshold=0.01)
2026-08-04 18:17:41 | INFO     | selector             |   Input    : 78 features
2026-08-04 18:17:41 | INFO     | selector             |   Selected : 67
2026-08-04 18:17:41 | INFO     | selector             |   Removed  : 11
2026-08-04 18:17:41 | INFO     | selector             |     DROP  nateglinide                                   var=0.006765
2026-08-04 18:17:41 | INFO     | selector             |     DROP  chlorpropamide                                var=0.001117
2026-08-04 18:17:41 | INFO     | selector             |     DROP  tolbutamide                                   var=0.000299
2026-08-04 18:17:41 | INFO     | selector             |     DROP  acarbose                                      var=0.003171
2026-08-04 18:17:41 | INFO     | selector             |     DROP  miglitol                                      var=0.000472
2026-08-04 18:17:41 | INFO     | selector             |     DROP  tolazamide                                    var=0.000598
2026-08-04 18:17:41 | INFO     | selector             |     DROP  glyburide-metformin                           var=0.004796
2026-08-04 18:17:41 | INFO     | selector             |     DROP  glipizide-metformin                           var=0.000157
2026-08-04 18:17:41 | INFO     | selector             |     DROP  FE_polypharmacy                               var=0.000504
2026-08-04 18:17:41 | INFO     | selector             |     DROP  FE_med_coverage_ratio                         var=0.005305
2026-08-04 18:17:41 | INFO     | selector             |     DROP  FE_inpatient_x_polypharmacy                   var=0.000094
2026-08-04 18:17:41 | INFO     | selector             | --------------------------------------------------
2026-08-04 18:17:41 | INFO     | selector             | Stage 2: Correlation Filter (threshold=0.9)
2026-08-04 18:17:42 | INFO     | selector             |   Input    : 67
2026-08-04 18:17:42 | INFO     | selector             |   Selected : 53
2026-08-04 18:17:42 | INFO     | selector             |   Removed  : 14
2026-08-04 18:17:42 | INFO     | selector             |     DROP  num_lab_procedures                       r=0.9821 (kept: FE_total_clinical_contacts)
2026-08-04 18:17:42 | INFO     | selector             |     DROP  num_procedures                           r=0.9502 (kept: FE_procedure_density)
2026-08-04 18:17:42 | INFO     | selector             |     DROP  FE_n_active_ordinal_meds                 r=0.9936 (kept: FE_total_active_meds)
2026-08-04 18:17:42 | INFO     | selector             |     DROP  FE_n_med_changes                         r=0.9982 (kept: FE_any_med_changed)
2026-08-04 18:17:42 | INFO     | selector             |     DROP  FE_procedure_density                     r=0.9049 (kept: FE_no_procedures)
2026-08-04 18:17:42 | INFO     | selector             |     DROP  number_emergency                         r=0.9986 (kept: FE_has_prior_emergency)
2026-08-04 18:17:42 | INFO     | selector             |     DROP  number_inpatient                         r=0.973 (kept: FE_has_prior_inpatient)
2026-08-04 18:17:42 | INFO     | selector             |     DROP  FE_total_prior_contacts                  r=0.9633 (kept: FE_multi_channel_utilizer)
2026-08-04 18:17:42 | INFO     | selector             |     DROP  insulin                                  r=0.9406 (kept: FE_insulin_prescribed)
2026-08-04 18:17:42 | INFO     | selector             |     DROP  metformin                                r=0.9984 (kept: FE_metformin_prescribed)
2026-08-04 18:17:42 | INFO     | selector             |     DROP  diabetesMed                              r=1.0 (kept: FE_on_diabetes_med)
2026-08-04 18:17:42 | INFO     | selector             |     DROP  change                                   r=1.0 (kept: FE_med_regimen_changed)
2026-08-04 18:17:42 | INFO     | selector             |     DROP  FE_has_prior_emergency                   r=0.9977 (kept: FE_glycemic_x_emergency)
2026-08-04 18:17:42 | INFO     | selector             |     DROP  FE_high_comorbidity                      r=0.9553 (kept: FE_labs_per_day_x_comorbidity)
2026-08-04 18:17:42 | INFO     | selector             | --------------------------------------------------
2026-08-04 18:17:42 | INFO     | selector             | Stage 3: Mutual Information (drop bottom 20th percentile)
2026-08-04 18:17:49 | INFO     | selector             |   Input    : 53
2026-08-04 18:17:49 | INFO     | selector             |   MI threshold (P20) : 0.000522
2026-08-04 18:17:49 | INFO     | selector             |   Selected : 42
2026-08-04 18:17:49 | INFO     | selector             |   Removed  : 11
2026-08-04 18:17:49 | INFO     | selector             |   Top 10 MI scores:
2026-08-04 18:17:49 | INFO     | selector             |     FE_on_diabetes_med                            MI=0.012227
2026-08-04 18:17:49 | INFO     | selector             |     FE_has_prior_inpatient                        MI=0.011854
2026-08-04 18:17:49 | INFO     | selector             |     FE_insulin_prescribed                         MI=0.010541
2026-08-04 18:17:49 | INFO     | selector             |     race                                          MI=0.010317
2026-08-04 18:17:49 | INFO     | selector             |     weight_missing                                MI=0.010241
2026-08-04 18:17:49 | INFO     | selector             |     A1Cresult_missing                             MI=0.010201
2026-08-04 18:17:49 | INFO     | selector             |     FE_med_regimen_changed                        MI=0.009947
2026-08-04 18:17:49 | INFO     | selector             |     FE_high_prior_utilization                     MI=0.009294
2026-08-04 18:17:49 | INFO     | selector             |     gender                                        MI=0.008221
2026-08-04 18:17:49 | INFO     | selector             |     FE_multi_channel_utilizer                     MI=0.008043
2026-08-04 18:17:49 | INFO     | selector             | --------------------------------------------------
2026-08-04 18:17:49 | INFO     | selector             | Stage 4: Boruta Shadow Feature Selection (n_estimators=200, max_iter=50)
2026-08-04 18:17:56 | INFO     | selector             |   Boruta iter  10/50 — confirmed so far: 0
2026-08-04 18:18:03 | INFO     | selector             |   Boruta iter  20/50 — confirmed so far: 0
2026-08-04 18:18:10 | INFO     | selector             |   Boruta iter  30/50 — confirmed so far: 0
2026-08-04 18:18:17 | INFO     | selector             |   Boruta iter  40/50 — confirmed so far: 0
2026-08-04 18:18:24 | INFO     | selector             |   Boruta iter  50/50 — confirmed so far: 0
2026-08-04 18:18:24 | INFO     | selector             |   Input    : 42
2026-08-04 18:18:24 | INFO     | selector             |   Selected : 1 (confirmed)
2026-08-04 18:18:24 | INFO     | selector             |   Removed  : 41 (tentative/rejected)
2026-08-04 18:18:24 | INFO     | selector             |   Top 10 hit rates:
2026-08-04 18:18:24 | INFO     | selector             |     FE_high_prior_utilization                     hit_rate=0.74
2026-08-04 18:18:24 | INFO     | selector             |     FE_has_prior_inpatient                        hit_rate=0.24
2026-08-04 18:18:24 | INFO     | selector             |     FE_on_diabetes_med                            hit_rate=0.00
2026-08-04 18:18:24 | INFO     | selector             |     FE_insulin_prescribed                         hit_rate=0.00
2026-08-04 18:18:24 | INFO     | selector             |     race                                          hit_rate=0.00
2026-08-04 18:18:24 | INFO     | selector             |     weight_missing                                hit_rate=0.00
2026-08-04 18:18:24 | INFO     | selector             |     A1Cresult_missing                             hit_rate=0.00
2026-08-04 18:18:24 | INFO     | selector             |     FE_med_regimen_changed                        hit_rate=0.00
2026-08-04 18:18:24 | INFO     | selector             |     gender                                        hit_rate=0.00
2026-08-04 18:18:24 | INFO     | selector             |     FE_multi_channel_utilizer                     hit_rate=0.00
2026-08-04 18:18:24 | INFO     | selector             | --------------------------------------------------
2026-08-04 18:18:24 | INFO     | selector             | Stage 5: SHAP Importance (GBM, n_estimators=300)
2026-08-04 18:18:26 | INFO     | selector             |   Input    : 1
2026-08-04 18:18:26 | INFO     | selector             |   SHAP threshold (P20) : 0.303850
2026-08-04 18:18:26 | INFO     | selector             |   Selected : 1
2026-08-04 18:18:26 | INFO     | selector             |   Removed  : 0
2026-08-04 18:18:26 | INFO     | selector             |   Top 15 SHAP scores:
2026-08-04 18:18:26 | INFO     | selector             |     FE_high_prior_utilization                     SHAP=0.303850
2026-08-04 18:18:26 | INFO     | selector             | --------------------------------------------------
2026-08-04 18:18:26 | INFO     | selector             | Stage 6: Stability Selection (n_bootstrap=50, frac=0.75, threshold=0.6)
2026-08-04 18:18:34 | INFO     | selector             |   Input    : 1
2026-08-04 18:18:34 | INFO     | selector             |   Selected : 1 (stability >= 0.6)
2026-08-04 18:18:34 | INFO     | selector             |   Removed  : 0
2026-08-04 18:18:34 | INFO     | selector             |   Top 15 stability scores:
2026-08-04 18:18:34 | INFO     | selector             |     [✓] FE_high_prior_utilization                   stability=1.0000
2026-08-04 18:18:34 | INFO     | selector             | --------------------------------------------------
2026-08-04 18:18:34 | INFO     | selector             | Stage 7: Consensus Vote (min_stages=2)
2026-08-04 18:18:34 | INFO     | selector             |   Total features evaluated : 78
2026-08-04 18:18:34 | INFO     | selector             |   Selected (votes >= 2)   : 53
2026-08-04 18:18:34 | INFO     | selector             |   Removed                  : 25
2026-08-04 18:18:34 | INFO     | selector             |   Vote summary (top 20):
2026-08-04 18:18:34 | INFO     | selector             |     [✓] FE_high_prior_utilization                     votes=6/6
2026-08-04 18:18:34 | INFO     | selector             |     [✓] race                                          votes=3/6
2026-08-04 18:18:34 | INFO     | selector             |     [✓] gender                                        votes=3/6
2026-08-04 18:18:34 | INFO     | selector             |     [✓] age                                           votes=3/6
2026-08-04 18:18:34 | INFO     | selector             |     [✓] admission_type_id                             votes=3/6
2026-08-04 18:18:34 | INFO     | selector             |     [✓] discharge_disposition_id                      votes=3/6
2026-08-04 18:18:34 | INFO     | selector             |     [✓] admission_source_id                           votes=3/6
2026-08-04 18:18:34 | INFO     | selector             |     [✓] time_in_hospital                              votes=3/6
2026-08-04 18:18:34 | INFO     | selector             |     [✓] payer_code                                    votes=3/6
2026-08-04 18:18:34 | INFO     | selector             |     [✓] medical_specialty                             votes=3/6
2026-08-04 18:18:34 | INFO     | selector             |     [✓] num_medications                               votes=3/6
2026-08-04 18:18:34 | INFO     | selector             |     [✓] number_outpatient                             votes=3/6
2026-08-04 18:18:34 | INFO     | selector             |     [✓] diag_1                                        votes=3/6
2026-08-04 18:18:34 | INFO     | selector             |     [✓] diag_2                                        votes=3/6
2026-08-04 18:18:34 | INFO     | selector             |     [✓] number_diagnoses                              votes=3/6
2026-08-04 18:18:34 | INFO     | selector             |     [✓] weight_missing                                votes=3/6
2026-08-04 18:18:34 | INFO     | selector             |     [✓] max_glu_serum_missing                         votes=3/6
2026-08-04 18:18:34 | INFO     | selector             |     [✓] A1Cresult_missing                             votes=3/6
2026-08-04 18:18:34 | INFO     | selector             |     [✓] FE_total_clinical_contacts                    votes=3/6
2026-08-04 18:18:34 | INFO     | selector             |     [✓] FE_labs_per_day                               votes=3/6
2026-08-04 18:18:34 | INFO     | selector             |   feature_scores.csv saved -> C:\Users\sharg\Desktop\github\DriftSentinel\outputs\artifacts\feature_scores.csv
2026-08-04 18:18:34 | INFO     | selector             |   Selected feature breakdown:
2026-08-04 18:18:34 | INFO     | selector             |     FE_ features selected : 29
2026-08-04 18:18:34 | INFO     | selector             |     Raw features selected : 24
2026-08-04 18:18:34 | INFO     | selector             |   selected_features.json saved -> C:\Users\sharg\Desktop\github\DriftSentinel\outputs\artifacts\selected_features.json
2026-08-04 18:18:34 | INFO     | selector             |   selector_stage_results.json saved -> C:\Users\sharg\Desktop\github\DriftSentinel\outputs\artifacts\selector_stage_results.json
2026-08-04 18:18:34 | INFO     | selector             |   feature_selector.pkl saved -> C:\Users\sharg\Desktop\github\DriftSentinel\outputs\artifacts\feature_selector.pkl
2026-08-04 18:18:34 | INFO     | selector             | ======================================================================
2026-08-04 18:18:34 | INFO     | selector             | Selection complete — 53 features retained from 78 input features
2026-08-04 18:18:34 | INFO     | selector             | ======================================================================
2026-08-04 18:18:34 | INFO     | selector             | ======================================================================
2026-08-04 18:18:34 | INFO     | selector             | DriftSentinel — Feature Selector  [transform on TRAIN]
2026-08-04 18:18:34 | INFO     | selector             | ======================================================================
2026-08-04 18:18:34 | INFO     | selector             | Input  shape : (63492, 80)
2026-08-04 18:18:34 | INFO     | selector             | Output shape : (63492, 55)
2026-08-04 18:18:34 | INFO     | selector             | Features retained : 53
2026-08-04 18:18:34 | INFO     | selector             | Targets retained  : ['readmitted_binary', 'readmitted_multi']
2026-08-04 18:18:34 | INFO     | selector             | ======================================================================
2026-08-04 18:18:34 | INFO     | selector             | ======================================================================
2026-08-04 18:18:34 | INFO     | selector             | DriftSentinel — Feature Selector  [transform on VAL]
2026-08-04 18:18:34 | INFO     | selector             | ======================================================================
2026-08-04 18:18:34 | INFO     | selector             | Input  shape : (20949, 80)
2026-08-04 18:18:34 | INFO     | selector             | Output shape : (20949, 55)
2026-08-04 18:18:34 | INFO     | selector             | Features retained : 53
2026-08-04 18:18:34 | INFO     | selector             | Targets retained  : ['readmitted_binary', 'readmitted_multi']
2026-08-04 18:18:34 | INFO     | selector             | ======================================================================
2026-08-04 18:18:34 | INFO     | selector             | ======================================================================
2026-08-04 18:18:34 | INFO     | selector             | DriftSentinel — Feature Selector  [transform on TEST]
2026-08-04 18:18:34 | INFO     | selector             | ======================================================================
2026-08-04 18:18:34 | INFO     | selector             | Input  shape : (17325, 80)
2026-08-04 18:18:34 | INFO     | selector             | Output shape : (17325, 55)
2026-08-04 18:18:34 | INFO     | selector             | Features retained : 53
2026-08-04 18:18:34 | INFO     | selector             | Targets retained  : ['readmitted_binary', 'readmitted_multi']
2026-08-04 18:18:34 | INFO     | selector             | ======================================================================
2026-08-04 18:18:40 | INFO     | selector             | ===== RUN 20260804-181836-bd5cbd | pid=17396 | started 2026-08-04 18:18:40 =====
2026-08-04 18:18:40 | INFO     | selector             | ======================================================================
2026-08-04 18:18:40 | INFO     | selector             | DriftSentinel — Feature Selector  [fit on TRAIN]
2026-08-04 18:18:40 | INFO     | selector             | ======================================================================
2026-08-04 18:18:40 | INFO     | selector             | Input shape : (63492, 80)
2026-08-04 18:18:40 | INFO     | selector             | Feature matrix : 63,492 rows x 78 features
2026-08-04 18:18:40 | INFO     | selector             | Target (binary): {0: 55875, 1: 7617}
2026-08-04 18:18:40 | INFO     | selector             | --------------------------------------------------
2026-08-04 18:18:40 | INFO     | selector             | Stage 1: Variance Threshold (threshold=0.01)
2026-08-04 18:18:40 | INFO     | selector             |   Input    : 78 features
2026-08-04 18:18:40 | INFO     | selector             |   Selected : 67
2026-08-04 18:18:40 | INFO     | selector             |   Removed  : 11
2026-08-04 18:18:40 | INFO     | selector             |     DROP  nateglinide                                   var=0.006765
2026-08-04 18:18:40 | INFO     | selector             |     DROP  chlorpropamide                                var=0.001117
2026-08-04 18:18:40 | INFO     | selector             |     DROP  tolbutamide                                   var=0.000299
2026-08-04 18:18:40 | INFO     | selector             |     DROP  acarbose                                      var=0.003171
2026-08-04 18:18:40 | INFO     | selector             |     DROP  miglitol                                      var=0.000472
2026-08-04 18:18:40 | INFO     | selector             |     DROP  tolazamide                                    var=0.000598
2026-08-04 18:18:40 | INFO     | selector             |     DROP  glyburide-metformin                           var=0.004796
2026-08-04 18:18:40 | INFO     | selector             |     DROP  glipizide-metformin                           var=0.000157
2026-08-04 18:18:40 | INFO     | selector             |     DROP  FE_polypharmacy                               var=0.000504
2026-08-04 18:18:40 | INFO     | selector             |     DROP  FE_med_coverage_ratio                         var=0.005305
2026-08-04 18:18:40 | INFO     | selector             |     DROP  FE_inpatient_x_polypharmacy                   var=0.000094
2026-08-04 18:18:40 | INFO     | selector             | --------------------------------------------------
2026-08-04 18:18:40 | INFO     | selector             | Stage 2: Correlation Filter (threshold=0.9)
2026-08-04 18:18:41 | INFO     | selector             |   Input    : 67
2026-08-04 18:18:41 | INFO     | selector             |   Selected : 53
2026-08-04 18:18:41 | INFO     | selector             |   Removed  : 14
2026-08-04 18:18:41 | INFO     | selector             |     DROP  num_lab_procedures                       r=0.9821 (kept: FE_total_clinical_contacts)
2026-08-04 18:18:41 | INFO     | selector             |     DROP  num_procedures                           r=0.9502 (kept: FE_procedure_density)
2026-08-04 18:18:41 | INFO     | selector             |     DROP  FE_n_active_ordinal_meds                 r=0.9936 (kept: FE_total_active_meds)
2026-08-04 18:18:41 | INFO     | selector             |     DROP  FE_n_med_changes                         r=0.9982 (kept: FE_any_med_changed)
2026-08-04 18:18:41 | INFO     | selector             |     DROP  FE_procedure_density                     r=0.9049 (kept: FE_no_procedures)
2026-08-04 18:18:41 | INFO     | selector             |     DROP  number_emergency                         r=0.9986 (kept: FE_has_prior_emergency)
2026-08-04 18:18:41 | INFO     | selector             |     DROP  number_inpatient                         r=0.973 (kept: FE_has_prior_inpatient)
2026-08-04 18:18:41 | INFO     | selector             |     DROP  FE_total_prior_contacts                  r=0.9633 (kept: FE_multi_channel_utilizer)
2026-08-04 18:18:41 | INFO     | selector             |     DROP  insulin                                  r=0.9406 (kept: FE_insulin_prescribed)
2026-08-04 18:18:41 | INFO     | selector             |     DROP  metformin                                r=0.9984 (kept: FE_metformin_prescribed)
2026-08-04 18:18:41 | INFO     | selector             |     DROP  diabetesMed                              r=1.0 (kept: FE_on_diabetes_med)
2026-08-04 18:18:41 | INFO     | selector             |     DROP  change                                   r=1.0 (kept: FE_med_regimen_changed)
2026-08-04 18:18:41 | INFO     | selector             |     DROP  FE_has_prior_emergency                   r=0.9977 (kept: FE_glycemic_x_emergency)
2026-08-04 18:18:41 | INFO     | selector             |     DROP  FE_high_comorbidity                      r=0.9553 (kept: FE_labs_per_day_x_comorbidity)
2026-08-04 18:18:41 | INFO     | selector             | --------------------------------------------------
2026-08-04 18:18:41 | INFO     | selector             | Stage 3: Mutual Information (drop bottom 20th percentile)
2026-08-04 18:18:48 | INFO     | selector             |   Input    : 53
2026-08-04 18:18:48 | INFO     | selector             |   MI threshold (P20) : 0.000522
2026-08-04 18:18:48 | INFO     | selector             |   Selected : 42
2026-08-04 18:18:48 | INFO     | selector             |   Removed  : 11
2026-08-04 18:18:48 | INFO     | selector             |   Top 10 MI scores:
2026-08-04 18:18:48 | INFO     | selector             |     FE_on_diabetes_med                            MI=0.012227
2026-08-04 18:18:48 | INFO     | selector             |     FE_has_prior_inpatient                        MI=0.011854
2026-08-04 18:18:48 | INFO     | selector             |     FE_insulin_prescribed                         MI=0.010541
2026-08-04 18:18:48 | INFO     | selector             |     race                                          MI=0.010317
2026-08-04 18:18:48 | INFO     | selector             |     weight_missing                                MI=0.010241
2026-08-04 18:18:48 | INFO     | selector             |     A1Cresult_missing                             MI=0.010201
2026-08-04 18:18:48 | INFO     | selector             |     FE_med_regimen_changed                        MI=0.009947
2026-08-04 18:18:48 | INFO     | selector             |     FE_high_prior_utilization                     MI=0.009294
2026-08-04 18:18:48 | INFO     | selector             |     gender                                        MI=0.008221
2026-08-04 18:18:48 | INFO     | selector             |     FE_multi_channel_utilizer                     MI=0.008043
2026-08-04 18:18:48 | INFO     | selector             | --------------------------------------------------
2026-08-04 18:18:48 | INFO     | selector             | Stage 4: Boruta Shadow Feature Selection (n_estimators=200, max_iter=50)
2026-08-04 18:18:56 | INFO     | selector             |   Boruta iter  10/50 — confirmed so far: 0
2026-08-04 18:19:03 | INFO     | selector             |   Boruta iter  20/50 — confirmed so far: 0
2026-08-04 18:19:10 | INFO     | selector             |   Boruta iter  30/50 — confirmed so far: 0
2026-08-04 18:19:17 | INFO     | selector             |   Boruta iter  40/50 — confirmed so far: 0
2026-08-04 18:19:26 | INFO     | selector             |   Boruta iter  50/50 — confirmed so far: 0
2026-08-04 18:19:26 | INFO     | selector             |   Input    : 42
2026-08-04 18:19:26 | INFO     | selector             |   Selected : 1 (confirmed)
2026-08-04 18:19:26 | INFO     | selector             |   Removed  : 41 (tentative/rejected)
2026-08-04 18:19:26 | INFO     | selector             |   Top 10 hit rates:
2026-08-04 18:19:26 | INFO     | selector             |     FE_high_prior_utilization                     hit_rate=0.74
2026-08-04 18:19:26 | INFO     | selector             |     FE_has_prior_inpatient                        hit_rate=0.24
2026-08-04 18:19:26 | INFO     | selector             |     FE_on_diabetes_med                            hit_rate=0.00
2026-08-04 18:19:26 | INFO     | selector             |     FE_insulin_prescribed                         hit_rate=0.00
2026-08-04 18:19:26 | INFO     | selector             |     race                                          hit_rate=0.00
2026-08-04 18:19:26 | INFO     | selector             |     weight_missing                                hit_rate=0.00
2026-08-04 18:19:26 | INFO     | selector             |     A1Cresult_missing                             hit_rate=0.00
2026-08-04 18:19:26 | INFO     | selector             |     FE_med_regimen_changed                        hit_rate=0.00
2026-08-04 18:19:26 | INFO     | selector             |     gender                                        hit_rate=0.00
2026-08-04 18:19:26 | INFO     | selector             |     FE_multi_channel_utilizer                     hit_rate=0.00
2026-08-04 18:19:26 | INFO     | selector             | --------------------------------------------------
2026-08-04 18:19:26 | INFO     | selector             | Stage 5: SHAP Importance (GBM, n_estimators=300)
2026-08-04 18:19:28 | INFO     | selector             |   Input    : 1
2026-08-04 18:19:28 | INFO     | selector             |   SHAP threshold (P20) : 0.303850
2026-08-04 18:19:28 | INFO     | selector             |   Selected : 1
2026-08-04 18:19:28 | INFO     | selector             |   Removed  : 0
2026-08-04 18:19:28 | INFO     | selector             |   Top 15 SHAP scores:
2026-08-04 18:19:28 | INFO     | selector             |     FE_high_prior_utilization                     SHAP=0.303850
2026-08-04 18:19:28 | INFO     | selector             | --------------------------------------------------
2026-08-04 18:19:28 | INFO     | selector             | Stage 6: Stability Selection (n_bootstrap=50, frac=0.75, threshold=0.6)
2026-08-04 18:19:36 | INFO     | selector             |   Input    : 1
2026-08-04 18:19:36 | INFO     | selector             |   Selected : 1 (stability >= 0.6)
2026-08-04 18:19:36 | INFO     | selector             |   Removed  : 0
2026-08-04 18:19:36 | INFO     | selector             |   Top 15 stability scores:
2026-08-04 18:19:36 | INFO     | selector             |     [✓] FE_high_prior_utilization                   stability=1.0000
2026-08-04 18:19:36 | INFO     | selector             | --------------------------------------------------
2026-08-04 18:19:36 | INFO     | selector             | Stage 7: Consensus Vote (min_stages=2)
2026-08-04 18:19:36 | INFO     | selector             |   Total features evaluated : 78
2026-08-04 18:19:36 | INFO     | selector             |   Selected (votes >= 2)   : 53
2026-08-04 18:19:36 | INFO     | selector             |   Removed                  : 25
2026-08-04 18:19:36 | INFO     | selector             |   Vote summary (top 20):
2026-08-04 18:19:36 | INFO     | selector             |     [✓] FE_high_prior_utilization                     votes=6/6
2026-08-04 18:19:36 | INFO     | selector             |     [✓] race                                          votes=3/6
2026-08-04 18:19:36 | INFO     | selector             |     [✓] gender                                        votes=3/6
2026-08-04 18:19:36 | INFO     | selector             |     [✓] age                                           votes=3/6
2026-08-04 18:19:36 | INFO     | selector             |     [✓] admission_type_id                             votes=3/6
2026-08-04 18:19:36 | INFO     | selector             |     [✓] discharge_disposition_id                      votes=3/6
2026-08-04 18:19:36 | INFO     | selector             |     [✓] admission_source_id                           votes=3/6
2026-08-04 18:19:36 | INFO     | selector             |     [✓] time_in_hospital                              votes=3/6
2026-08-04 18:19:36 | INFO     | selector             |     [✓] payer_code                                    votes=3/6
2026-08-04 18:19:36 | INFO     | selector             |     [✓] medical_specialty                             votes=3/6
2026-08-04 18:19:36 | INFO     | selector             |     [✓] num_medications                               votes=3/6
2026-08-04 18:19:36 | INFO     | selector             |     [✓] number_outpatient                             votes=3/6
2026-08-04 18:19:36 | INFO     | selector             |     [✓] diag_1                                        votes=3/6
2026-08-04 18:19:36 | INFO     | selector             |     [✓] diag_2                                        votes=3/6
2026-08-04 18:19:36 | INFO     | selector             |     [✓] number_diagnoses                              votes=3/6
2026-08-04 18:19:36 | INFO     | selector             |     [✓] weight_missing                                votes=3/6
2026-08-04 18:19:36 | INFO     | selector             |     [✓] max_glu_serum_missing                         votes=3/6
2026-08-04 18:19:36 | INFO     | selector             |     [✓] A1Cresult_missing                             votes=3/6
2026-08-04 18:19:36 | INFO     | selector             |     [✓] FE_total_clinical_contacts                    votes=3/6
2026-08-04 18:19:36 | INFO     | selector             |     [✓] FE_labs_per_day                               votes=3/6
2026-08-04 18:19:36 | INFO     | selector             |   feature_scores.csv saved -> C:\Users\sharg\Desktop\github\DriftSentinel\outputs\artifacts\feature_scores.csv
2026-08-04 18:19:36 | INFO     | selector             |   Selected feature breakdown:
2026-08-04 18:19:36 | INFO     | selector             |     FE_ features selected : 29
2026-08-04 18:19:36 | INFO     | selector             |     Raw features selected : 24
2026-08-04 18:19:36 | INFO     | selector             |   selected_features.json saved -> C:\Users\sharg\Desktop\github\DriftSentinel\outputs\artifacts\selected_features.json
2026-08-04 18:19:36 | INFO     | selector             |   selector_stage_results.json saved -> C:\Users\sharg\Desktop\github\DriftSentinel\outputs\artifacts\selector_stage_results.json
2026-08-04 18:19:36 | INFO     | selector             |   feature_selector.pkl saved -> C:\Users\sharg\Desktop\github\DriftSentinel\outputs\artifacts\feature_selector.pkl
2026-08-04 18:19:36 | INFO     | selector             | ======================================================================
2026-08-04 18:19:36 | INFO     | selector             | Selection complete — 53 features retained from 78 input features
2026-08-04 18:19:36 | INFO     | selector             | ======================================================================
2026-08-04 18:19:36 | INFO     | selector             | ======================================================================
2026-08-04 18:19:36 | INFO     | selector             | DriftSentinel — Feature Selector  [transform on TRAIN]
2026-08-04 18:19:36 | INFO     | selector             | ======================================================================
2026-08-04 18:19:36 | INFO     | selector             | Input  shape : (63492, 80)
2026-08-04 18:19:36 | INFO     | selector             | Output shape : (63492, 55)
2026-08-04 18:19:36 | INFO     | selector             | Features retained : 53
2026-08-04 18:19:36 | INFO     | selector             | Targets retained  : ['readmitted_binary', 'readmitted_multi']
2026-08-04 18:19:36 | INFO     | selector             | ======================================================================
2026-08-04 18:19:36 | INFO     | selector             | ======================================================================
2026-08-04 18:19:36 | INFO     | selector             | DriftSentinel — Feature Selector  [transform on VAL]
2026-08-04 18:19:36 | INFO     | selector             | ======================================================================
2026-08-04 18:19:36 | INFO     | selector             | Input  shape : (20949, 80)
2026-08-04 18:19:36 | INFO     | selector             | Output shape : (20949, 55)
2026-08-04 18:19:36 | INFO     | selector             | Features retained : 53
2026-08-04 18:19:36 | INFO     | selector             | Targets retained  : ['readmitted_binary', 'readmitted_multi']
2026-08-04 18:19:36 | INFO     | selector             | ======================================================================
2026-08-04 18:19:36 | INFO     | selector             | ======================================================================
2026-08-04 18:19:36 | INFO     | selector             | DriftSentinel — Feature Selector  [transform on TEST]
2026-08-04 18:19:36 | INFO     | selector             | ======================================================================
2026-08-04 18:19:36 | INFO     | selector             | Input  shape : (17325, 80)
2026-08-04 18:19:36 | INFO     | selector             | Output shape : (17325, 55)
2026-08-04 18:19:36 | INFO     | selector             | Features retained : 53
2026-08-04 18:19:36 | INFO     | selector             | Targets retained  : ['readmitted_binary', 'readmitted_multi']
2026-08-04 18:19:36 | INFO     | selector             | ======================================================================
2026-08-04 18:20:39 | INFO     | selector             | ===== RUN 20260804-182035-7f2ed9 | pid=30584 | started 2026-08-04 18:20:39 =====
2026-08-04 18:20:39 | INFO     | selector             | ======================================================================
2026-08-04 18:20:39 | INFO     | selector             | DriftSentinel — Feature Selector  [fit on TRAIN]
2026-08-04 18:20:39 | INFO     | selector             | ======================================================================
2026-08-04 18:20:39 | INFO     | selector             | Input shape : (63492, 80)
2026-08-04 18:20:39 | INFO     | selector             | Feature matrix : 63,492 rows x 78 features
2026-08-04 18:20:39 | INFO     | selector             | Target (binary): {0: 55875, 1: 7617}
2026-08-04 18:20:39 | INFO     | selector             | --------------------------------------------------
2026-08-04 18:20:39 | INFO     | selector             | Stage 1: Variance Threshold (threshold=0.01)
2026-08-04 18:20:39 | INFO     | selector             |   Input    : 78 features
2026-08-04 18:20:39 | INFO     | selector             |   Selected : 67
2026-08-04 18:20:39 | INFO     | selector             |   Removed  : 11
2026-08-04 18:20:39 | INFO     | selector             |     DROP  nateglinide                                   var=0.006765
2026-08-04 18:20:39 | INFO     | selector             |     DROP  chlorpropamide                                var=0.001117
2026-08-04 18:20:39 | INFO     | selector             |     DROP  tolbutamide                                   var=0.000299
2026-08-04 18:20:39 | INFO     | selector             |     DROP  acarbose                                      var=0.003171
2026-08-04 18:20:39 | INFO     | selector             |     DROP  miglitol                                      var=0.000472
2026-08-04 18:20:39 | INFO     | selector             |     DROP  tolazamide                                    var=0.000598
2026-08-04 18:20:39 | INFO     | selector             |     DROP  glyburide-metformin                           var=0.004796
2026-08-04 18:20:39 | INFO     | selector             |     DROP  glipizide-metformin                           var=0.000157
2026-08-04 18:20:39 | INFO     | selector             |     DROP  FE_polypharmacy                               var=0.000504
2026-08-04 18:20:39 | INFO     | selector             |     DROP  FE_med_coverage_ratio                         var=0.005305
2026-08-04 18:20:39 | INFO     | selector             |     DROP  FE_inpatient_x_polypharmacy                   var=0.000094
2026-08-04 18:20:39 | INFO     | selector             | --------------------------------------------------
2026-08-04 18:20:39 | INFO     | selector             | Stage 2: Correlation Filter (threshold=0.9)
2026-08-04 18:20:40 | INFO     | selector             |   Input    : 67
2026-08-04 18:20:40 | INFO     | selector             |   Selected : 53
2026-08-04 18:20:40 | INFO     | selector             |   Removed  : 14
2026-08-04 18:20:40 | INFO     | selector             |     DROP  num_lab_procedures                       r=0.9821 (kept: FE_total_clinical_contacts)
2026-08-04 18:20:40 | INFO     | selector             |     DROP  num_procedures                           r=0.9502 (kept: FE_procedure_density)
2026-08-04 18:20:40 | INFO     | selector             |     DROP  FE_n_active_ordinal_meds                 r=0.9936 (kept: FE_total_active_meds)
2026-08-04 18:20:40 | INFO     | selector             |     DROP  FE_n_med_changes                         r=0.9982 (kept: FE_any_med_changed)
2026-08-04 18:20:40 | INFO     | selector             |     DROP  FE_procedure_density                     r=0.9049 (kept: FE_no_procedures)
2026-08-04 18:20:40 | INFO     | selector             |     DROP  number_emergency                         r=0.9986 (kept: FE_has_prior_emergency)
2026-08-04 18:20:40 | INFO     | selector             |     DROP  number_inpatient                         r=0.973 (kept: FE_has_prior_inpatient)
2026-08-04 18:20:40 | INFO     | selector             |     DROP  FE_total_prior_contacts                  r=0.9633 (kept: FE_multi_channel_utilizer)
2026-08-04 18:20:40 | INFO     | selector             |     DROP  insulin                                  r=0.9406 (kept: FE_insulin_prescribed)
2026-08-04 18:20:40 | INFO     | selector             |     DROP  metformin                                r=0.9984 (kept: FE_metformin_prescribed)
2026-08-04 18:20:40 | INFO     | selector             |     DROP  diabetesMed                              r=1.0 (kept: FE_on_diabetes_med)
2026-08-04 18:20:40 | INFO     | selector             |     DROP  change                                   r=1.0 (kept: FE_med_regimen_changed)
2026-08-04 18:20:40 | INFO     | selector             |     DROP  FE_has_prior_emergency                   r=0.9977 (kept: FE_glycemic_x_emergency)
2026-08-04 18:20:40 | INFO     | selector             |     DROP  FE_high_comorbidity                      r=0.9553 (kept: FE_labs_per_day_x_comorbidity)
2026-08-04 18:20:40 | INFO     | selector             | --------------------------------------------------
2026-08-04 18:20:40 | INFO     | selector             | Stage 3: Mutual Information (drop bottom 20th percentile)
2026-08-04 18:20:47 | INFO     | selector             |   Input    : 53
2026-08-04 18:20:47 | INFO     | selector             |   MI threshold (P20) : 0.000522
2026-08-04 18:20:47 | INFO     | selector             |   Selected : 42
2026-08-04 18:20:47 | INFO     | selector             |   Removed  : 11
2026-08-04 18:20:47 | INFO     | selector             |   Top 10 MI scores:
2026-08-04 18:20:47 | INFO     | selector             |     FE_on_diabetes_med                            MI=0.012227
2026-08-04 18:20:47 | INFO     | selector             |     FE_has_prior_inpatient                        MI=0.011854
2026-08-04 18:20:47 | INFO     | selector             |     FE_insulin_prescribed                         MI=0.010541
2026-08-04 18:20:47 | INFO     | selector             |     race                                          MI=0.010317
2026-08-04 18:20:47 | INFO     | selector             |     weight_missing                                MI=0.010241
2026-08-04 18:20:47 | INFO     | selector             |     A1Cresult_missing                             MI=0.010201
2026-08-04 18:20:47 | INFO     | selector             |     FE_med_regimen_changed                        MI=0.009947
2026-08-04 18:20:47 | INFO     | selector             |     FE_high_prior_utilization                     MI=0.009294
2026-08-04 18:20:47 | INFO     | selector             |     gender                                        MI=0.008221
2026-08-04 18:20:47 | INFO     | selector             |     FE_multi_channel_utilizer                     MI=0.008043
2026-08-04 18:20:47 | INFO     | selector             | --------------------------------------------------
2026-08-04 18:20:47 | INFO     | selector             | Stage 4: Boruta Shadow Feature Selection (n_estimators=200, max_iter=50)
2026-08-04 18:20:54 | INFO     | selector             |   Boruta iter  10/50 — confirmed so far: 0
2026-08-04 18:21:01 | INFO     | selector             |   Boruta iter  20/50 — confirmed so far: 0
2026-08-04 18:21:08 | INFO     | selector             |   Boruta iter  30/50 — confirmed so far: 0
2026-08-04 18:21:15 | INFO     | selector             |   Boruta iter  40/50 — confirmed so far: 0
2026-08-04 18:21:22 | INFO     | selector             |   Boruta iter  50/50 — confirmed so far: 0
2026-08-04 18:21:22 | INFO     | selector             |   Input    : 42
2026-08-04 18:21:22 | INFO     | selector             |   Selected : 1 (confirmed)
2026-08-04 18:21:22 | INFO     | selector             |   Removed  : 41 (tentative/rejected)
2026-08-04 18:21:22 | INFO     | selector             |   Top 10 hit rates:
2026-08-04 18:21:22 | INFO     | selector             |     FE_high_prior_utilization                     hit_rate=0.74
2026-08-04 18:21:22 | INFO     | selector             |     FE_has_prior_inpatient                        hit_rate=0.24
2026-08-04 18:21:22 | INFO     | selector             |     FE_on_diabetes_med                            hit_rate=0.00
2026-08-04 18:21:22 | INFO     | selector             |     FE_insulin_prescribed                         hit_rate=0.00
2026-08-04 18:21:22 | INFO     | selector             |     race                                          hit_rate=0.00
2026-08-04 18:21:22 | INFO     | selector             |     weight_missing                                hit_rate=0.00
2026-08-04 18:21:22 | INFO     | selector             |     A1Cresult_missing                             hit_rate=0.00
2026-08-04 18:21:22 | INFO     | selector             |     FE_med_regimen_changed                        hit_rate=0.00
2026-08-04 18:21:22 | INFO     | selector             |     gender                                        hit_rate=0.00
2026-08-04 18:21:22 | INFO     | selector             |     FE_multi_channel_utilizer                     hit_rate=0.00
2026-08-04 18:21:22 | INFO     | selector             | --------------------------------------------------
2026-08-04 18:21:22 | INFO     | selector             | Stage 5: SHAP Importance (GBM, n_estimators=300)
2026-08-04 18:21:25 | INFO     | selector             |   Input    : 1
2026-08-04 18:21:25 | INFO     | selector             |   SHAP threshold (P20) : 0.303850
2026-08-04 18:21:25 | INFO     | selector             |   Selected : 1
2026-08-04 18:21:25 | INFO     | selector             |   Removed  : 0
2026-08-04 18:21:25 | INFO     | selector             |   Top 15 SHAP scores:
2026-08-04 18:21:25 | INFO     | selector             |     FE_high_prior_utilization                     SHAP=0.303850
2026-08-04 18:21:25 | INFO     | selector             | --------------------------------------------------
2026-08-04 18:21:25 | INFO     | selector             | Stage 6: Stability Selection (n_bootstrap=50, frac=0.75, threshold=0.6)
2026-08-04 18:21:33 | INFO     | selector             |   Input    : 1
2026-08-04 18:21:33 | INFO     | selector             |   Selected : 1 (stability >= 0.6)
2026-08-04 18:21:33 | INFO     | selector             |   Removed  : 0
2026-08-04 18:21:33 | INFO     | selector             |   Top 15 stability scores:
2026-08-04 18:21:33 | INFO     | selector             |     [✓] FE_high_prior_utilization                   stability=1.0000
2026-08-04 18:21:33 | INFO     | selector             | --------------------------------------------------
2026-08-04 18:21:33 | INFO     | selector             | Stage 7: Consensus Vote (min_stages=2)
2026-08-04 18:21:33 | INFO     | selector             |   Total features evaluated : 78
2026-08-04 18:21:33 | INFO     | selector             |   Selected (votes >= 2)   : 53
2026-08-04 18:21:33 | INFO     | selector             |   Removed                  : 25
2026-08-04 18:21:33 | INFO     | selector             |   Vote summary (top 20):
2026-08-04 18:21:33 | INFO     | selector             |     [✓] FE_high_prior_utilization                     votes=6/6
2026-08-04 18:21:33 | INFO     | selector             |     [✓] race                                          votes=3/6
2026-08-04 18:21:33 | INFO     | selector             |     [✓] gender                                        votes=3/6
2026-08-04 18:21:33 | INFO     | selector             |     [✓] age                                           votes=3/6
2026-08-04 18:21:33 | INFO     | selector             |     [✓] admission_type_id                             votes=3/6
2026-08-04 18:21:33 | INFO     | selector             |     [✓] discharge_disposition_id                      votes=3/6
2026-08-04 18:21:33 | INFO     | selector             |     [✓] admission_source_id                           votes=3/6
2026-08-04 18:21:33 | INFO     | selector             |     [✓] time_in_hospital                              votes=3/6
2026-08-04 18:21:33 | INFO     | selector             |     [✓] payer_code                                    votes=3/6
2026-08-04 18:21:33 | INFO     | selector             |     [✓] medical_specialty                             votes=3/6
2026-08-04 18:21:33 | INFO     | selector             |     [✓] num_medications                               votes=3/6
2026-08-04 18:21:33 | INFO     | selector             |     [✓] number_outpatient                             votes=3/6
2026-08-04 18:21:33 | INFO     | selector             |     [✓] diag_1                                        votes=3/6
2026-08-04 18:21:33 | INFO     | selector             |     [✓] diag_2                                        votes=3/6
2026-08-04 18:21:33 | INFO     | selector             |     [✓] number_diagnoses                              votes=3/6
2026-08-04 18:21:33 | INFO     | selector             |     [✓] weight_missing                                votes=3/6
2026-08-04 18:21:33 | INFO     | selector             |     [✓] max_glu_serum_missing                         votes=3/6
2026-08-04 18:21:33 | INFO     | selector             |     [✓] A1Cresult_missing                             votes=3/6
2026-08-04 18:21:33 | INFO     | selector             |     [✓] FE_total_clinical_contacts                    votes=3/6
2026-08-04 18:21:33 | INFO     | selector             |     [✓] FE_labs_per_day                               votes=3/6
2026-08-04 18:21:33 | INFO     | selector             |   feature_scores.csv saved -> C:\Users\sharg\Desktop\github\DriftSentinel\outputs\artifacts\feature_scores.csv
2026-08-04 18:21:33 | INFO     | selector             |   Selected feature breakdown:
2026-08-04 18:21:33 | INFO     | selector             |     FE_ features selected : 29
2026-08-04 18:21:33 | INFO     | selector             |     Raw features selected : 24
2026-08-04 18:21:33 | INFO     | selector             |   selected_features.json saved -> C:\Users\sharg\Desktop\github\DriftSentinel\outputs\artifacts\selected_features.json
2026-08-04 18:21:33 | INFO     | selector             |   selector_stage_results.json saved -> C:\Users\sharg\Desktop\github\DriftSentinel\outputs\artifacts\selector_stage_results.json
2026-08-04 18:21:33 | INFO     | selector             |   feature_selector.pkl saved -> C:\Users\sharg\Desktop\github\DriftSentinel\outputs\artifacts\feature_selector.pkl
2026-08-04 18:21:33 | INFO     | selector             | ======================================================================
2026-08-04 18:21:33 | INFO     | selector             | Selection complete — 53 features retained from 78 input features
2026-08-04 18:21:33 | INFO     | selector             | ======================================================================
2026-08-04 18:21:33 | INFO     | selector             | ======================================================================
2026-08-04 18:21:33 | INFO     | selector             | DriftSentinel — Feature Selector  [transform on TRAIN]
2026-08-04 18:21:33 | INFO     | selector             | ======================================================================
2026-08-04 18:21:33 | INFO     | selector             | Input  shape : (63492, 80)
2026-08-04 18:21:33 | INFO     | selector             | Output shape : (63492, 55)
2026-08-04 18:21:33 | INFO     | selector             | Features retained : 53
2026-08-04 18:21:33 | INFO     | selector             | Targets retained  : ['readmitted_binary', 'readmitted_multi']
2026-08-04 18:21:33 | INFO     | selector             | ======================================================================
2026-08-04 18:21:33 | INFO     | selector             | ======================================================================
2026-08-04 18:21:33 | INFO     | selector             | DriftSentinel — Feature Selector  [transform on VAL]
2026-08-04 18:21:33 | INFO     | selector             | ======================================================================
2026-08-04 18:21:33 | INFO     | selector             | Input  shape : (20949, 80)
2026-08-04 18:21:33 | INFO     | selector             | Output shape : (20949, 55)
2026-08-04 18:21:33 | INFO     | selector             | Features retained : 53
2026-08-04 18:21:33 | INFO     | selector             | Targets retained  : ['readmitted_binary', 'readmitted_multi']
2026-08-04 18:21:33 | INFO     | selector             | ======================================================================
2026-08-04 18:21:33 | INFO     | selector             | ======================================================================
2026-08-04 18:21:33 | INFO     | selector             | DriftSentinel — Feature Selector  [transform on TEST]
2026-08-04 18:21:33 | INFO     | selector             | ======================================================================
2026-08-04 18:21:33 | INFO     | selector             | Input  shape : (17325, 80)
2026-08-04 18:21:33 | INFO     | selector             | Output shape : (17325, 55)
2026-08-04 18:21:33 | INFO     | selector             | Features retained : 53
2026-08-04 18:21:33 | INFO     | selector             | Targets retained  : ['readmitted_binary', 'readmitted_multi']
2026-08-04 18:21:33 | INFO     | selector             | ======================================================================
2026-08-04 18:21:39 | INFO     | selector             | ===== RUN 20260804-182135-1f3800 | pid=31680 | started 2026-08-04 18:21:39 =====
2026-08-04 18:21:39 | INFO     | selector             | ======================================================================
2026-08-04 18:21:39 | INFO     | selector             | DriftSentinel — Feature Selector  [fit on TRAIN]
2026-08-04 18:21:39 | INFO     | selector             | ======================================================================
2026-08-04 18:21:39 | INFO     | selector             | Input shape : (63492, 80)
2026-08-04 18:21:39 | INFO     | selector             | Feature matrix : 63,492 rows x 78 features
2026-08-04 18:21:39 | INFO     | selector             | Target (binary): {0: 55875, 1: 7617}
2026-08-04 18:21:39 | INFO     | selector             | --------------------------------------------------
2026-08-04 18:21:39 | INFO     | selector             | Stage 1: Variance Threshold (threshold=0.01)
2026-08-04 18:21:39 | INFO     | selector             |   Input    : 78 features
2026-08-04 18:21:39 | INFO     | selector             |   Selected : 67
2026-08-04 18:21:39 | INFO     | selector             |   Removed  : 11
2026-08-04 18:21:39 | INFO     | selector             |     DROP  nateglinide                                   var=0.006765
2026-08-04 18:21:39 | INFO     | selector             |     DROP  chlorpropamide                                var=0.001117
2026-08-04 18:21:39 | INFO     | selector             |     DROP  tolbutamide                                   var=0.000299
2026-08-04 18:21:39 | INFO     | selector             |     DROP  acarbose                                      var=0.003171
2026-08-04 18:21:39 | INFO     | selector             |     DROP  miglitol                                      var=0.000472
2026-08-04 18:21:39 | INFO     | selector             |     DROP  tolazamide                                    var=0.000598
2026-08-04 18:21:39 | INFO     | selector             |     DROP  glyburide-metformin                           var=0.004796
2026-08-04 18:21:39 | INFO     | selector             |     DROP  glipizide-metformin                           var=0.000157
2026-08-04 18:21:39 | INFO     | selector             |     DROP  FE_polypharmacy                               var=0.000504
2026-08-04 18:21:39 | INFO     | selector             |     DROP  FE_med_coverage_ratio                         var=0.005305
2026-08-04 18:21:39 | INFO     | selector             |     DROP  FE_inpatient_x_polypharmacy                   var=0.000094
2026-08-04 18:21:39 | INFO     | selector             | --------------------------------------------------
2026-08-04 18:21:39 | INFO     | selector             | Stage 2: Correlation Filter (threshold=0.9)
2026-08-04 18:21:39 | INFO     | selector             |   Input    : 67
2026-08-04 18:21:39 | INFO     | selector             |   Selected : 53
2026-08-04 18:21:39 | INFO     | selector             |   Removed  : 14
2026-08-04 18:21:39 | INFO     | selector             |     DROP  num_lab_procedures                       r=0.9821 (kept: FE_total_clinical_contacts)
2026-08-04 18:21:39 | INFO     | selector             |     DROP  num_procedures                           r=0.9502 (kept: FE_procedure_density)
2026-08-04 18:21:39 | INFO     | selector             |     DROP  FE_n_active_ordinal_meds                 r=0.9936 (kept: FE_total_active_meds)
2026-08-04 18:21:39 | INFO     | selector             |     DROP  FE_n_med_changes                         r=0.9982 (kept: FE_any_med_changed)
2026-08-04 18:21:39 | INFO     | selector             |     DROP  FE_procedure_density                     r=0.9049 (kept: FE_no_procedures)
2026-08-04 18:21:39 | INFO     | selector             |     DROP  number_emergency                         r=0.9986 (kept: FE_has_prior_emergency)
2026-08-04 18:21:39 | INFO     | selector             |     DROP  number_inpatient                         r=0.973 (kept: FE_has_prior_inpatient)
2026-08-04 18:21:39 | INFO     | selector             |     DROP  FE_total_prior_contacts                  r=0.9633 (kept: FE_multi_channel_utilizer)
2026-08-04 18:21:39 | INFO     | selector             |     DROP  insulin                                  r=0.9406 (kept: FE_insulin_prescribed)
2026-08-04 18:21:39 | INFO     | selector             |     DROP  metformin                                r=0.9984 (kept: FE_metformin_prescribed)
2026-08-04 18:21:39 | INFO     | selector             |     DROP  diabetesMed                              r=1.0 (kept: FE_on_diabetes_med)
2026-08-04 18:21:39 | INFO     | selector             |     DROP  change                                   r=1.0 (kept: FE_med_regimen_changed)
2026-08-04 18:21:39 | INFO     | selector             |     DROP  FE_has_prior_emergency                   r=0.9977 (kept: FE_glycemic_x_emergency)
2026-08-04 18:21:39 | INFO     | selector             |     DROP  FE_high_comorbidity                      r=0.9553 (kept: FE_labs_per_day_x_comorbidity)
2026-08-04 18:21:39 | INFO     | selector             | --------------------------------------------------
2026-08-04 18:21:39 | INFO     | selector             | Stage 3: Mutual Information (drop bottom 20th percentile)
2026-08-04 18:21:47 | INFO     | selector             |   Input    : 53
2026-08-04 18:21:47 | INFO     | selector             |   MI threshold (P20) : 0.000522
2026-08-04 18:21:47 | INFO     | selector             |   Selected : 42
2026-08-04 18:21:47 | INFO     | selector             |   Removed  : 11
2026-08-04 18:21:47 | INFO     | selector             |   Top 10 MI scores:
2026-08-04 18:21:47 | INFO     | selector             |     FE_on_diabetes_med                            MI=0.012227
2026-08-04 18:21:47 | INFO     | selector             |     FE_has_prior_inpatient                        MI=0.011854
2026-08-04 18:21:47 | INFO     | selector             |     FE_insulin_prescribed                         MI=0.010541
2026-08-04 18:21:47 | INFO     | selector             |     race                                          MI=0.010317
2026-08-04 18:21:47 | INFO     | selector             |     weight_missing                                MI=0.010241
2026-08-04 18:21:47 | INFO     | selector             |     A1Cresult_missing                             MI=0.010201
2026-08-04 18:21:47 | INFO     | selector             |     FE_med_regimen_changed                        MI=0.009947
2026-08-04 18:21:47 | INFO     | selector             |     FE_high_prior_utilization                     MI=0.009294
2026-08-04 18:21:47 | INFO     | selector             |     gender                                        MI=0.008221
2026-08-04 18:21:47 | INFO     | selector             |     FE_multi_channel_utilizer                     MI=0.008043
2026-08-04 18:21:47 | INFO     | selector             | --------------------------------------------------
2026-08-04 18:21:47 | INFO     | selector             | Stage 4: Boruta Shadow Feature Selection (n_estimators=200, max_iter=50)
2026-08-04 18:21:54 | INFO     | selector             |   Boruta iter  10/50 — confirmed so far: 0
2026-08-04 18:22:01 | INFO     | selector             |   Boruta iter  20/50 — confirmed so far: 0
2026-08-04 18:22:11 | INFO     | selector             |   Boruta iter  30/50 — confirmed so far: 0
2026-08-04 18:22:20 | INFO     | selector             |   Boruta iter  40/50 — confirmed so far: 0
2026-08-04 18:22:29 | INFO     | selector             |   Boruta iter  50/50 — confirmed so far: 0
2026-08-04 18:22:29 | INFO     | selector             |   Input    : 42
2026-08-04 18:22:29 | INFO     | selector             |   Selected : 1 (confirmed)
2026-08-04 18:22:29 | INFO     | selector             |   Removed  : 41 (tentative/rejected)
2026-08-04 18:22:29 | INFO     | selector             |   Top 10 hit rates:
2026-08-04 18:22:29 | INFO     | selector             |     FE_high_prior_utilization                     hit_rate=0.74
2026-08-04 18:22:29 | INFO     | selector             |     FE_has_prior_inpatient                        hit_rate=0.24
2026-08-04 18:22:29 | INFO     | selector             |     FE_on_diabetes_med                            hit_rate=0.00
2026-08-04 18:22:29 | INFO     | selector             |     FE_insulin_prescribed                         hit_rate=0.00
2026-08-04 18:22:29 | INFO     | selector             |     race                                          hit_rate=0.00
2026-08-04 18:22:29 | INFO     | selector             |     weight_missing                                hit_rate=0.00
2026-08-04 18:22:29 | INFO     | selector             |     A1Cresult_missing                             hit_rate=0.00
2026-08-04 18:22:29 | INFO     | selector             |     FE_med_regimen_changed                        hit_rate=0.00
2026-08-04 18:22:29 | INFO     | selector             |     gender                                        hit_rate=0.00
2026-08-04 18:22:29 | INFO     | selector             |     FE_multi_channel_utilizer                     hit_rate=0.00
2026-08-04 18:22:29 | INFO     | selector             | --------------------------------------------------
2026-08-04 18:22:29 | INFO     | selector             | Stage 5: SHAP Importance (GBM, n_estimators=300)
2026-08-04 18:22:32 | INFO     | selector             |   Input    : 1
2026-08-04 18:22:32 | INFO     | selector             |   SHAP threshold (P20) : 0.303850
2026-08-04 18:22:32 | INFO     | selector             |   Selected : 1
2026-08-04 18:22:32 | INFO     | selector             |   Removed  : 0
2026-08-04 18:22:32 | INFO     | selector             |   Top 15 SHAP scores:
2026-08-04 18:22:32 | INFO     | selector             |     FE_high_prior_utilization                     SHAP=0.303850
2026-08-04 18:22:32 | INFO     | selector             | --------------------------------------------------
2026-08-04 18:22:32 | INFO     | selector             | Stage 6: Stability Selection (n_bootstrap=50, frac=0.75, threshold=0.6)
2026-08-04 18:22:41 | INFO     | selector             |   Input    : 1
2026-08-04 18:22:41 | INFO     | selector             |   Selected : 1 (stability >= 0.6)
2026-08-04 18:22:41 | INFO     | selector             |   Removed  : 0
2026-08-04 18:22:41 | INFO     | selector             |   Top 15 stability scores:
2026-08-04 18:22:41 | INFO     | selector             |     [✓] FE_high_prior_utilization                   stability=1.0000
2026-08-04 18:22:41 | INFO     | selector             | --------------------------------------------------
2026-08-04 18:22:41 | INFO     | selector             | Stage 7: Consensus Vote (min_stages=2)
2026-08-04 18:22:41 | INFO     | selector             |   Total features evaluated : 78
2026-08-04 18:22:41 | INFO     | selector             |   Selected (votes >= 2)   : 53
2026-08-04 18:22:41 | INFO     | selector             |   Removed                  : 25
2026-08-04 18:22:41 | INFO     | selector             |   Vote summary (top 20):
2026-08-04 18:22:41 | INFO     | selector             |     [✓] FE_high_prior_utilization                     votes=6/6
2026-08-04 18:22:41 | INFO     | selector             |     [✓] race                                          votes=3/6
2026-08-04 18:22:41 | INFO     | selector             |     [✓] gender                                        votes=3/6
2026-08-04 18:22:41 | INFO     | selector             |     [✓] age                                           votes=3/6
2026-08-04 18:22:41 | INFO     | selector             |     [✓] admission_type_id                             votes=3/6
2026-08-04 18:22:41 | INFO     | selector             |     [✓] discharge_disposition_id                      votes=3/6
2026-08-04 18:22:41 | INFO     | selector             |     [✓] admission_source_id                           votes=3/6
2026-08-04 18:22:41 | INFO     | selector             |     [✓] time_in_hospital                              votes=3/6
2026-08-04 18:22:41 | INFO     | selector             |     [✓] payer_code                                    votes=3/6
2026-08-04 18:22:41 | INFO     | selector             |     [✓] medical_specialty                             votes=3/6
2026-08-04 18:22:41 | INFO     | selector             |     [✓] num_medications                               votes=3/6
2026-08-04 18:22:41 | INFO     | selector             |     [✓] number_outpatient                             votes=3/6
2026-08-04 18:22:41 | INFO     | selector             |     [✓] diag_1                                        votes=3/6
2026-08-04 18:22:41 | INFO     | selector             |     [✓] diag_2                                        votes=3/6
2026-08-04 18:22:41 | INFO     | selector             |     [✓] number_diagnoses                              votes=3/6
2026-08-04 18:22:41 | INFO     | selector             |     [✓] weight_missing                                votes=3/6
2026-08-04 18:22:41 | INFO     | selector             |     [✓] max_glu_serum_missing                         votes=3/6
2026-08-04 18:22:41 | INFO     | selector             |     [✓] A1Cresult_missing                             votes=3/6
2026-08-04 18:22:41 | INFO     | selector             |     [✓] FE_total_clinical_contacts                    votes=3/6
2026-08-04 18:22:41 | INFO     | selector             |     [✓] FE_labs_per_day                               votes=3/6
2026-08-04 18:22:41 | INFO     | selector             |   feature_scores.csv saved -> C:\Users\sharg\Desktop\github\DriftSentinel\outputs\artifacts\feature_scores.csv
2026-08-04 18:22:41 | INFO     | selector             |   Selected feature breakdown:
2026-08-04 18:22:41 | INFO     | selector             |     FE_ features selected : 29
2026-08-04 18:22:41 | INFO     | selector             |     Raw features selected : 24
2026-08-04 18:22:41 | INFO     | selector             |   selected_features.json saved -> C:\Users\sharg\Desktop\github\DriftSentinel\outputs\artifacts\selected_features.json
2026-08-04 18:22:41 | INFO     | selector             |   selector_stage_results.json saved -> C:\Users\sharg\Desktop\github\DriftSentinel\outputs\artifacts\selector_stage_results.json
2026-08-04 18:22:41 | INFO     | selector             |   feature_selector.pkl saved -> C:\Users\sharg\Desktop\github\DriftSentinel\outputs\artifacts\feature_selector.pkl
2026-08-04 18:22:41 | INFO     | selector             | ======================================================================
2026-08-04 18:22:41 | INFO     | selector             | Selection complete — 53 features retained from 78 input features
2026-08-04 18:22:41 | INFO     | selector             | ======================================================================
2026-08-04 18:22:41 | INFO     | selector             | ======================================================================
2026-08-04 18:22:41 | INFO     | selector             | DriftSentinel — Feature Selector  [transform on TRAIN]
2026-08-04 18:22:41 | INFO     | selector             | ======================================================================
2026-08-04 18:22:41 | INFO     | selector             | Input  shape : (63492, 80)
2026-08-04 18:22:41 | INFO     | selector             | Output shape : (63492, 55)
2026-08-04 18:22:41 | INFO     | selector             | Features retained : 53
2026-08-04 18:22:41 | INFO     | selector             | Targets retained  : ['readmitted_binary', 'readmitted_multi']
2026-08-04 18:22:41 | INFO     | selector             | ======================================================================
2026-08-04 18:22:41 | INFO     | selector             | ======================================================================
2026-08-04 18:22:41 | INFO     | selector             | DriftSentinel — Feature Selector  [transform on VAL]
2026-08-04 18:22:41 | INFO     | selector             | ======================================================================
2026-08-04 18:22:41 | INFO     | selector             | Input  shape : (20949, 80)
2026-08-04 18:22:41 | INFO     | selector             | Output shape : (20949, 55)
2026-08-04 18:22:41 | INFO     | selector             | Features retained : 53
2026-08-04 18:22:41 | INFO     | selector             | Targets retained  : ['readmitted_binary', 'readmitted_multi']
2026-08-04 18:22:41 | INFO     | selector             | ======================================================================
2026-08-04 18:22:41 | INFO     | selector             | ======================================================================
2026-08-04 18:22:41 | INFO     | selector             | DriftSentinel — Feature Selector  [transform on TEST]
2026-08-04 18:22:41 | INFO     | selector             | ======================================================================
2026-08-04 18:22:41 | INFO     | selector             | Input  shape : (17325, 80)
2026-08-04 18:22:41 | INFO     | selector             | Output shape : (17325, 55)
2026-08-04 18:22:41 | INFO     | selector             | Features retained : 53
2026-08-04 18:22:41 | INFO     | selector             | Targets retained  : ['readmitted_binary', 'readmitted_multi']
2026-08-04 18:22:41 | INFO     | selector             | ======================================================================
2026-08-04 18:23:51 | INFO     | selector             | ===== RUN 20260804-182347-f55045 | pid=26156 | started 2026-08-04 18:23:51 =====
2026-08-04 18:23:51 | INFO     | selector             | ======================================================================
2026-08-04 18:23:51 | INFO     | selector             | DriftSentinel — Feature Selector  [fit on TRAIN]
2026-08-04 18:23:51 | INFO     | selector             | ======================================================================
2026-08-04 18:23:51 | INFO     | selector             | Input shape : (63492, 80)
2026-08-04 18:23:51 | INFO     | selector             | Feature matrix : 63,492 rows x 78 features
2026-08-04 18:23:51 | INFO     | selector             | Target (binary): {0: 55875, 1: 7617}
2026-08-04 18:23:51 | INFO     | selector             | --------------------------------------------------
2026-08-04 18:23:51 | INFO     | selector             | Stage 1: Variance Threshold (threshold=0.01)
2026-08-04 18:23:51 | INFO     | selector             |   Input    : 78 features
2026-08-04 18:23:51 | INFO     | selector             |   Selected : 67
2026-08-04 18:23:51 | INFO     | selector             |   Removed  : 11
2026-08-04 18:23:51 | INFO     | selector             |     DROP  nateglinide                                   var=0.006765
2026-08-04 18:23:51 | INFO     | selector             |     DROP  chlorpropamide                                var=0.001117
2026-08-04 18:23:51 | INFO     | selector             |     DROP  tolbutamide                                   var=0.000299
2026-08-04 18:23:51 | INFO     | selector             |     DROP  acarbose                                      var=0.003171
2026-08-04 18:23:51 | INFO     | selector             |     DROP  miglitol                                      var=0.000472
2026-08-04 18:23:51 | INFO     | selector             |     DROP  tolazamide                                    var=0.000598
2026-08-04 18:23:51 | INFO     | selector             |     DROP  glyburide-metformin                           var=0.004796
2026-08-04 18:23:51 | INFO     | selector             |     DROP  glipizide-metformin                           var=0.000157
2026-08-04 18:23:51 | INFO     | selector             |     DROP  FE_polypharmacy                               var=0.000504
2026-08-04 18:23:51 | INFO     | selector             |     DROP  FE_med_coverage_ratio                         var=0.005305
2026-08-04 18:23:51 | INFO     | selector             |     DROP  FE_inpatient_x_polypharmacy                   var=0.000094
2026-08-04 18:23:51 | INFO     | selector             | --------------------------------------------------
2026-08-04 18:23:51 | INFO     | selector             | Stage 2: Correlation Filter (threshold=0.9)
2026-08-04 18:23:52 | INFO     | selector             |   Input    : 67
2026-08-04 18:23:52 | INFO     | selector             |   Selected : 53
2026-08-04 18:23:52 | INFO     | selector             |   Removed  : 14
2026-08-04 18:23:52 | INFO     | selector             |     DROP  num_lab_procedures                       r=0.9821 (kept: FE_total_clinical_contacts)
2026-08-04 18:23:52 | INFO     | selector             |     DROP  num_procedures                           r=0.9502 (kept: FE_procedure_density)
2026-08-04 18:23:52 | INFO     | selector             |     DROP  FE_n_active_ordinal_meds                 r=0.9936 (kept: FE_total_active_meds)
2026-08-04 18:23:52 | INFO     | selector             |     DROP  FE_n_med_changes                         r=0.9982 (kept: FE_any_med_changed)
2026-08-04 18:23:52 | INFO     | selector             |     DROP  FE_procedure_density                     r=0.9049 (kept: FE_no_procedures)
2026-08-04 18:23:52 | INFO     | selector             |     DROP  number_emergency                         r=0.9986 (kept: FE_has_prior_emergency)
2026-08-04 18:23:52 | INFO     | selector             |     DROP  number_inpatient                         r=0.973 (kept: FE_has_prior_inpatient)
2026-08-04 18:23:52 | INFO     | selector             |     DROP  FE_total_prior_contacts                  r=0.9633 (kept: FE_multi_channel_utilizer)
2026-08-04 18:23:52 | INFO     | selector             |     DROP  insulin                                  r=0.9406 (kept: FE_insulin_prescribed)
2026-08-04 18:23:52 | INFO     | selector             |     DROP  metformin                                r=0.9984 (kept: FE_metformin_prescribed)
2026-08-04 18:23:52 | INFO     | selector             |     DROP  diabetesMed                              r=1.0 (kept: FE_on_diabetes_med)
2026-08-04 18:23:52 | INFO     | selector             |     DROP  change                                   r=1.0 (kept: FE_med_regimen_changed)
2026-08-04 18:23:52 | INFO     | selector             |     DROP  FE_has_prior_emergency                   r=0.9977 (kept: FE_glycemic_x_emergency)
2026-08-04 18:23:52 | INFO     | selector             |     DROP  FE_high_comorbidity                      r=0.9553 (kept: FE_labs_per_day_x_comorbidity)
2026-08-04 18:23:52 | INFO     | selector             | --------------------------------------------------
2026-08-04 18:23:52 | INFO     | selector             | Stage 3: Mutual Information (drop bottom 20th percentile)
2026-08-04 18:23:59 | INFO     | selector             |   Input    : 53
2026-08-04 18:23:59 | INFO     | selector             |   MI threshold (P20) : 0.000522
2026-08-04 18:23:59 | INFO     | selector             |   Selected : 42
2026-08-04 18:23:59 | INFO     | selector             |   Removed  : 11
2026-08-04 18:23:59 | INFO     | selector             |   Top 10 MI scores:
2026-08-04 18:23:59 | INFO     | selector             |     FE_on_diabetes_med                            MI=0.012227
2026-08-04 18:23:59 | INFO     | selector             |     FE_has_prior_inpatient                        MI=0.011854
2026-08-04 18:23:59 | INFO     | selector             |     FE_insulin_prescribed                         MI=0.010541
2026-08-04 18:23:59 | INFO     | selector             |     race                                          MI=0.010317
2026-08-04 18:23:59 | INFO     | selector             |     weight_missing                                MI=0.010241
2026-08-04 18:23:59 | INFO     | selector             |     A1Cresult_missing                             MI=0.010201
2026-08-04 18:23:59 | INFO     | selector             |     FE_med_regimen_changed                        MI=0.009947
2026-08-04 18:23:59 | INFO     | selector             |     FE_high_prior_utilization                     MI=0.009294
2026-08-04 18:23:59 | INFO     | selector             |     gender                                        MI=0.008221
2026-08-04 18:23:59 | INFO     | selector             |     FE_multi_channel_utilizer                     MI=0.008043
2026-08-04 18:23:59 | INFO     | selector             | --------------------------------------------------
2026-08-04 18:23:59 | INFO     | selector             | Stage 4: Boruta Shadow Feature Selection (n_estimators=200, max_iter=50)
2026-08-04 18:24:06 | INFO     | selector             |   Boruta iter  10/50 — confirmed so far: 0
2026-08-04 18:24:13 | INFO     | selector             |   Boruta iter  20/50 — confirmed so far: 0
2026-08-04 18:24:20 | INFO     | selector             |   Boruta iter  30/50 — confirmed so far: 0
2026-08-04 18:24:27 | INFO     | selector             |   Boruta iter  40/50 — confirmed so far: 0
2026-08-04 18:24:34 | INFO     | selector             |   Boruta iter  50/50 — confirmed so far: 0
2026-08-04 18:24:34 | INFO     | selector             |   Input    : 42
2026-08-04 18:24:34 | INFO     | selector             |   Selected : 1 (confirmed)
2026-08-04 18:24:34 | INFO     | selector             |   Removed  : 41 (tentative/rejected)
2026-08-04 18:24:34 | INFO     | selector             |   Top 10 hit rates:
2026-08-04 18:24:34 | INFO     | selector             |     FE_high_prior_utilization                     hit_rate=0.74
2026-08-04 18:24:34 | INFO     | selector             |     FE_has_prior_inpatient                        hit_rate=0.24
2026-08-04 18:24:34 | INFO     | selector             |     FE_on_diabetes_med                            hit_rate=0.00
2026-08-04 18:24:34 | INFO     | selector             |     FE_insulin_prescribed                         hit_rate=0.00
2026-08-04 18:24:34 | INFO     | selector             |     race                                          hit_rate=0.00
2026-08-04 18:24:34 | INFO     | selector             |     weight_missing                                hit_rate=0.00
2026-08-04 18:24:34 | INFO     | selector             |     A1Cresult_missing                             hit_rate=0.00
2026-08-04 18:24:34 | INFO     | selector             |     FE_med_regimen_changed                        hit_rate=0.00
2026-08-04 18:24:34 | INFO     | selector             |     gender                                        hit_rate=0.00
2026-08-04 18:24:34 | INFO     | selector             |     FE_multi_channel_utilizer                     hit_rate=0.00
2026-08-04 18:24:34 | INFO     | selector             | --------------------------------------------------
2026-08-04 18:24:34 | INFO     | selector             | Stage 5: SHAP Importance (GBM, n_estimators=300)
2026-08-04 18:24:36 | INFO     | selector             |   Input    : 1
2026-08-04 18:24:36 | INFO     | selector             |   SHAP threshold (P20) : 0.303850
2026-08-04 18:24:36 | INFO     | selector             |   Selected : 1
2026-08-04 18:24:36 | INFO     | selector             |   Removed  : 0
2026-08-04 18:24:36 | INFO     | selector             |   Top 15 SHAP scores:
2026-08-04 18:24:36 | INFO     | selector             |     FE_high_prior_utilization                     SHAP=0.303850
2026-08-04 18:24:36 | INFO     | selector             | --------------------------------------------------
2026-08-04 18:24:36 | INFO     | selector             | Stage 6: Stability Selection (n_bootstrap=50, frac=0.75, threshold=0.6)
2026-08-04 18:24:45 | INFO     | selector             |   Input    : 1
2026-08-04 18:24:45 | INFO     | selector             |   Selected : 1 (stability >= 0.6)
2026-08-04 18:24:45 | INFO     | selector             |   Removed  : 0
2026-08-04 18:24:45 | INFO     | selector             |   Top 15 stability scores:
2026-08-04 18:24:45 | INFO     | selector             |     [✓] FE_high_prior_utilization                   stability=1.0000
2026-08-04 18:24:45 | INFO     | selector             | --------------------------------------------------
2026-08-04 18:24:45 | INFO     | selector             | Stage 7: Consensus Vote (min_stages=2)
2026-08-04 18:24:45 | INFO     | selector             |   Total features evaluated : 78
2026-08-04 18:24:45 | INFO     | selector             |   Selected (votes >= 2)   : 53
2026-08-04 18:24:45 | INFO     | selector             |   Removed                  : 25
2026-08-04 18:24:45 | INFO     | selector             |   Vote summary (top 20):
2026-08-04 18:24:45 | INFO     | selector             |     [✓] FE_high_prior_utilization                     votes=6/6
2026-08-04 18:24:45 | INFO     | selector             |     [✓] race                                          votes=3/6
2026-08-04 18:24:45 | INFO     | selector             |     [✓] gender                                        votes=3/6
2026-08-04 18:24:45 | INFO     | selector             |     [✓] age                                           votes=3/6
2026-08-04 18:24:45 | INFO     | selector             |     [✓] admission_type_id                             votes=3/6
2026-08-04 18:24:45 | INFO     | selector             |     [✓] discharge_disposition_id                      votes=3/6
2026-08-04 18:24:45 | INFO     | selector             |     [✓] admission_source_id                           votes=3/6
2026-08-04 18:24:45 | INFO     | selector             |     [✓] time_in_hospital                              votes=3/6
2026-08-04 18:24:45 | INFO     | selector             |     [✓] payer_code                                    votes=3/6
2026-08-04 18:24:45 | INFO     | selector             |     [✓] medical_specialty                             votes=3/6
2026-08-04 18:24:45 | INFO     | selector             |     [✓] num_medications                               votes=3/6
2026-08-04 18:24:45 | INFO     | selector             |     [✓] number_outpatient                             votes=3/6
2026-08-04 18:24:45 | INFO     | selector             |     [✓] diag_1                                        votes=3/6
2026-08-04 18:24:45 | INFO     | selector             |     [✓] diag_2                                        votes=3/6
2026-08-04 18:24:45 | INFO     | selector             |     [✓] number_diagnoses                              votes=3/6
2026-08-04 18:24:45 | INFO     | selector             |     [✓] weight_missing                                votes=3/6
2026-08-04 18:24:45 | INFO     | selector             |     [✓] max_glu_serum_missing                         votes=3/6
2026-08-04 18:24:45 | INFO     | selector             |     [✓] A1Cresult_missing                             votes=3/6
2026-08-04 18:24:45 | INFO     | selector             |     [✓] FE_total_clinical_contacts                    votes=3/6
2026-08-04 18:24:45 | INFO     | selector             |     [✓] FE_labs_per_day                               votes=3/6
2026-08-04 18:24:45 | INFO     | selector             |   feature_scores.csv saved -> C:\Users\sharg\Desktop\github\DriftSentinel\outputs\artifacts\feature_scores.csv
2026-08-04 18:24:45 | INFO     | selector             |   Selected feature breakdown:
2026-08-04 18:24:45 | INFO     | selector             |     FE_ features selected : 29
2026-08-04 18:24:45 | INFO     | selector             |     Raw features selected : 24
2026-08-04 18:24:45 | INFO     | selector             |   selected_features.json saved -> C:\Users\sharg\Desktop\github\DriftSentinel\outputs\artifacts\selected_features.json
2026-08-04 18:24:45 | INFO     | selector             |   selector_stage_results.json saved -> C:\Users\sharg\Desktop\github\DriftSentinel\outputs\artifacts\selector_stage_results.json
2026-08-04 18:24:45 | INFO     | selector             |   feature_selector.pkl saved -> C:\Users\sharg\Desktop\github\DriftSentinel\outputs\artifacts\feature_selector.pkl
2026-08-04 18:24:45 | INFO     | selector             | ======================================================================
2026-08-04 18:24:45 | INFO     | selector             | Selection complete — 53 features retained from 78 input features
2026-08-04 18:24:45 | INFO     | selector             | ======================================================================
2026-08-04 18:24:45 | INFO     | selector             | ======================================================================
2026-08-04 18:24:45 | INFO     | selector             | DriftSentinel — Feature Selector  [transform on TRAIN]
2026-08-04 18:24:45 | INFO     | selector             | ======================================================================
2026-08-04 18:24:45 | INFO     | selector             | Input  shape : (63492, 80)
2026-08-04 18:24:45 | INFO     | selector             | Output shape : (63492, 55)
2026-08-04 18:24:45 | INFO     | selector             | Features retained : 53
2026-08-04 18:24:45 | INFO     | selector             | Targets retained  : ['readmitted_binary', 'readmitted_multi']
2026-08-04 18:24:45 | INFO     | selector             | ======================================================================
2026-08-04 18:24:45 | INFO     | selector             | ======================================================================
2026-08-04 18:24:45 | INFO     | selector             | DriftSentinel — Feature Selector  [transform on VAL]
2026-08-04 18:24:45 | INFO     | selector             | ======================================================================
2026-08-04 18:24:45 | INFO     | selector             | Input  shape : (20949, 80)
2026-08-04 18:24:45 | INFO     | selector             | Output shape : (20949, 55)
2026-08-04 18:24:45 | INFO     | selector             | Features retained : 53
2026-08-04 18:24:45 | INFO     | selector             | Targets retained  : ['readmitted_binary', 'readmitted_multi']
2026-08-04 18:24:45 | INFO     | selector             | ======================================================================
2026-08-04 18:24:45 | INFO     | selector             | ======================================================================
2026-08-04 18:24:45 | INFO     | selector             | DriftSentinel — Feature Selector  [transform on TEST]
2026-08-04 18:24:45 | INFO     | selector             | ======================================================================
2026-08-04 18:24:45 | INFO     | selector             | Input  shape : (17325, 80)
2026-08-04 18:24:45 | INFO     | selector             | Output shape : (17325, 55)
2026-08-04 18:24:45 | INFO     | selector             | Features retained : 53
2026-08-04 18:24:45 | INFO     | selector             | Targets retained  : ['readmitted_binary', 'readmitted_multi']
2026-08-04 18:24:45 | INFO     | selector             | ======================================================================
2026-08-04 18:24:50 | INFO     | selector             | ===== RUN 20260804-182447-58fe82 | pid=23936 | started 2026-08-04 18:24:50 =====
2026-08-04 18:24:50 | INFO     | selector             | ======================================================================
2026-08-04 18:24:50 | INFO     | selector             | DriftSentinel — Feature Selector  [fit on TRAIN]
2026-08-04 18:24:50 | INFO     | selector             | ======================================================================
2026-08-04 18:24:50 | INFO     | selector             | Input shape : (63492, 80)
2026-08-04 18:24:51 | INFO     | selector             | Feature matrix : 63,492 rows x 78 features
2026-08-04 18:24:51 | INFO     | selector             | Target (binary): {0: 55875, 1: 7617}
2026-08-04 18:24:51 | INFO     | selector             | --------------------------------------------------
2026-08-04 18:24:51 | INFO     | selector             | Stage 1: Variance Threshold (threshold=0.01)
2026-08-04 18:24:51 | INFO     | selector             |   Input    : 78 features
2026-08-04 18:24:51 | INFO     | selector             |   Selected : 67
2026-08-04 18:24:51 | INFO     | selector             |   Removed  : 11
2026-08-04 18:24:51 | INFO     | selector             |     DROP  nateglinide                                   var=0.006765
2026-08-04 18:24:51 | INFO     | selector             |     DROP  chlorpropamide                                var=0.001117
2026-08-04 18:24:51 | INFO     | selector             |     DROP  tolbutamide                                   var=0.000299
2026-08-04 18:24:51 | INFO     | selector             |     DROP  acarbose                                      var=0.003171
2026-08-04 18:24:51 | INFO     | selector             |     DROP  miglitol                                      var=0.000472
2026-08-04 18:24:51 | INFO     | selector             |     DROP  tolazamide                                    var=0.000598
2026-08-04 18:24:51 | INFO     | selector             |     DROP  glyburide-metformin                           var=0.004796
2026-08-04 18:24:51 | INFO     | selector             |     DROP  glipizide-metformin                           var=0.000157
2026-08-04 18:24:51 | INFO     | selector             |     DROP  FE_polypharmacy                               var=0.000504
2026-08-04 18:24:51 | INFO     | selector             |     DROP  FE_med_coverage_ratio                         var=0.005305
2026-08-04 18:24:51 | INFO     | selector             |     DROP  FE_inpatient_x_polypharmacy                   var=0.000094
2026-08-04 18:24:51 | INFO     | selector             | --------------------------------------------------
2026-08-04 18:24:51 | INFO     | selector             | Stage 2: Correlation Filter (threshold=0.9)
2026-08-04 18:24:51 | INFO     | selector             |   Input    : 67
2026-08-04 18:24:51 | INFO     | selector             |   Selected : 53
2026-08-04 18:24:51 | INFO     | selector             |   Removed  : 14
2026-08-04 18:24:51 | INFO     | selector             |     DROP  num_lab_procedures                       r=0.9821 (kept: FE_total_clinical_contacts)
2026-08-04 18:24:51 | INFO     | selector             |     DROP  num_procedures                           r=0.9502 (kept: FE_procedure_density)
2026-08-04 18:24:51 | INFO     | selector             |     DROP  FE_n_active_ordinal_meds                 r=0.9936 (kept: FE_total_active_meds)
2026-08-04 18:24:51 | INFO     | selector             |     DROP  FE_n_med_changes                         r=0.9982 (kept: FE_any_med_changed)
2026-08-04 18:24:51 | INFO     | selector             |     DROP  FE_procedure_density                     r=0.9049 (kept: FE_no_procedures)
2026-08-04 18:24:51 | INFO     | selector             |     DROP  number_emergency                         r=0.9986 (kept: FE_has_prior_emergency)
2026-08-04 18:24:51 | INFO     | selector             |     DROP  number_inpatient                         r=0.973 (kept: FE_has_prior_inpatient)
2026-08-04 18:24:51 | INFO     | selector             |     DROP  FE_total_prior_contacts                  r=0.9633 (kept: FE_multi_channel_utilizer)
2026-08-04 18:24:51 | INFO     | selector             |     DROP  insulin                                  r=0.9406 (kept: FE_insulin_prescribed)
2026-08-04 18:24:51 | INFO     | selector             |     DROP  metformin                                r=0.9984 (kept: FE_metformin_prescribed)
2026-08-04 18:24:51 | INFO     | selector             |     DROP  diabetesMed                              r=1.0 (kept: FE_on_diabetes_med)
2026-08-04 18:24:51 | INFO     | selector             |     DROP  change                                   r=1.0 (kept: FE_med_regimen_changed)
2026-08-04 18:24:51 | INFO     | selector             |     DROP  FE_has_prior_emergency                   r=0.9977 (kept: FE_glycemic_x_emergency)
2026-08-04 18:24:51 | INFO     | selector             |     DROP  FE_high_comorbidity                      r=0.9553 (kept: FE_labs_per_day_x_comorbidity)
2026-08-04 18:24:51 | INFO     | selector             | --------------------------------------------------
2026-08-04 18:24:51 | INFO     | selector             | Stage 3: Mutual Information (drop bottom 20th percentile)
2026-08-04 18:24:59 | INFO     | selector             |   Input    : 53
2026-08-04 18:24:59 | INFO     | selector             |   MI threshold (P20) : 0.000522
2026-08-04 18:24:59 | INFO     | selector             |   Selected : 42
2026-08-04 18:24:59 | INFO     | selector             |   Removed  : 11
2026-08-04 18:24:59 | INFO     | selector             |   Top 10 MI scores:
2026-08-04 18:24:59 | INFO     | selector             |     FE_on_diabetes_med                            MI=0.012227
2026-08-04 18:24:59 | INFO     | selector             |     FE_has_prior_inpatient                        MI=0.011854
2026-08-04 18:24:59 | INFO     | selector             |     FE_insulin_prescribed                         MI=0.010541
2026-08-04 18:24:59 | INFO     | selector             |     race                                          MI=0.010317
2026-08-04 18:24:59 | INFO     | selector             |     weight_missing                                MI=0.010241
2026-08-04 18:24:59 | INFO     | selector             |     A1Cresult_missing                             MI=0.010201
2026-08-04 18:24:59 | INFO     | selector             |     FE_med_regimen_changed                        MI=0.009947
2026-08-04 18:24:59 | INFO     | selector             |     FE_high_prior_utilization                     MI=0.009294
2026-08-04 18:24:59 | INFO     | selector             |     gender                                        MI=0.008221
2026-08-04 18:24:59 | INFO     | selector             |     FE_multi_channel_utilizer                     MI=0.008043
2026-08-04 18:24:59 | INFO     | selector             | --------------------------------------------------
2026-08-04 18:24:59 | INFO     | selector             | Stage 4: Boruta Shadow Feature Selection (n_estimators=200, max_iter=50)
2026-08-04 18:25:06 | INFO     | selector             |   Boruta iter  10/50 — confirmed so far: 0
2026-08-04 18:25:13 | INFO     | selector             |   Boruta iter  20/50 — confirmed so far: 0
2026-08-04 18:25:20 | INFO     | selector             |   Boruta iter  30/50 — confirmed so far: 0
2026-08-04 18:25:30 | INFO     | selector             |   Boruta iter  40/50 — confirmed so far: 0
2026-08-04 18:25:39 | INFO     | selector             |   Boruta iter  50/50 — confirmed so far: 0
2026-08-04 18:25:39 | INFO     | selector             |   Input    : 42
2026-08-04 18:25:39 | INFO     | selector             |   Selected : 1 (confirmed)
2026-08-04 18:25:39 | INFO     | selector             |   Removed  : 41 (tentative/rejected)
2026-08-04 18:25:39 | INFO     | selector             |   Top 10 hit rates:
2026-08-04 18:25:39 | INFO     | selector             |     FE_high_prior_utilization                     hit_rate=0.74
2026-08-04 18:25:39 | INFO     | selector             |     FE_has_prior_inpatient                        hit_rate=0.24
2026-08-04 18:25:39 | INFO     | selector             |     FE_on_diabetes_med                            hit_rate=0.00
2026-08-04 18:25:39 | INFO     | selector             |     FE_insulin_prescribed                         hit_rate=0.00
2026-08-04 18:25:39 | INFO     | selector             |     race                                          hit_rate=0.00
2026-08-04 18:25:39 | INFO     | selector             |     weight_missing                                hit_rate=0.00
2026-08-04 18:25:39 | INFO     | selector             |     A1Cresult_missing                             hit_rate=0.00
2026-08-04 18:25:39 | INFO     | selector             |     FE_med_regimen_changed                        hit_rate=0.00
2026-08-04 18:25:39 | INFO     | selector             |     gender                                        hit_rate=0.00
2026-08-04 18:25:39 | INFO     | selector             |     FE_multi_channel_utilizer                     hit_rate=0.00
2026-08-04 18:25:39 | INFO     | selector             | --------------------------------------------------
2026-08-04 18:25:39 | INFO     | selector             | Stage 5: SHAP Importance (GBM, n_estimators=300)
2026-08-04 18:25:42 | INFO     | selector             |   Input    : 1
2026-08-04 18:25:42 | INFO     | selector             |   SHAP threshold (P20) : 0.303850
2026-08-04 18:25:42 | INFO     | selector             |   Selected : 1
2026-08-04 18:25:42 | INFO     | selector             |   Removed  : 0
2026-08-04 18:25:42 | INFO     | selector             |   Top 15 SHAP scores:
2026-08-04 18:25:42 | INFO     | selector             |     FE_high_prior_utilization                     SHAP=0.303850
2026-08-04 18:25:42 | INFO     | selector             | --------------------------------------------------
2026-08-04 18:25:42 | INFO     | selector             | Stage 6: Stability Selection (n_bootstrap=50, frac=0.75, threshold=0.6)
2026-08-04 18:25:50 | INFO     | selector             |   Input    : 1
2026-08-04 18:25:50 | INFO     | selector             |   Selected : 1 (stability >= 0.6)
2026-08-04 18:25:50 | INFO     | selector             |   Removed  : 0
2026-08-04 18:25:50 | INFO     | selector             |   Top 15 stability scores:
2026-08-04 18:25:50 | INFO     | selector             |     [✓] FE_high_prior_utilization                   stability=1.0000
2026-08-04 18:25:50 | INFO     | selector             | --------------------------------------------------
2026-08-04 18:25:50 | INFO     | selector             | Stage 7: Consensus Vote (min_stages=2)
2026-08-04 18:25:50 | INFO     | selector             |   Total features evaluated : 78
2026-08-04 18:25:50 | INFO     | selector             |   Selected (votes >= 2)   : 53
2026-08-04 18:25:50 | INFO     | selector             |   Removed                  : 25
2026-08-04 18:25:50 | INFO     | selector             |   Vote summary (top 20):
2026-08-04 18:25:50 | INFO     | selector             |     [✓] FE_high_prior_utilization                     votes=6/6
2026-08-04 18:25:50 | INFO     | selector             |     [✓] race                                          votes=3/6
2026-08-04 18:25:50 | INFO     | selector             |     [✓] gender                                        votes=3/6
2026-08-04 18:25:50 | INFO     | selector             |     [✓] age                                           votes=3/6
2026-08-04 18:25:50 | INFO     | selector             |     [✓] admission_type_id                             votes=3/6
2026-08-04 18:25:50 | INFO     | selector             |     [✓] discharge_disposition_id                      votes=3/6
2026-08-04 18:25:50 | INFO     | selector             |     [✓] admission_source_id                           votes=3/6
2026-08-04 18:25:50 | INFO     | selector             |     [✓] time_in_hospital                              votes=3/6
2026-08-04 18:25:50 | INFO     | selector             |     [✓] payer_code                                    votes=3/6
2026-08-04 18:25:50 | INFO     | selector             |     [✓] medical_specialty                             votes=3/6
2026-08-04 18:25:50 | INFO     | selector             |     [✓] num_medications                               votes=3/6
2026-08-04 18:25:50 | INFO     | selector             |     [✓] number_outpatient                             votes=3/6
2026-08-04 18:25:50 | INFO     | selector             |     [✓] diag_1                                        votes=3/6
2026-08-04 18:25:50 | INFO     | selector             |     [✓] diag_2                                        votes=3/6
2026-08-04 18:25:50 | INFO     | selector             |     [✓] number_diagnoses                              votes=3/6
2026-08-04 18:25:50 | INFO     | selector             |     [✓] weight_missing                                votes=3/6
2026-08-04 18:25:50 | INFO     | selector             |     [✓] max_glu_serum_missing                         votes=3/6
2026-08-04 18:25:50 | INFO     | selector             |     [✓] A1Cresult_missing                             votes=3/6
2026-08-04 18:25:50 | INFO     | selector             |     [✓] FE_total_clinical_contacts                    votes=3/6
2026-08-04 18:25:50 | INFO     | selector             |     [✓] FE_labs_per_day                               votes=3/6
2026-08-04 18:25:50 | INFO     | selector             |   feature_scores.csv saved -> C:\Users\sharg\Desktop\github\DriftSentinel\outputs\artifacts\feature_scores.csv
2026-08-04 18:25:50 | INFO     | selector             |   Selected feature breakdown:
2026-08-04 18:25:50 | INFO     | selector             |     FE_ features selected : 29
2026-08-04 18:25:50 | INFO     | selector             |     Raw features selected : 24
2026-08-04 18:25:50 | INFO     | selector             |   selected_features.json saved -> C:\Users\sharg\Desktop\github\DriftSentinel\outputs\artifacts\selected_features.json
2026-08-04 18:25:50 | INFO     | selector             |   selector_stage_results.json saved -> C:\Users\sharg\Desktop\github\DriftSentinel\outputs\artifacts\selector_stage_results.json
2026-08-04 18:25:50 | INFO     | selector             |   feature_selector.pkl saved -> C:\Users\sharg\Desktop\github\DriftSentinel\outputs\artifacts\feature_selector.pkl
2026-08-04 18:25:50 | INFO     | selector             | ======================================================================
2026-08-04 18:25:50 | INFO     | selector             | Selection complete — 53 features retained from 78 input features
2026-08-04 18:25:50 | INFO     | selector             | ======================================================================
2026-08-04 18:25:50 | INFO     | selector             | ======================================================================
2026-08-04 18:25:50 | INFO     | selector             | DriftSentinel — Feature Selector  [transform on TRAIN]
2026-08-04 18:25:50 | INFO     | selector             | ======================================================================
2026-08-04 18:25:50 | INFO     | selector             | Input  shape : (63492, 80)
2026-08-04 18:25:50 | INFO     | selector             | Output shape : (63492, 55)
2026-08-04 18:25:50 | INFO     | selector             | Features retained : 53
2026-08-04 18:25:50 | INFO     | selector             | Targets retained  : ['readmitted_binary', 'readmitted_multi']
2026-08-04 18:25:50 | INFO     | selector             | ======================================================================
2026-08-04 18:25:50 | INFO     | selector             | ======================================================================
2026-08-04 18:25:50 | INFO     | selector             | DriftSentinel — Feature Selector  [transform on VAL]
2026-08-04 18:25:50 | INFO     | selector             | ======================================================================
2026-08-04 18:25:50 | INFO     | selector             | Input  shape : (20949, 80)
2026-08-04 18:25:50 | INFO     | selector             | Output shape : (20949, 55)
2026-08-04 18:25:50 | INFO     | selector             | Features retained : 53
2026-08-04 18:25:50 | INFO     | selector             | Targets retained  : ['readmitted_binary', 'readmitted_multi']
2026-08-04 18:25:50 | INFO     | selector             | ======================================================================
2026-08-04 18:25:50 | INFO     | selector             | ======================================================================
2026-08-04 18:25:50 | INFO     | selector             | DriftSentinel — Feature Selector  [transform on TEST]
2026-08-04 18:25:50 | INFO     | selector             | ======================================================================
2026-08-04 18:25:50 | INFO     | selector             | Input  shape : (17325, 80)
2026-08-04 18:25:50 | INFO     | selector             | Output shape : (17325, 55)
2026-08-04 18:25:50 | INFO     | selector             | Features retained : 53
2026-08-04 18:25:50 | INFO     | selector             | Targets retained  : ['readmitted_binary', 'readmitted_multi']
2026-08-04 18:25:50 | INFO     | selector             | ======================================================================
2026-08-04 18:26:19 | INFO     | selector             | ===== RUN 20260804-182616-767803 | pid=22596 | started 2026-08-04 18:26:19 =====
2026-08-04 18:26:19 | INFO     | selector             | ======================================================================
2026-08-04 18:26:19 | INFO     | selector             | DriftSentinel — Feature Selector  [fit on TRAIN]
2026-08-04 18:26:19 | INFO     | selector             | ======================================================================
2026-08-04 18:26:19 | INFO     | selector             | Input shape : (63492, 80)
2026-08-04 18:26:19 | INFO     | selector             | Feature matrix : 63,492 rows x 78 features
2026-08-04 18:26:19 | INFO     | selector             | Target (binary): {0: 55875, 1: 7617}
2026-08-04 18:26:19 | INFO     | selector             | --------------------------------------------------
2026-08-04 18:26:19 | INFO     | selector             | Stage 1: Variance Threshold (threshold=0.01)
2026-08-04 18:26:19 | INFO     | selector             |   Input    : 78 features
2026-08-04 18:26:19 | INFO     | selector             |   Selected : 67
2026-08-04 18:26:19 | INFO     | selector             |   Removed  : 11
2026-08-04 18:26:19 | INFO     | selector             |     DROP  nateglinide                                   var=0.006765
2026-08-04 18:26:19 | INFO     | selector             |     DROP  chlorpropamide                                var=0.001117
2026-08-04 18:26:19 | INFO     | selector             |     DROP  tolbutamide                                   var=0.000299
2026-08-04 18:26:19 | INFO     | selector             |     DROP  acarbose                                      var=0.003171
2026-08-04 18:26:19 | INFO     | selector             |     DROP  miglitol                                      var=0.000472
2026-08-04 18:26:19 | INFO     | selector             |     DROP  tolazamide                                    var=0.000598
2026-08-04 18:26:19 | INFO     | selector             |     DROP  glyburide-metformin                           var=0.004796
2026-08-04 18:26:19 | INFO     | selector             |     DROP  glipizide-metformin                           var=0.000157
2026-08-04 18:26:19 | INFO     | selector             |     DROP  FE_polypharmacy                               var=0.000504
2026-08-04 18:26:19 | INFO     | selector             |     DROP  FE_med_coverage_ratio                         var=0.005305
2026-08-04 18:26:19 | INFO     | selector             |     DROP  FE_inpatient_x_polypharmacy                   var=0.000094
2026-08-04 18:26:19 | INFO     | selector             | --------------------------------------------------
2026-08-04 18:26:19 | INFO     | selector             | Stage 2: Correlation Filter (threshold=0.9)
2026-08-04 18:26:20 | INFO     | selector             |   Input    : 67
2026-08-04 18:26:20 | INFO     | selector             |   Selected : 53
2026-08-04 18:26:20 | INFO     | selector             |   Removed  : 14
2026-08-04 18:26:20 | INFO     | selector             |     DROP  num_lab_procedures                       r=0.9821 (kept: FE_total_clinical_contacts)
2026-08-04 18:26:20 | INFO     | selector             |     DROP  num_procedures                           r=0.9502 (kept: FE_procedure_density)
2026-08-04 18:26:20 | INFO     | selector             |     DROP  FE_n_active_ordinal_meds                 r=0.9936 (kept: FE_total_active_meds)
2026-08-04 18:26:20 | INFO     | selector             |     DROP  FE_n_med_changes                         r=0.9982 (kept: FE_any_med_changed)
2026-08-04 18:26:20 | INFO     | selector             |     DROP  FE_procedure_density                     r=0.9049 (kept: FE_no_procedures)
2026-08-04 18:26:20 | INFO     | selector             |     DROP  number_emergency                         r=0.9986 (kept: FE_has_prior_emergency)
2026-08-04 18:26:20 | INFO     | selector             |     DROP  number_inpatient                         r=0.973 (kept: FE_has_prior_inpatient)
2026-08-04 18:26:20 | INFO     | selector             |     DROP  FE_total_prior_contacts                  r=0.9633 (kept: FE_multi_channel_utilizer)
2026-08-04 18:26:20 | INFO     | selector             |     DROP  insulin                                  r=0.9406 (kept: FE_insulin_prescribed)
2026-08-04 18:26:20 | INFO     | selector             |     DROP  metformin                                r=0.9984 (kept: FE_metformin_prescribed)
2026-08-04 18:26:20 | INFO     | selector             |     DROP  diabetesMed                              r=1.0 (kept: FE_on_diabetes_med)
2026-08-04 18:26:20 | INFO     | selector             |     DROP  change                                   r=1.0 (kept: FE_med_regimen_changed)
2026-08-04 18:26:20 | INFO     | selector             |     DROP  FE_has_prior_emergency                   r=0.9977 (kept: FE_glycemic_x_emergency)
2026-08-04 18:26:20 | INFO     | selector             |     DROP  FE_high_comorbidity                      r=0.9553 (kept: FE_labs_per_day_x_comorbidity)
2026-08-04 18:26:20 | INFO     | selector             | --------------------------------------------------
2026-08-04 18:26:20 | INFO     | selector             | Stage 3: Mutual Information (drop bottom 20th percentile)
2026-08-04 18:26:28 | INFO     | selector             |   Input    : 53
2026-08-04 18:26:28 | INFO     | selector             |   MI threshold (P20) : 0.000522
2026-08-04 18:26:28 | INFO     | selector             |   Selected : 42
2026-08-04 18:26:28 | INFO     | selector             |   Removed  : 11
2026-08-04 18:26:28 | INFO     | selector             |   Top 10 MI scores:
2026-08-04 18:26:28 | INFO     | selector             |     FE_on_diabetes_med                            MI=0.012227
2026-08-04 18:26:28 | INFO     | selector             |     FE_has_prior_inpatient                        MI=0.011854
2026-08-04 18:26:28 | INFO     | selector             |     FE_insulin_prescribed                         MI=0.010541
2026-08-04 18:26:28 | INFO     | selector             |     race                                          MI=0.010317
2026-08-04 18:26:28 | INFO     | selector             |     weight_missing                                MI=0.010241
2026-08-04 18:26:28 | INFO     | selector             |     A1Cresult_missing                             MI=0.010201
2026-08-04 18:26:28 | INFO     | selector             |     FE_med_regimen_changed                        MI=0.009947
2026-08-04 18:26:28 | INFO     | selector             |     FE_high_prior_utilization                     MI=0.009294
2026-08-04 18:26:28 | INFO     | selector             |     gender                                        MI=0.008221
2026-08-04 18:26:28 | INFO     | selector             |     FE_multi_channel_utilizer                     MI=0.008043
2026-08-04 18:26:28 | INFO     | selector             | --------------------------------------------------
2026-08-04 18:26:28 | INFO     | selector             | Stage 4: Boruta Shadow Feature Selection (n_estimators=200, max_iter=50)
2026-08-04 18:26:35 | INFO     | selector             |   Boruta iter  10/50 — confirmed so far: 0
2026-08-04 18:26:42 | INFO     | selector             |   Boruta iter  20/50 — confirmed so far: 0
2026-08-04 18:26:49 | INFO     | selector             |   Boruta iter  30/50 — confirmed so far: 0
2026-08-04 18:26:58 | INFO     | selector             |   Boruta iter  40/50 — confirmed so far: 0
2026-08-04 18:27:07 | INFO     | selector             |   Boruta iter  50/50 — confirmed so far: 0
2026-08-04 18:27:07 | INFO     | selector             |   Input    : 42
2026-08-04 18:27:07 | INFO     | selector             |   Selected : 1 (confirmed)
2026-08-04 18:27:07 | INFO     | selector             |   Removed  : 41 (tentative/rejected)
2026-08-04 18:27:07 | INFO     | selector             |   Top 10 hit rates:
2026-08-04 18:27:07 | INFO     | selector             |     FE_high_prior_utilization                     hit_rate=0.74
2026-08-04 18:27:07 | INFO     | selector             |     FE_has_prior_inpatient                        hit_rate=0.24
2026-08-04 18:27:07 | INFO     | selector             |     FE_on_diabetes_med                            hit_rate=0.00
2026-08-04 18:27:07 | INFO     | selector             |     FE_insulin_prescribed                         hit_rate=0.00
2026-08-04 18:27:07 | INFO     | selector             |     race                                          hit_rate=0.00
2026-08-04 18:27:07 | INFO     | selector             |     weight_missing                                hit_rate=0.00
2026-08-04 18:27:07 | INFO     | selector             |     A1Cresult_missing                             hit_rate=0.00
2026-08-04 18:27:07 | INFO     | selector             |     FE_med_regimen_changed                        hit_rate=0.00
2026-08-04 18:27:07 | INFO     | selector             |     gender                                        hit_rate=0.00
2026-08-04 18:27:07 | INFO     | selector             |     FE_multi_channel_utilizer                     hit_rate=0.00
2026-08-04 18:27:07 | INFO     | selector             | --------------------------------------------------
2026-08-04 18:27:07 | INFO     | selector             | Stage 5: SHAP Importance (GBM, n_estimators=300)
2026-08-04 18:27:10 | INFO     | selector             |   Input    : 1
2026-08-04 18:27:10 | INFO     | selector             |   SHAP threshold (P20) : 0.303850
2026-08-04 18:27:10 | INFO     | selector             |   Selected : 1
2026-08-04 18:27:10 | INFO     | selector             |   Removed  : 0
2026-08-04 18:27:10 | INFO     | selector             |   Top 15 SHAP scores:
2026-08-04 18:27:10 | INFO     | selector             |     FE_high_prior_utilization                     SHAP=0.303850
2026-08-04 18:27:10 | INFO     | selector             | --------------------------------------------------
2026-08-04 18:27:10 | INFO     | selector             | Stage 6: Stability Selection (n_bootstrap=50, frac=0.75, threshold=0.6)
2026-08-04 18:27:18 | INFO     | selector             |   Input    : 1
2026-08-04 18:27:18 | INFO     | selector             |   Selected : 1 (stability >= 0.6)
2026-08-04 18:27:18 | INFO     | selector             |   Removed  : 0
2026-08-04 18:27:18 | INFO     | selector             |   Top 15 stability scores:
2026-08-04 18:27:18 | INFO     | selector             |     [✓] FE_high_prior_utilization                   stability=1.0000
2026-08-04 18:27:18 | INFO     | selector             | --------------------------------------------------
2026-08-04 18:27:18 | INFO     | selector             | Stage 7: Consensus Vote (min_stages=2)
2026-08-04 18:27:18 | INFO     | selector             |   Total features evaluated : 78
2026-08-04 18:27:18 | INFO     | selector             |   Selected (votes >= 2)   : 53
2026-08-04 18:27:18 | INFO     | selector             |   Removed                  : 25
2026-08-04 18:27:18 | INFO     | selector             |   Vote summary (top 20):
2026-08-04 18:27:18 | INFO     | selector             |     [✓] FE_high_prior_utilization                     votes=6/6
2026-08-04 18:27:18 | INFO     | selector             |     [✓] race                                          votes=3/6
2026-08-04 18:27:18 | INFO     | selector             |     [✓] gender                                        votes=3/6
2026-08-04 18:27:18 | INFO     | selector             |     [✓] age                                           votes=3/6
2026-08-04 18:27:18 | INFO     | selector             |     [✓] admission_type_id                             votes=3/6
2026-08-04 18:27:18 | INFO     | selector             |     [✓] discharge_disposition_id                      votes=3/6
2026-08-04 18:27:18 | INFO     | selector             |     [✓] admission_source_id                           votes=3/6
2026-08-04 18:27:18 | INFO     | selector             |     [✓] time_in_hospital                              votes=3/6
2026-08-04 18:27:18 | INFO     | selector             |     [✓] payer_code                                    votes=3/6
2026-08-04 18:27:18 | INFO     | selector             |     [✓] medical_specialty                             votes=3/6
2026-08-04 18:27:18 | INFO     | selector             |     [✓] num_medications                               votes=3/6
2026-08-04 18:27:18 | INFO     | selector             |     [✓] number_outpatient                             votes=3/6
2026-08-04 18:27:18 | INFO     | selector             |     [✓] diag_1                                        votes=3/6
2026-08-04 18:27:18 | INFO     | selector             |     [✓] diag_2                                        votes=3/6
2026-08-04 18:27:18 | INFO     | selector             |     [✓] number_diagnoses                              votes=3/6
2026-08-04 18:27:18 | INFO     | selector             |     [✓] weight_missing                                votes=3/6
2026-08-04 18:27:18 | INFO     | selector             |     [✓] max_glu_serum_missing                         votes=3/6
2026-08-04 18:27:18 | INFO     | selector             |     [✓] A1Cresult_missing                             votes=3/6
2026-08-04 18:27:18 | INFO     | selector             |     [✓] FE_total_clinical_contacts                    votes=3/6
2026-08-04 18:27:18 | INFO     | selector             |     [✓] FE_labs_per_day                               votes=3/6
2026-08-04 18:27:18 | INFO     | selector             |   feature_scores.csv saved -> C:\Users\sharg\Desktop\github\DriftSentinel\outputs\artifacts\feature_scores.csv
2026-08-04 18:27:18 | INFO     | selector             |   Selected feature breakdown:
2026-08-04 18:27:18 | INFO     | selector             |     FE_ features selected : 29
2026-08-04 18:27:18 | INFO     | selector             |     Raw features selected : 24
2026-08-04 18:27:18 | INFO     | selector             |   selected_features.json saved -> C:\Users\sharg\Desktop\github\DriftSentinel\outputs\artifacts\selected_features.json
2026-08-04 18:27:18 | INFO     | selector             |   selector_stage_results.json saved -> C:\Users\sharg\Desktop\github\DriftSentinel\outputs\artifacts\selector_stage_results.json
2026-08-04 18:27:18 | INFO     | selector             |   feature_selector.pkl saved -> C:\Users\sharg\Desktop\github\DriftSentinel\outputs\artifacts\feature_selector.pkl
2026-08-04 18:27:18 | INFO     | selector             | ======================================================================
2026-08-04 18:27:18 | INFO     | selector             | Selection complete — 53 features retained from 78 input features
2026-08-04 18:27:18 | INFO     | selector             | ======================================================================
2026-08-04 18:27:18 | INFO     | selector             | ======================================================================
2026-08-04 18:27:18 | INFO     | selector             | DriftSentinel — Feature Selector  [transform on TRAIN]
2026-08-04 18:27:18 | INFO     | selector             | ======================================================================
2026-08-04 18:27:18 | INFO     | selector             | Input  shape : (63492, 80)
2026-08-04 18:27:18 | INFO     | selector             | Output shape : (63492, 55)
2026-08-04 18:27:18 | INFO     | selector             | Features retained : 53
2026-08-04 18:27:18 | INFO     | selector             | Targets retained  : ['readmitted_binary', 'readmitted_multi']
2026-08-04 18:27:18 | INFO     | selector             | ======================================================================
2026-08-04 18:27:18 | INFO     | selector             | ======================================================================
2026-08-04 18:27:18 | INFO     | selector             | DriftSentinel — Feature Selector  [transform on VAL]
2026-08-04 18:27:18 | INFO     | selector             | ======================================================================
2026-08-04 18:27:18 | INFO     | selector             | Input  shape : (20949, 80)
2026-08-04 18:27:18 | INFO     | selector             | Output shape : (20949, 55)
2026-08-04 18:27:18 | INFO     | selector             | Features retained : 53
2026-08-04 18:27:18 | INFO     | selector             | Targets retained  : ['readmitted_binary', 'readmitted_multi']
2026-08-04 18:27:18 | INFO     | selector             | ======================================================================
2026-08-04 18:27:18 | INFO     | selector             | ======================================================================
2026-08-04 18:27:18 | INFO     | selector             | DriftSentinel — Feature Selector  [transform on TEST]
2026-08-04 18:27:18 | INFO     | selector             | ======================================================================
2026-08-04 18:27:18 | INFO     | selector             | Input  shape : (17325, 80)
2026-08-04 18:27:18 | INFO     | selector             | Output shape : (17325, 55)
2026-08-04 18:27:18 | INFO     | selector             | Features retained : 53
2026-08-04 18:27:18 | INFO     | selector             | Targets retained  : ['readmitted_binary', 'readmitted_multi']
2026-08-04 18:27:18 | INFO     | selector             | ======================================================================
2026-08-04 18:27:54 | INFO     | selector             | ===== RUN 20260804-182750-7cb05f | pid=31812 | started 2026-08-04 18:27:54 =====
2026-08-04 18:27:54 | INFO     | selector             | ======================================================================
2026-08-04 18:27:54 | INFO     | selector             | DriftSentinel — Feature Selector  [fit on TRAIN]
2026-08-04 18:27:54 | INFO     | selector             | ======================================================================
2026-08-04 18:27:54 | INFO     | selector             | Input shape : (63492, 80)
2026-08-04 18:27:54 | INFO     | selector             | Feature matrix : 63,492 rows x 78 features
2026-08-04 18:27:54 | INFO     | selector             | Target (binary): {0: 55875, 1: 7617}
2026-08-04 18:27:54 | INFO     | selector             | --------------------------------------------------
2026-08-04 18:27:54 | INFO     | selector             | Stage 1: Variance Threshold (threshold=0.01)
2026-08-04 18:27:54 | INFO     | selector             |   Input    : 78 features
2026-08-04 18:27:54 | INFO     | selector             |   Selected : 67
2026-08-04 18:27:54 | INFO     | selector             |   Removed  : 11
2026-08-04 18:27:54 | INFO     | selector             |     DROP  nateglinide                                   var=0.006765
2026-08-04 18:27:54 | INFO     | selector             |     DROP  chlorpropamide                                var=0.001117
2026-08-04 18:27:54 | INFO     | selector             |     DROP  tolbutamide                                   var=0.000299
2026-08-04 18:27:54 | INFO     | selector             |     DROP  acarbose                                      var=0.003171
2026-08-04 18:27:54 | INFO     | selector             |     DROP  miglitol                                      var=0.000472
2026-08-04 18:27:54 | INFO     | selector             |     DROP  tolazamide                                    var=0.000598
2026-08-04 18:27:54 | INFO     | selector             |     DROP  glyburide-metformin                           var=0.004796
2026-08-04 18:27:54 | INFO     | selector             |     DROP  glipizide-metformin                           var=0.000157
2026-08-04 18:27:54 | INFO     | selector             |     DROP  FE_polypharmacy                               var=0.000504
2026-08-04 18:27:54 | INFO     | selector             |     DROP  FE_med_coverage_ratio                         var=0.005305
2026-08-04 18:27:54 | INFO     | selector             |     DROP  FE_inpatient_x_polypharmacy                   var=0.000094
2026-08-04 18:27:54 | INFO     | selector             | --------------------------------------------------
2026-08-04 18:27:54 | INFO     | selector             | Stage 2: Correlation Filter (threshold=0.9)
2026-08-04 18:27:55 | INFO     | selector             |   Input    : 67
2026-08-04 18:27:55 | INFO     | selector             |   Selected : 53
2026-08-04 18:27:55 | INFO     | selector             |   Removed  : 14
2026-08-04 18:27:55 | INFO     | selector             |     DROP  num_lab_procedures                       r=0.9821 (kept: FE_total_clinical_contacts)
2026-08-04 18:27:55 | INFO     | selector             |     DROP  num_procedures                           r=0.9502 (kept: FE_procedure_density)
2026-08-04 18:27:55 | INFO     | selector             |     DROP  FE_n_active_ordinal_meds                 r=0.9936 (kept: FE_total_active_meds)
2026-08-04 18:27:55 | INFO     | selector             |     DROP  FE_n_med_changes                         r=0.9982 (kept: FE_any_med_changed)
2026-08-04 18:27:55 | INFO     | selector             |     DROP  FE_procedure_density                     r=0.9049 (kept: FE_no_procedures)
2026-08-04 18:27:55 | INFO     | selector             |     DROP  number_emergency                         r=0.9986 (kept: FE_has_prior_emergency)
2026-08-04 18:27:55 | INFO     | selector             |     DROP  number_inpatient                         r=0.973 (kept: FE_has_prior_inpatient)
2026-08-04 18:27:55 | INFO     | selector             |     DROP  FE_total_prior_contacts                  r=0.9633 (kept: FE_multi_channel_utilizer)
2026-08-04 18:27:55 | INFO     | selector             |     DROP  insulin                                  r=0.9406 (kept: FE_insulin_prescribed)
2026-08-04 18:27:55 | INFO     | selector             |     DROP  metformin                                r=0.9984 (kept: FE_metformin_prescribed)
2026-08-04 18:27:55 | INFO     | selector             |     DROP  diabetesMed                              r=1.0 (kept: FE_on_diabetes_med)
2026-08-04 18:27:55 | INFO     | selector             |     DROP  change                                   r=1.0 (kept: FE_med_regimen_changed)
2026-08-04 18:27:55 | INFO     | selector             |     DROP  FE_has_prior_emergency                   r=0.9977 (kept: FE_glycemic_x_emergency)
2026-08-04 18:27:55 | INFO     | selector             |     DROP  FE_high_comorbidity                      r=0.9553 (kept: FE_labs_per_day_x_comorbidity)
2026-08-04 18:27:55 | INFO     | selector             | --------------------------------------------------
2026-08-04 18:27:55 | INFO     | selector             | Stage 3: Mutual Information (drop bottom 20th percentile)
2026-08-04 18:28:03 | INFO     | selector             |   Input    : 53
2026-08-04 18:28:03 | INFO     | selector             |   MI threshold (P20) : 0.000522
2026-08-04 18:28:03 | INFO     | selector             |   Selected : 42
2026-08-04 18:28:03 | INFO     | selector             |   Removed  : 11
2026-08-04 18:28:03 | INFO     | selector             |   Top 10 MI scores:
2026-08-04 18:28:03 | INFO     | selector             |     FE_on_diabetes_med                            MI=0.012227
2026-08-04 18:28:03 | INFO     | selector             |     FE_has_prior_inpatient                        MI=0.011854
2026-08-04 18:28:03 | INFO     | selector             |     FE_insulin_prescribed                         MI=0.010541
2026-08-04 18:28:03 | INFO     | selector             |     race                                          MI=0.010317
2026-08-04 18:28:03 | INFO     | selector             |     weight_missing                                MI=0.010241
2026-08-04 18:28:03 | INFO     | selector             |     A1Cresult_missing                             MI=0.010201
2026-08-04 18:28:03 | INFO     | selector             |     FE_med_regimen_changed                        MI=0.009947
2026-08-04 18:28:03 | INFO     | selector             |     FE_high_prior_utilization                     MI=0.009294
2026-08-04 18:28:03 | INFO     | selector             |     gender                                        MI=0.008221
2026-08-04 18:28:03 | INFO     | selector             |     FE_multi_channel_utilizer                     MI=0.008043
2026-08-04 18:28:03 | INFO     | selector             | --------------------------------------------------
2026-08-04 18:28:03 | INFO     | selector             | Stage 4: Boruta Shadow Feature Selection (n_estimators=200, max_iter=50)
2026-08-04 18:28:10 | INFO     | selector             |   Boruta iter  10/50 — confirmed so far: 0
2026-08-04 18:28:19 | INFO     | selector             |   Boruta iter  20/50 — confirmed so far: 0
2026-08-04 18:28:30 | INFO     | selector             |   Boruta iter  30/50 — confirmed so far: 0
2026-08-04 18:28:40 | INFO     | selector             |   Boruta iter  40/50 — confirmed so far: 0
2026-08-04 18:28:50 | INFO     | selector             |   Boruta iter  50/50 — confirmed so far: 0
2026-08-04 18:28:50 | INFO     | selector             |   Input    : 42
2026-08-04 18:28:50 | INFO     | selector             |   Selected : 1 (confirmed)
2026-08-04 18:28:50 | INFO     | selector             |   Removed  : 41 (tentative/rejected)
2026-08-04 18:28:50 | INFO     | selector             |   Top 10 hit rates:
2026-08-04 18:28:50 | INFO     | selector             |     FE_high_prior_utilization                     hit_rate=0.74
2026-08-04 18:28:50 | INFO     | selector             |     FE_has_prior_inpatient                        hit_rate=0.24
2026-08-04 18:28:50 | INFO     | selector             |     FE_on_diabetes_med                            hit_rate=0.00
2026-08-04 18:28:50 | INFO     | selector             |     FE_insulin_prescribed                         hit_rate=0.00
2026-08-04 18:28:50 | INFO     | selector             |     race                                          hit_rate=0.00
2026-08-04 18:28:50 | INFO     | selector             |     weight_missing                                hit_rate=0.00
2026-08-04 18:28:50 | INFO     | selector             |     A1Cresult_missing                             hit_rate=0.00
2026-08-04 18:28:50 | INFO     | selector             |     FE_med_regimen_changed                        hit_rate=0.00
2026-08-04 18:28:50 | INFO     | selector             |     gender                                        hit_rate=0.00
2026-08-04 18:28:50 | INFO     | selector             |     FE_multi_channel_utilizer                     hit_rate=0.00
2026-08-04 18:28:50 | INFO     | selector             | --------------------------------------------------
2026-08-04 18:28:50 | INFO     | selector             | Stage 5: SHAP Importance (GBM, n_estimators=300)
2026-08-04 18:28:54 | INFO     | selector             |   Input    : 1
2026-08-04 18:28:54 | INFO     | selector             |   SHAP threshold (P20) : 0.303850
2026-08-04 18:28:54 | INFO     | selector             |   Selected : 1
2026-08-04 18:28:54 | INFO     | selector             |   Removed  : 0
2026-08-04 18:28:54 | INFO     | selector             |   Top 15 SHAP scores:
2026-08-04 18:28:54 | INFO     | selector             |     FE_high_prior_utilization                     SHAP=0.303850
2026-08-04 18:28:54 | INFO     | selector             | --------------------------------------------------
2026-08-04 18:28:54 | INFO     | selector             | Stage 6: Stability Selection (n_bootstrap=50, frac=0.75, threshold=0.6)
2026-08-04 18:29:03 | INFO     | selector             | ===== RUN 20260804-182859-505ef4 | pid=12720 | started 2026-08-04 18:29:03 =====
2026-08-04 18:29:03 | INFO     | selector             | --------------------------------------------------
2026-08-04 18:29:03 | INFO     | selector             | Stage 5: SHAP Importance (GBM, n_estimators=300)
2026-08-04 18:29:03 | WARNING  | selector             |   Stage 5 SKIPPED — Boruta confirmed 0 features, so there is nothing to rank. Contributing no votes.
2026-08-04 18:29:03 | INFO     | selector             | --------------------------------------------------
2026-08-04 18:29:03 | INFO     | selector             | Stage 6: Stability Selection (n_bootstrap=50, frac=0.75, threshold=0.6)
2026-08-04 18:29:03 | WARNING  | selector             |   Stage 6 SKIPPED — no candidates from stage 5. Contributing no votes.
2026-08-04 18:29:03 | INFO     | selector             | --------------------------------------------------
2026-08-04 18:29:03 | INFO     | selector             | Stage 5: SHAP Importance (GBM, n_estimators=300)
2026-08-04 18:29:03 | INFO     | selector             |   Input    : 1
2026-08-04 18:29:03 | INFO     | selector             |   Selected : 1 (stability >= 0.6)
2026-08-04 18:29:03 | INFO     | selector             |   Removed  : 0
2026-08-04 18:29:03 | INFO     | selector             |   Top 15 stability scores:
2026-08-04 18:29:03 | INFO     | selector             |     [✓] FE_high_prior_utilization                   stability=1.0000
2026-08-04 18:29:03 | INFO     | selector             | --------------------------------------------------
2026-08-04 18:29:03 | INFO     | selector             | Stage 7: Consensus Vote (min_stages=2)
2026-08-04 18:29:03 | INFO     | selector             |   Total features evaluated : 78
2026-08-04 18:29:03 | INFO     | selector             |   Selected (votes >= 2)   : 53
2026-08-04 18:29:03 | INFO     | selector             |   Removed                  : 25
2026-08-04 18:29:03 | INFO     | selector             |   Vote summary (top 20):
2026-08-04 18:29:03 | INFO     | selector             |     [✓] FE_high_prior_utilization                     votes=6/6
2026-08-04 18:29:03 | INFO     | selector             |     [✓] race                                          votes=3/6
2026-08-04 18:29:03 | INFO     | selector             |     [✓] gender                                        votes=3/6
2026-08-04 18:29:03 | INFO     | selector             |     [✓] age                                           votes=3/6
2026-08-04 18:29:03 | INFO     | selector             |     [✓] admission_type_id                             votes=3/6
2026-08-04 18:29:03 | INFO     | selector             |     [✓] discharge_disposition_id                      votes=3/6
2026-08-04 18:29:03 | INFO     | selector             |     [✓] admission_source_id                           votes=3/6
2026-08-04 18:29:03 | INFO     | selector             |     [✓] time_in_hospital                              votes=3/6
2026-08-04 18:29:03 | INFO     | selector             |     [✓] payer_code                                    votes=3/6
2026-08-04 18:29:03 | INFO     | selector             |     [✓] medical_specialty                             votes=3/6
2026-08-04 18:29:03 | INFO     | selector             |     [✓] num_medications                               votes=3/6
2026-08-04 18:29:03 | INFO     | selector             |     [✓] number_outpatient                             votes=3/6
2026-08-04 18:29:03 | INFO     | selector             |     [✓] diag_1                                        votes=3/6
2026-08-04 18:29:03 | INFO     | selector             |     [✓] diag_2                                        votes=3/6
2026-08-04 18:29:03 | INFO     | selector             |     [✓] number_diagnoses                              votes=3/6
2026-08-04 18:29:03 | INFO     | selector             |     [✓] weight_missing                                votes=3/6
2026-08-04 18:29:03 | INFO     | selector             |     [✓] max_glu_serum_missing                         votes=3/6
2026-08-04 18:29:03 | INFO     | selector             |     [✓] A1Cresult_missing                             votes=3/6
2026-08-04 18:29:03 | INFO     | selector             |     [✓] FE_total_clinical_contacts                    votes=3/6
2026-08-04 18:29:03 | INFO     | selector             |     [✓] FE_labs_per_day                               votes=3/6
2026-08-04 18:29:03 | INFO     | selector             |   feature_scores.csv saved -> C:\Users\sharg\Desktop\github\DriftSentinel\outputs\artifacts\feature_scores.csv
2026-08-04 18:29:03 | INFO     | selector             |   Selected feature breakdown:
2026-08-04 18:29:03 | INFO     | selector             |     FE_ features selected : 29
2026-08-04 18:29:03 | INFO     | selector             |     Raw features selected : 24
2026-08-04 18:29:03 | INFO     | selector             |   selected_features.json saved -> C:\Users\sharg\Desktop\github\DriftSentinel\outputs\artifacts\selected_features.json
2026-08-04 18:29:03 | INFO     | selector             |   selector_stage_results.json saved -> C:\Users\sharg\Desktop\github\DriftSentinel\outputs\artifacts\selector_stage_results.json
2026-08-04 18:29:03 | INFO     | selector             |   feature_selector.pkl saved -> C:\Users\sharg\Desktop\github\DriftSentinel\outputs\artifacts\feature_selector.pkl
2026-08-04 18:29:03 | INFO     | selector             | ======================================================================
2026-08-04 18:29:03 | INFO     | selector             | Selection complete — 53 features retained from 78 input features
2026-08-04 18:29:03 | INFO     | selector             | ======================================================================
2026-08-04 18:29:03 | INFO     | selector             | ======================================================================
2026-08-04 18:29:03 | INFO     | selector             | DriftSentinel — Feature Selector  [transform on TRAIN]
2026-08-04 18:29:03 | INFO     | selector             | ======================================================================
2026-08-04 18:29:03 | INFO     | selector             | Input  shape : (63492, 80)
2026-08-04 18:29:03 | INFO     | selector             | Output shape : (63492, 55)
2026-08-04 18:29:03 | INFO     | selector             | Features retained : 53
2026-08-04 18:29:03 | INFO     | selector             | Targets retained  : ['readmitted_binary', 'readmitted_multi']
2026-08-04 18:29:03 | INFO     | selector             | ======================================================================
2026-08-04 18:29:03 | INFO     | selector             | ======================================================================
2026-08-04 18:29:03 | INFO     | selector             | DriftSentinel — Feature Selector  [transform on VAL]
2026-08-04 18:29:03 | INFO     | selector             | ======================================================================
2026-08-04 18:29:03 | INFO     | selector             | Input  shape : (20949, 80)
2026-08-04 18:29:03 | INFO     | selector             | Output shape : (20949, 55)
2026-08-04 18:29:03 | INFO     | selector             | Features retained : 53
2026-08-04 18:29:03 | INFO     | selector             | Targets retained  : ['readmitted_binary', 'readmitted_multi']
2026-08-04 18:29:03 | INFO     | selector             | ======================================================================
2026-08-04 18:29:03 | INFO     | selector             | ======================================================================
2026-08-04 18:29:03 | INFO     | selector             | DriftSentinel — Feature Selector  [transform on TEST]
2026-08-04 18:29:03 | INFO     | selector             | ======================================================================
2026-08-04 18:29:03 | INFO     | selector             | Input  shape : (17325, 80)
2026-08-04 18:29:03 | INFO     | selector             | Output shape : (17325, 55)
2026-08-04 18:29:03 | INFO     | selector             | Features retained : 53
2026-08-04 18:29:03 | INFO     | selector             | Targets retained  : ['readmitted_binary', 'readmitted_multi']
2026-08-04 18:29:03 | INFO     | selector             | ======================================================================
2026-08-04 18:29:03 | INFO     | selector             |   Input    : 1
2026-08-04 18:29:03 | INFO     | selector             |   SHAP threshold (P20) : 1.314825
2026-08-04 18:29:03 | INFO     | selector             |   Selected : 1
2026-08-04 18:29:03 | INFO     | selector             |   Removed  : 0
2026-08-04 18:29:03 | INFO     | selector             |   Top 15 SHAP scores:
2026-08-04 18:29:03 | INFO     | selector             |     a                                             SHAP=1.314825
2026-08-04 18:29:03 | INFO     | selector             | --------------------------------------------------
2026-08-04 18:29:03 | INFO     | selector             | Stage 6: Stability Selection (n_bootstrap=50, frac=0.75, threshold=0.6)
2026-08-04 18:29:10 | INFO     | selector             |   Input    : 1
2026-08-04 18:29:10 | INFO     | selector             |   Selected : 1 (stability >= 0.6)
2026-08-04 18:29:10 | INFO     | selector             |   Removed  : 0
2026-08-04 18:29:10 | INFO     | selector             |   Top 15 stability scores:
2026-08-04 18:29:10 | INFO     | selector             |     [✓] a                                           stability=1.0000
2026-08-04 18:30:20 | INFO     | selector             | ===== RUN 20260804-183015-40a5e4 | pid=7752 | started 2026-08-04 18:30:20 =====
2026-08-04 18:30:20 | INFO     | selector             | ======================================================================
2026-08-04 18:30:20 | INFO     | selector             | DriftSentinel — Feature Selector  [fit on TRAIN]
2026-08-04 18:30:20 | INFO     | selector             | ======================================================================
2026-08-04 18:30:20 | INFO     | selector             | Input shape : (63492, 80)
2026-08-04 18:30:20 | INFO     | selector             | Feature matrix : 63,492 rows x 78 features
2026-08-04 18:30:20 | INFO     | selector             | Target (binary): {0: 55875, 1: 7617}
2026-08-04 18:30:20 | INFO     | selector             | --------------------------------------------------
2026-08-04 18:30:20 | INFO     | selector             | Stage 1: Variance Threshold (threshold=0.01)
2026-08-04 18:30:20 | INFO     | selector             |   Input    : 78 features
2026-08-04 18:30:20 | INFO     | selector             |   Selected : 67
2026-08-04 18:30:20 | INFO     | selector             |   Removed  : 11
2026-08-04 18:30:20 | INFO     | selector             |     DROP  nateglinide                                   var=0.006765
2026-08-04 18:30:20 | INFO     | selector             |     DROP  chlorpropamide                                var=0.001117
2026-08-04 18:30:20 | INFO     | selector             |     DROP  tolbutamide                                   var=0.000299
2026-08-04 18:30:20 | INFO     | selector             |     DROP  acarbose                                      var=0.003171
2026-08-04 18:30:20 | INFO     | selector             |     DROP  miglitol                                      var=0.000472
2026-08-04 18:30:20 | INFO     | selector             |     DROP  tolazamide                                    var=0.000598
2026-08-04 18:30:20 | INFO     | selector             |     DROP  glyburide-metformin                           var=0.004796
2026-08-04 18:30:20 | INFO     | selector             |     DROP  glipizide-metformin                           var=0.000157
2026-08-04 18:30:20 | INFO     | selector             |     DROP  FE_polypharmacy                               var=0.000504
2026-08-04 18:30:20 | INFO     | selector             |     DROP  FE_med_coverage_ratio                         var=0.005305
2026-08-04 18:30:20 | INFO     | selector             |     DROP  FE_inpatient_x_polypharmacy                   var=0.000094
2026-08-04 18:30:20 | INFO     | selector             | --------------------------------------------------
2026-08-04 18:30:20 | INFO     | selector             | Stage 2: Correlation Filter (threshold=0.9)
2026-08-04 18:30:21 | INFO     | selector             |   Input    : 67
2026-08-04 18:30:21 | INFO     | selector             |   Selected : 53
2026-08-04 18:30:21 | INFO     | selector             |   Removed  : 14
2026-08-04 18:30:21 | INFO     | selector             |     DROP  num_lab_procedures                       r=0.9821 (kept: FE_total_clinical_contacts)
2026-08-04 18:30:21 | INFO     | selector             |     DROP  num_procedures                           r=0.9502 (kept: FE_procedure_density)
2026-08-04 18:30:21 | INFO     | selector             |     DROP  FE_n_active_ordinal_meds                 r=0.9936 (kept: FE_total_active_meds)
2026-08-04 18:30:21 | INFO     | selector             |     DROP  FE_n_med_changes                         r=0.9982 (kept: FE_any_med_changed)
2026-08-04 18:30:21 | INFO     | selector             |     DROP  FE_procedure_density                     r=0.9049 (kept: FE_no_procedures)
2026-08-04 18:30:21 | INFO     | selector             |     DROP  number_emergency                         r=0.9986 (kept: FE_has_prior_emergency)
2026-08-04 18:30:21 | INFO     | selector             |     DROP  number_inpatient                         r=0.973 (kept: FE_has_prior_inpatient)
2026-08-04 18:30:21 | INFO     | selector             |     DROP  FE_total_prior_contacts                  r=0.9633 (kept: FE_multi_channel_utilizer)
2026-08-04 18:30:21 | INFO     | selector             |     DROP  insulin                                  r=0.9406 (kept: FE_insulin_prescribed)
2026-08-04 18:30:21 | INFO     | selector             |     DROP  metformin                                r=0.9984 (kept: FE_metformin_prescribed)
2026-08-04 18:30:21 | INFO     | selector             |     DROP  diabetesMed                              r=1.0 (kept: FE_on_diabetes_med)
2026-08-04 18:30:21 | INFO     | selector             |     DROP  change                                   r=1.0 (kept: FE_med_regimen_changed)
2026-08-04 18:30:21 | INFO     | selector             |     DROP  FE_has_prior_emergency                   r=0.9977 (kept: FE_glycemic_x_emergency)
2026-08-04 18:30:21 | INFO     | selector             |     DROP  FE_high_comorbidity                      r=0.9553 (kept: FE_labs_per_day_x_comorbidity)
2026-08-04 18:30:21 | INFO     | selector             | --------------------------------------------------
2026-08-04 18:30:21 | INFO     | selector             | Stage 3: Mutual Information (drop bottom 20th percentile)
2026-08-04 18:30:37 | INFO     | selector             |   Input    : 53
2026-08-04 18:30:37 | INFO     | selector             |   MI threshold (P20) : 0.000522
2026-08-04 18:30:37 | INFO     | selector             |   Selected : 42
2026-08-04 18:30:37 | INFO     | selector             |   Removed  : 11
2026-08-04 18:30:37 | INFO     | selector             |   Top 10 MI scores:
2026-08-04 18:30:37 | INFO     | selector             |     FE_on_diabetes_med                            MI=0.012227
2026-08-04 18:30:37 | INFO     | selector             |     FE_has_prior_inpatient                        MI=0.011854
2026-08-04 18:30:37 | INFO     | selector             |     FE_insulin_prescribed                         MI=0.010541
2026-08-04 18:30:37 | INFO     | selector             |     race                                          MI=0.010317
2026-08-04 18:30:37 | INFO     | selector             |     weight_missing                                MI=0.010241
2026-08-04 18:30:37 | INFO     | selector             |     A1Cresult_missing                             MI=0.010201
2026-08-04 18:30:37 | INFO     | selector             |     FE_med_regimen_changed                        MI=0.009947
2026-08-04 18:30:37 | INFO     | selector             |     FE_high_prior_utilization                     MI=0.009294
2026-08-04 18:30:37 | INFO     | selector             |     gender                                        MI=0.008221
2026-08-04 18:30:37 | INFO     | selector             |     FE_multi_channel_utilizer                     MI=0.008043
2026-08-04 18:30:37 | INFO     | selector             | --------------------------------------------------
2026-08-04 18:30:37 | INFO     | selector             | Stage 4: Boruta Shadow Feature Selection (n_estimators=200, max_iter=50)
2026-08-04 18:30:54 | INFO     | selector             |   Boruta iter  10/50 — confirmed so far: 0
2026-08-04 18:31:10 | INFO     | selector             |   Boruta iter  20/50 — confirmed so far: 0
2026-08-04 18:31:26 | INFO     | selector             |   Boruta iter  30/50 — confirmed so far: 0
2026-08-04 18:31:42 | INFO     | selector             |   Boruta iter  40/50 — confirmed so far: 0
2026-08-04 18:31:58 | INFO     | selector             |   Boruta iter  50/50 — confirmed so far: 0
2026-08-04 18:31:58 | INFO     | selector             |   Input    : 42
2026-08-04 18:31:58 | INFO     | selector             |   Selected : 1 (confirmed)
2026-08-04 18:31:58 | INFO     | selector             |   Removed  : 41 (tentative/rejected)
2026-08-04 18:31:58 | INFO     | selector             |   Top 10 hit rates:
2026-08-04 18:31:58 | INFO     | selector             |     FE_high_prior_utilization                     hit_rate=0.74
2026-08-04 18:31:58 | INFO     | selector             |     FE_has_prior_inpatient                        hit_rate=0.24
2026-08-04 18:31:58 | INFO     | selector             |     FE_on_diabetes_med                            hit_rate=0.00
2026-08-04 18:31:58 | INFO     | selector             |     FE_insulin_prescribed                         hit_rate=0.00
2026-08-04 18:31:58 | INFO     | selector             |     race                                          hit_rate=0.00
2026-08-04 18:31:58 | INFO     | selector             |     weight_missing                                hit_rate=0.00
2026-08-04 18:31:58 | INFO     | selector             |     A1Cresult_missing                             hit_rate=0.00
2026-08-04 18:31:58 | INFO     | selector             |     FE_med_regimen_changed                        hit_rate=0.00
2026-08-04 18:31:58 | INFO     | selector             |     gender                                        hit_rate=0.00
2026-08-04 18:31:58 | INFO     | selector             |     FE_multi_channel_utilizer                     hit_rate=0.00
2026-08-04 18:31:58 | INFO     | selector             | --------------------------------------------------
2026-08-04 18:31:58 | INFO     | selector             | Stage 5: SHAP Importance (GBM, n_estimators=300)
2026-08-04 18:32:03 | INFO     | selector             |   Input    : 1
2026-08-04 18:32:03 | INFO     | selector             |   SHAP threshold (P20) : 0.303850
2026-08-04 18:32:03 | INFO     | selector             |   Selected : 1
2026-08-04 18:32:03 | INFO     | selector             |   Removed  : 0
2026-08-04 18:32:03 | INFO     | selector             |   Top 15 SHAP scores:
2026-08-04 18:32:03 | INFO     | selector             |     FE_high_prior_utilization                     SHAP=0.303850
2026-08-04 18:32:03 | INFO     | selector             | --------------------------------------------------
2026-08-04 18:32:03 | INFO     | selector             | Stage 6: Stability Selection (n_bootstrap=50, frac=0.75, threshold=0.6)
2026-08-04 18:32:19 | INFO     | selector             |   Input    : 1
2026-08-04 18:32:19 | INFO     | selector             |   Selected : 1 (stability >= 0.6)
2026-08-04 18:32:19 | INFO     | selector             |   Removed  : 0
2026-08-04 18:32:19 | INFO     | selector             |   Top 15 stability scores:
2026-08-04 18:32:19 | INFO     | selector             |     [✓] FE_high_prior_utilization                   stability=1.0000
2026-08-04 18:32:19 | INFO     | selector             | --------------------------------------------------
2026-08-04 18:32:19 | INFO     | selector             | Stage 7: Consensus Vote (min_stages=2)
2026-08-04 18:32:19 | INFO     | selector             |   Total features evaluated : 78
2026-08-04 18:32:19 | INFO     | selector             |   Selected (votes >= 2)   : 53
2026-08-04 18:32:19 | INFO     | selector             |   Removed                  : 25
2026-08-04 18:32:19 | INFO     | selector             |   Vote summary (top 20):
2026-08-04 18:32:19 | INFO     | selector             |     [✓] FE_high_prior_utilization                     votes=6/6
2026-08-04 18:32:19 | INFO     | selector             |     [✓] race                                          votes=3/6
2026-08-04 18:32:19 | INFO     | selector             |     [✓] gender                                        votes=3/6
2026-08-04 18:32:19 | INFO     | selector             |     [✓] age                                           votes=3/6
2026-08-04 18:32:19 | INFO     | selector             |     [✓] admission_type_id                             votes=3/6
2026-08-04 18:32:19 | INFO     | selector             |     [✓] discharge_disposition_id                      votes=3/6
2026-08-04 18:32:19 | INFO     | selector             |     [✓] admission_source_id                           votes=3/6
2026-08-04 18:32:19 | INFO     | selector             |     [✓] time_in_hospital                              votes=3/6
2026-08-04 18:32:19 | INFO     | selector             |     [✓] payer_code                                    votes=3/6
2026-08-04 18:32:19 | INFO     | selector             |     [✓] medical_specialty                             votes=3/6
2026-08-04 18:32:19 | INFO     | selector             |     [✓] num_medications                               votes=3/6
2026-08-04 18:32:19 | INFO     | selector             |     [✓] number_outpatient                             votes=3/6
2026-08-04 18:32:19 | INFO     | selector             |     [✓] diag_1                                        votes=3/6
2026-08-04 18:32:19 | INFO     | selector             |     [✓] diag_2                                        votes=3/6
2026-08-04 18:32:19 | INFO     | selector             |     [✓] number_diagnoses                              votes=3/6
2026-08-04 18:32:19 | INFO     | selector             |     [✓] weight_missing                                votes=3/6
2026-08-04 18:32:19 | INFO     | selector             |     [✓] max_glu_serum_missing                         votes=3/6
2026-08-04 18:32:19 | INFO     | selector             |     [✓] A1Cresult_missing                             votes=3/6
2026-08-04 18:32:19 | INFO     | selector             |     [✓] FE_total_clinical_contacts                    votes=3/6
2026-08-04 18:32:19 | INFO     | selector             |     [✓] FE_labs_per_day                               votes=3/6
2026-08-04 18:32:19 | INFO     | selector             |   feature_scores.csv saved -> C:\Users\sharg\Desktop\github\DriftSentinel\outputs\artifacts\feature_scores.csv
2026-08-04 18:32:19 | INFO     | selector             |   Selected feature breakdown:
2026-08-04 18:32:19 | INFO     | selector             |     FE_ features selected : 29
2026-08-04 18:32:19 | INFO     | selector             |     Raw features selected : 24
2026-08-04 18:32:19 | INFO     | selector             |   selected_features.json saved -> C:\Users\sharg\Desktop\github\DriftSentinel\outputs\artifacts\selected_features.json
2026-08-04 18:32:19 | INFO     | selector             |   selector_stage_results.json saved -> C:\Users\sharg\Desktop\github\DriftSentinel\outputs\artifacts\selector_stage_results.json
2026-08-04 18:32:19 | INFO     | selector             |   feature_selector.pkl saved -> C:\Users\sharg\Desktop\github\DriftSentinel\outputs\artifacts\feature_selector.pkl
2026-08-04 18:32:19 | INFO     | selector             | ======================================================================
2026-08-04 18:32:19 | INFO     | selector             | Selection complete — 53 features retained from 78 input features
2026-08-04 18:32:19 | INFO     | selector             | ======================================================================
2026-08-04 18:32:19 | INFO     | selector             | ======================================================================
2026-08-04 18:32:19 | INFO     | selector             | DriftSentinel — Feature Selector  [transform on TRAIN]
2026-08-04 18:32:19 | INFO     | selector             | ======================================================================
2026-08-04 18:32:20 | INFO     | selector             | Input  shape : (63492, 80)
2026-08-04 18:32:20 | INFO     | selector             | Output shape : (63492, 55)
2026-08-04 18:32:20 | INFO     | selector             | Features retained : 53
2026-08-04 18:32:20 | INFO     | selector             | Targets retained  : ['readmitted_binary', 'readmitted_multi']
2026-08-04 18:32:20 | INFO     | selector             | ======================================================================
2026-08-04 18:32:20 | INFO     | selector             | ======================================================================
2026-08-04 18:32:20 | INFO     | selector             | DriftSentinel — Feature Selector  [transform on VAL]
2026-08-04 18:32:20 | INFO     | selector             | ======================================================================
2026-08-04 18:32:20 | INFO     | selector             | Input  shape : (20949, 80)
2026-08-04 18:32:20 | INFO     | selector             | Output shape : (20949, 55)
2026-08-04 18:32:20 | INFO     | selector             | Features retained : 53
2026-08-04 18:32:20 | INFO     | selector             | Targets retained  : ['readmitted_binary', 'readmitted_multi']
2026-08-04 18:32:20 | INFO     | selector             | ======================================================================
2026-08-04 18:32:20 | INFO     | selector             | ======================================================================
2026-08-04 18:32:20 | INFO     | selector             | DriftSentinel — Feature Selector  [transform on TEST]
2026-08-04 18:32:20 | INFO     | selector             | ======================================================================
2026-08-04 18:32:20 | INFO     | selector             | Input  shape : (17325, 80)
2026-08-04 18:32:20 | INFO     | selector             | Output shape : (17325, 55)
2026-08-04 18:32:20 | INFO     | selector             | Features retained : 53
2026-08-04 18:32:20 | INFO     | selector             | Targets retained  : ['readmitted_binary', 'readmitted_multi']
2026-08-04 18:32:20 | INFO     | selector             | ======================================================================
2026-08-04 18:33:34 | INFO     | selector             | ===== RUN 20260804-183329-4cf69f | pid=16904 | started 2026-08-04 18:33:34 =====
2026-08-04 18:33:34 | INFO     | selector             | ======================================================================
2026-08-04 18:33:34 | INFO     | selector             | DriftSentinel — Feature Selector  [fit on TRAIN]
2026-08-04 18:33:34 | INFO     | selector             | ======================================================================
2026-08-04 18:33:34 | INFO     | selector             | Input shape : (63492, 80)
2026-08-04 18:33:34 | INFO     | selector             | Feature matrix : 63,492 rows x 78 features
2026-08-04 18:33:34 | INFO     | selector             | Target (binary): {0: 55875, 1: 7617}
2026-08-04 18:33:34 | INFO     | selector             | --------------------------------------------------
2026-08-04 18:33:34 | INFO     | selector             | Stage 1: Variance Threshold (threshold=0.01)
2026-08-04 18:33:34 | INFO     | selector             |   Input    : 78 features
2026-08-04 18:33:34 | INFO     | selector             |   Selected : 67
2026-08-04 18:33:34 | INFO     | selector             |   Removed  : 11
2026-08-04 18:33:34 | INFO     | selector             |     DROP  nateglinide                                   var=0.006765
2026-08-04 18:33:34 | INFO     | selector             |     DROP  chlorpropamide                                var=0.001117
2026-08-04 18:33:34 | INFO     | selector             |     DROP  tolbutamide                                   var=0.000299
2026-08-04 18:33:34 | INFO     | selector             |     DROP  acarbose                                      var=0.003171
2026-08-04 18:33:34 | INFO     | selector             |     DROP  miglitol                                      var=0.000472
2026-08-04 18:33:34 | INFO     | selector             |     DROP  tolazamide                                    var=0.000598
2026-08-04 18:33:34 | INFO     | selector             |     DROP  glyburide-metformin                           var=0.004796
2026-08-04 18:33:34 | INFO     | selector             |     DROP  glipizide-metformin                           var=0.000157
2026-08-04 18:33:34 | INFO     | selector             |     DROP  FE_polypharmacy                               var=0.000504
2026-08-04 18:33:34 | INFO     | selector             |     DROP  FE_med_coverage_ratio                         var=0.005305
2026-08-04 18:33:34 | INFO     | selector             |     DROP  FE_inpatient_x_polypharmacy                   var=0.000094
2026-08-04 18:33:34 | INFO     | selector             | --------------------------------------------------
2026-08-04 18:33:34 | INFO     | selector             | Stage 2: Correlation Filter (threshold=0.9)
2026-08-04 18:33:35 | INFO     | selector             |   Input    : 67
2026-08-04 18:33:35 | INFO     | selector             |   Selected : 53
2026-08-04 18:33:35 | INFO     | selector             |   Removed  : 14
2026-08-04 18:33:35 | INFO     | selector             |     DROP  num_lab_procedures                       r=0.9821 (kept: FE_total_clinical_contacts)
2026-08-04 18:33:35 | INFO     | selector             |     DROP  num_procedures                           r=0.9502 (kept: FE_procedure_density)
2026-08-04 18:33:35 | INFO     | selector             |     DROP  FE_n_active_ordinal_meds                 r=0.9936 (kept: FE_total_active_meds)
2026-08-04 18:33:35 | INFO     | selector             |     DROP  FE_n_med_changes                         r=0.9982 (kept: FE_any_med_changed)
2026-08-04 18:33:35 | INFO     | selector             |     DROP  FE_procedure_density                     r=0.9049 (kept: FE_no_procedures)
2026-08-04 18:33:35 | INFO     | selector             |     DROP  number_emergency                         r=0.9986 (kept: FE_has_prior_emergency)
2026-08-04 18:33:35 | INFO     | selector             |     DROP  number_inpatient                         r=0.973 (kept: FE_has_prior_inpatient)
2026-08-04 18:33:35 | INFO     | selector             |     DROP  FE_total_prior_contacts                  r=0.9633 (kept: FE_multi_channel_utilizer)
2026-08-04 18:33:35 | INFO     | selector             |     DROP  insulin                                  r=0.9406 (kept: FE_insulin_prescribed)
2026-08-04 18:33:35 | INFO     | selector             |     DROP  metformin                                r=0.9984 (kept: FE_metformin_prescribed)
2026-08-04 18:33:35 | INFO     | selector             |     DROP  diabetesMed                              r=1.0 (kept: FE_on_diabetes_med)
2026-08-04 18:33:35 | INFO     | selector             |     DROP  change                                   r=1.0 (kept: FE_med_regimen_changed)
2026-08-04 18:33:35 | INFO     | selector             |     DROP  FE_has_prior_emergency                   r=0.9977 (kept: FE_glycemic_x_emergency)
2026-08-04 18:33:35 | INFO     | selector             |     DROP  FE_high_comorbidity                      r=0.9553 (kept: FE_labs_per_day_x_comorbidity)
2026-08-04 18:33:35 | INFO     | selector             | --------------------------------------------------
2026-08-04 18:33:35 | INFO     | selector             | Stage 3: Mutual Information (drop bottom 20th percentile)
2026-08-04 18:33:49 | INFO     | selector             |   Input    : 53
2026-08-04 18:33:49 | INFO     | selector             |   MI threshold (P20) : 0.000522
2026-08-04 18:33:49 | INFO     | selector             |   Selected : 42
2026-08-04 18:33:49 | INFO     | selector             |   Removed  : 11
2026-08-04 18:33:49 | INFO     | selector             |   Top 10 MI scores:
2026-08-04 18:33:49 | INFO     | selector             |     FE_on_diabetes_med                            MI=0.012227
2026-08-04 18:33:49 | INFO     | selector             |     FE_has_prior_inpatient                        MI=0.011854
2026-08-04 18:33:49 | INFO     | selector             |     FE_insulin_prescribed                         MI=0.010541
2026-08-04 18:33:49 | INFO     | selector             |     race                                          MI=0.010317
2026-08-04 18:33:49 | INFO     | selector             |     weight_missing                                MI=0.010241
2026-08-04 18:33:49 | INFO     | selector             |     A1Cresult_missing                             MI=0.010201
2026-08-04 18:33:49 | INFO     | selector             |     FE_med_regimen_changed                        MI=0.009947
2026-08-04 18:33:49 | INFO     | selector             |     FE_high_prior_utilization                     MI=0.009294
2026-08-04 18:33:49 | INFO     | selector             |     gender                                        MI=0.008221
2026-08-04 18:33:49 | INFO     | selector             |     FE_multi_channel_utilizer                     MI=0.008043
2026-08-04 18:33:49 | INFO     | selector             | --------------------------------------------------
2026-08-04 18:33:49 | INFO     | selector             | Stage 4: Boruta Shadow Feature Selection (n_estimators=200, max_iter=50)
2026-08-04 18:34:06 | INFO     | selector             |   Boruta iter  10/50 — confirmed so far: 0
2026-08-04 18:34:22 | INFO     | selector             |   Boruta iter  20/50 — confirmed so far: 0
2026-08-04 18:34:38 | INFO     | selector             |   Boruta iter  30/50 — confirmed so far: 0
2026-08-04 18:34:54 | INFO     | selector             |   Boruta iter  40/50 — confirmed so far: 0
2026-08-04 18:35:11 | INFO     | selector             |   Boruta iter  50/50 — confirmed so far: 0
2026-08-04 18:35:11 | INFO     | selector             |   Input    : 42
2026-08-04 18:35:11 | INFO     | selector             |   Selected : 1 (confirmed)
2026-08-04 18:35:11 | INFO     | selector             |   Removed  : 41 (tentative/rejected)
2026-08-04 18:35:11 | INFO     | selector             |   Top 10 hit rates:
2026-08-04 18:35:11 | INFO     | selector             |     FE_high_prior_utilization                     hit_rate=0.74
2026-08-04 18:35:11 | INFO     | selector             |     FE_has_prior_inpatient                        hit_rate=0.24
2026-08-04 18:35:11 | INFO     | selector             |     FE_on_diabetes_med                            hit_rate=0.00
2026-08-04 18:35:11 | INFO     | selector             |     FE_insulin_prescribed                         hit_rate=0.00
2026-08-04 18:35:11 | INFO     | selector             |     race                                          hit_rate=0.00
2026-08-04 18:35:11 | INFO     | selector             |     weight_missing                                hit_rate=0.00
2026-08-04 18:35:11 | INFO     | selector             |     A1Cresult_missing                             hit_rate=0.00
2026-08-04 18:35:11 | INFO     | selector             |     FE_med_regimen_changed                        hit_rate=0.00
2026-08-04 18:35:11 | INFO     | selector             |     gender                                        hit_rate=0.00
2026-08-04 18:35:11 | INFO     | selector             |     FE_multi_channel_utilizer                     hit_rate=0.00
2026-08-04 18:35:11 | INFO     | selector             | --------------------------------------------------
2026-08-04 18:35:11 | INFO     | selector             | Stage 5: SHAP Importance (GBM, n_estimators=300)
2026-08-04 18:35:16 | INFO     | selector             |   Input    : 1
2026-08-04 18:35:16 | INFO     | selector             |   SHAP threshold (P20) : 0.303850
2026-08-04 18:35:16 | INFO     | selector             |   Selected : 1
2026-08-04 18:35:16 | INFO     | selector             |   Removed  : 0
2026-08-04 18:35:16 | INFO     | selector             |   Top 15 SHAP scores:
2026-08-04 18:35:16 | INFO     | selector             |     FE_high_prior_utilization                     SHAP=0.303850
2026-08-04 18:35:16 | INFO     | selector             | --------------------------------------------------
2026-08-04 18:35:16 | INFO     | selector             | Stage 6: Stability Selection (n_bootstrap=50, frac=0.75, threshold=0.6)
2026-08-04 18:35:34 | INFO     | selector             |   Input    : 1
2026-08-04 18:35:34 | INFO     | selector             |   Selected : 1 (stability >= 0.6)
2026-08-04 18:35:34 | INFO     | selector             |   Removed  : 0
2026-08-04 18:35:34 | INFO     | selector             |   Top 15 stability scores:
2026-08-04 18:35:34 | INFO     | selector             |     [✓] FE_high_prior_utilization                   stability=1.0000
2026-08-04 18:35:34 | INFO     | selector             | --------------------------------------------------
2026-08-04 18:35:34 | INFO     | selector             | Stage 7: Consensus Vote (min_stages=2)
2026-08-04 18:35:34 | INFO     | selector             |   Total features evaluated : 78
2026-08-04 18:35:34 | INFO     | selector             |   Selected (votes >= 2)   : 53
2026-08-04 18:35:34 | INFO     | selector             |   Removed                  : 25
2026-08-04 18:35:34 | INFO     | selector             |   Vote summary (top 20):
2026-08-04 18:35:34 | INFO     | selector             |     [✓] FE_high_prior_utilization                     votes=6/6
2026-08-04 18:35:34 | INFO     | selector             |     [✓] race                                          votes=3/6
2026-08-04 18:35:34 | INFO     | selector             |     [✓] gender                                        votes=3/6
2026-08-04 18:35:34 | INFO     | selector             |     [✓] age                                           votes=3/6
2026-08-04 18:35:34 | INFO     | selector             |     [✓] admission_type_id                             votes=3/6
2026-08-04 18:35:34 | INFO     | selector             |     [✓] discharge_disposition_id                      votes=3/6
2026-08-04 18:35:34 | INFO     | selector             |     [✓] admission_source_id                           votes=3/6
2026-08-04 18:35:34 | INFO     | selector             |     [✓] time_in_hospital                              votes=3/6
2026-08-04 18:35:34 | INFO     | selector             |     [✓] payer_code                                    votes=3/6
2026-08-04 18:35:34 | INFO     | selector             |     [✓] medical_specialty                             votes=3/6
2026-08-04 18:35:34 | INFO     | selector             |     [✓] num_medications                               votes=3/6
2026-08-04 18:35:34 | INFO     | selector             |     [✓] number_outpatient                             votes=3/6
2026-08-04 18:35:34 | INFO     | selector             |     [✓] diag_1                                        votes=3/6
2026-08-04 18:35:34 | INFO     | selector             |     [✓] diag_2                                        votes=3/6
2026-08-04 18:35:34 | INFO     | selector             |     [✓] number_diagnoses                              votes=3/6
2026-08-04 18:35:34 | INFO     | selector             |     [✓] weight_missing                                votes=3/6
2026-08-04 18:35:34 | INFO     | selector             |     [✓] max_glu_serum_missing                         votes=3/6
2026-08-04 18:35:34 | INFO     | selector             |     [✓] A1Cresult_missing                             votes=3/6
2026-08-04 18:35:34 | INFO     | selector             |     [✓] FE_total_clinical_contacts                    votes=3/6
2026-08-04 18:35:34 | INFO     | selector             |     [✓] FE_labs_per_day                               votes=3/6
2026-08-04 18:35:34 | INFO     | selector             |   feature_scores.csv saved -> C:\Users\sharg\Desktop\github\DriftSentinel\outputs\artifacts\feature_scores.csv
2026-08-04 18:35:34 | INFO     | selector             |   Selected feature breakdown:
2026-08-04 18:35:34 | INFO     | selector             |     FE_ features selected : 29
2026-08-04 18:35:34 | INFO     | selector             |     Raw features selected : 24
2026-08-04 18:35:34 | INFO     | selector             |   selected_features.json saved -> C:\Users\sharg\Desktop\github\DriftSentinel\outputs\artifacts\selected_features.json
2026-08-04 18:35:34 | INFO     | selector             |   selector_stage_results.json saved -> C:\Users\sharg\Desktop\github\DriftSentinel\outputs\artifacts\selector_stage_results.json
2026-08-04 18:35:34 | INFO     | selector             |   feature_selector.pkl saved -> C:\Users\sharg\Desktop\github\DriftSentinel\outputs\artifacts\feature_selector.pkl
2026-08-04 18:35:34 | INFO     | selector             | ======================================================================
2026-08-04 18:35:34 | INFO     | selector             | Selection complete — 53 features retained from 78 input features
2026-08-04 18:35:34 | INFO     | selector             | ======================================================================
2026-08-04 18:35:34 | INFO     | selector             | ======================================================================
2026-08-04 18:35:34 | INFO     | selector             | DriftSentinel — Feature Selector  [transform on TRAIN]
2026-08-04 18:35:34 | INFO     | selector             | ======================================================================
2026-08-04 18:35:34 | INFO     | selector             | Input  shape : (63492, 80)
2026-08-04 18:35:34 | INFO     | selector             | Output shape : (63492, 55)
2026-08-04 18:35:34 | INFO     | selector             | Features retained : 53
2026-08-04 18:35:34 | INFO     | selector             | Targets retained  : ['readmitted_binary', 'readmitted_multi']
2026-08-04 18:35:34 | INFO     | selector             | ======================================================================
2026-08-04 18:35:34 | INFO     | selector             | ======================================================================
2026-08-04 18:35:34 | INFO     | selector             | DriftSentinel — Feature Selector  [transform on VAL]
2026-08-04 18:35:34 | INFO     | selector             | ======================================================================
2026-08-04 18:35:34 | INFO     | selector             | Input  shape : (20949, 80)
2026-08-04 18:35:34 | INFO     | selector             | Output shape : (20949, 55)
2026-08-04 18:35:34 | INFO     | selector             | Features retained : 53
2026-08-04 18:35:34 | INFO     | selector             | Targets retained  : ['readmitted_binary', 'readmitted_multi']
2026-08-04 18:35:34 | INFO     | selector             | ======================================================================
2026-08-04 18:35:34 | INFO     | selector             | ======================================================================
2026-08-04 18:35:34 | INFO     | selector             | DriftSentinel — Feature Selector  [transform on TEST]
2026-08-04 18:35:34 | INFO     | selector             | ======================================================================
2026-08-04 18:35:34 | INFO     | selector             | Input  shape : (17325, 80)
2026-08-04 18:35:34 | INFO     | selector             | Output shape : (17325, 55)
2026-08-04 18:35:34 | INFO     | selector             | Features retained : 53
2026-08-04 18:35:34 | INFO     | selector             | Targets retained  : ['readmitted_binary', 'readmitted_multi']
2026-08-04 18:35:34 | INFO     | selector             | ======================================================================
2026-08-04 18:37:24 | INFO     | selector             | ===== RUN 20260804-183719-0dc347 | pid=22080 | started 2026-08-04 18:37:24 =====
2026-08-04 18:37:24 | INFO     | selector             | ======================================================================
2026-08-04 18:37:24 | INFO     | selector             | DriftSentinel — Feature Selector  [fit on TRAIN]
2026-08-04 18:37:24 | INFO     | selector             | ======================================================================
2026-08-04 18:37:24 | INFO     | selector             | Input shape : (63492, 80)
2026-08-04 18:37:24 | INFO     | selector             | Feature matrix : 63,492 rows x 78 features
2026-08-04 18:37:24 | INFO     | selector             | Target (binary): {0: 55875, 1: 7617}
2026-08-04 18:37:24 | INFO     | selector             | --------------------------------------------------
2026-08-04 18:37:24 | INFO     | selector             | Stage 1: Variance Threshold (threshold=0.01)
2026-08-04 18:37:24 | INFO     | selector             |   Input    : 78 features
2026-08-04 18:37:24 | INFO     | selector             |   Selected : 67
2026-08-04 18:37:24 | INFO     | selector             |   Removed  : 11
2026-08-04 18:37:24 | INFO     | selector             |     DROP  nateglinide                                   var=0.006765
2026-08-04 18:37:24 | INFO     | selector             |     DROP  chlorpropamide                                var=0.001117
2026-08-04 18:37:24 | INFO     | selector             |     DROP  tolbutamide                                   var=0.000299
2026-08-04 18:37:24 | INFO     | selector             |     DROP  acarbose                                      var=0.003171
2026-08-04 18:37:24 | INFO     | selector             |     DROP  miglitol                                      var=0.000472
2026-08-04 18:37:24 | INFO     | selector             |     DROP  tolazamide                                    var=0.000598
2026-08-04 18:37:24 | INFO     | selector             |     DROP  glyburide-metformin                           var=0.004796
2026-08-04 18:37:24 | INFO     | selector             |     DROP  glipizide-metformin                           var=0.000157
2026-08-04 18:37:24 | INFO     | selector             |     DROP  FE_polypharmacy                               var=0.000504
2026-08-04 18:37:24 | INFO     | selector             |     DROP  FE_med_coverage_ratio                         var=0.005305
2026-08-04 18:37:24 | INFO     | selector             |     DROP  FE_inpatient_x_polypharmacy                   var=0.000094
2026-08-04 18:37:24 | INFO     | selector             | --------------------------------------------------
2026-08-04 18:37:24 | INFO     | selector             | Stage 2: Correlation Filter (threshold=0.9)
2026-08-04 18:37:25 | INFO     | selector             |   Input    : 67
2026-08-04 18:37:25 | INFO     | selector             |   Selected : 53
2026-08-04 18:37:25 | INFO     | selector             |   Removed  : 14
2026-08-04 18:37:25 | INFO     | selector             |     DROP  num_lab_procedures                       r=0.9821 (kept: FE_total_clinical_contacts)
2026-08-04 18:37:25 | INFO     | selector             |     DROP  num_procedures                           r=0.9502 (kept: FE_procedure_density)
2026-08-04 18:37:25 | INFO     | selector             |     DROP  FE_n_active_ordinal_meds                 r=0.9936 (kept: FE_total_active_meds)
2026-08-04 18:37:25 | INFO     | selector             |     DROP  FE_n_med_changes                         r=0.9982 (kept: FE_any_med_changed)
2026-08-04 18:37:25 | INFO     | selector             |     DROP  FE_procedure_density                     r=0.9049 (kept: FE_no_procedures)
2026-08-04 18:37:25 | INFO     | selector             |     DROP  number_emergency                         r=0.9986 (kept: FE_has_prior_emergency)
2026-08-04 18:37:25 | INFO     | selector             |     DROP  number_inpatient                         r=0.973 (kept: FE_has_prior_inpatient)
2026-08-04 18:37:25 | INFO     | selector             |     DROP  FE_total_prior_contacts                  r=0.9633 (kept: FE_multi_channel_utilizer)
2026-08-04 18:37:25 | INFO     | selector             |     DROP  insulin                                  r=0.9406 (kept: FE_insulin_prescribed)
2026-08-04 18:37:25 | INFO     | selector             |     DROP  metformin                                r=0.9984 (kept: FE_metformin_prescribed)
2026-08-04 18:37:25 | INFO     | selector             |     DROP  diabetesMed                              r=1.0 (kept: FE_on_diabetes_med)
2026-08-04 18:37:25 | INFO     | selector             |     DROP  change                                   r=1.0 (kept: FE_med_regimen_changed)
2026-08-04 18:37:25 | INFO     | selector             |     DROP  FE_has_prior_emergency                   r=0.9977 (kept: FE_glycemic_x_emergency)
2026-08-04 18:37:25 | INFO     | selector             |     DROP  FE_high_comorbidity                      r=0.9553 (kept: FE_labs_per_day_x_comorbidity)
2026-08-04 18:37:25 | INFO     | selector             | --------------------------------------------------
2026-08-04 18:37:25 | INFO     | selector             | Stage 3: Mutual Information (drop bottom 20th percentile)
2026-08-04 18:37:40 | INFO     | selector             |   Input    : 53
2026-08-04 18:37:40 | INFO     | selector             |   MI threshold (P20) : 0.000522
2026-08-04 18:37:40 | INFO     | selector             |   Selected : 42
2026-08-04 18:37:40 | INFO     | selector             |   Removed  : 11
2026-08-04 18:37:40 | INFO     | selector             |   Top 10 MI scores:
2026-08-04 18:37:40 | INFO     | selector             |     FE_on_diabetes_med                            MI=0.012227
2026-08-04 18:37:40 | INFO     | selector             |     FE_has_prior_inpatient                        MI=0.011854
2026-08-04 18:37:40 | INFO     | selector             |     FE_insulin_prescribed                         MI=0.010541
2026-08-04 18:37:40 | INFO     | selector             |     race                                          MI=0.010317
2026-08-04 18:37:40 | INFO     | selector             |     weight_missing                                MI=0.010241
2026-08-04 18:37:40 | INFO     | selector             |     A1Cresult_missing                             MI=0.010201
2026-08-04 18:37:40 | INFO     | selector             |     FE_med_regimen_changed                        MI=0.009947
2026-08-04 18:37:40 | INFO     | selector             |     FE_high_prior_utilization                     MI=0.009294
2026-08-04 18:37:40 | INFO     | selector             |     gender                                        MI=0.008221
2026-08-04 18:37:40 | INFO     | selector             |     FE_multi_channel_utilizer                     MI=0.008043
2026-08-04 18:37:40 | INFO     | selector             | --------------------------------------------------
2026-08-04 18:37:40 | INFO     | selector             | Stage 4: Boruta Shadow Feature Selection (n_estimators=200, max_iter=50)
2026-08-04 18:37:56 | INFO     | selector             |   Boruta iter  10/50 — confirmed so far: 0
2026-08-04 18:38:13 | INFO     | selector             |   Boruta iter  20/50 — confirmed so far: 0
2026-08-04 18:38:14 | INFO     | selector             | ===== RUN 20260804-183801-1bd49f | pid=24416 | started 2026-08-04 18:38:14 =====
2026-08-04 18:38:14 | INFO     | selector             | --------------------------------------------------
2026-08-04 18:38:14 | INFO     | selector             | Stage 5: SHAP Importance (GBM, n_estimators=300)
2026-08-04 18:38:14 | WARNING  | selector             |   Stage 5 SKIPPED — Boruta confirmed 0 features, so there is nothing to rank. Contributing no votes.
2026-08-04 18:38:14 | INFO     | selector             | --------------------------------------------------
2026-08-04 18:38:14 | INFO     | selector             | Stage 6: Stability Selection (n_bootstrap=50, frac=0.75, threshold=0.6)
2026-08-04 18:38:14 | WARNING  | selector             |   Stage 6 SKIPPED — no candidates from stage 5. Contributing no votes.
2026-08-04 18:38:14 | INFO     | selector             | --------------------------------------------------
2026-08-04 18:38:14 | INFO     | selector             | Stage 5: SHAP Importance (GBM, n_estimators=300)
2026-08-04 18:38:16 | INFO     | selector             |   Input    : 1
2026-08-04 18:38:16 | INFO     | selector             |   SHAP threshold (P20) : 1.314825
2026-08-04 18:38:16 | INFO     | selector             |   Selected : 1
2026-08-04 18:38:16 | INFO     | selector             |   Removed  : 0
2026-08-04 18:38:16 | INFO     | selector             |   Top 15 SHAP scores:
2026-08-04 18:38:16 | INFO     | selector             |     a                                             SHAP=1.314825
2026-08-04 18:38:16 | INFO     | selector             | --------------------------------------------------
2026-08-04 18:38:16 | INFO     | selector             | Stage 6: Stability Selection (n_bootstrap=50, frac=0.75, threshold=0.6)
2026-08-04 18:38:29 | INFO     | selector             |   Boruta iter  30/50 — confirmed so far: 0
2026-08-04 18:38:46 | INFO     | selector             |   Boruta iter  40/50 — confirmed so far: 0
2026-08-04 18:38:49 | INFO     | selector             |   Input    : 1
2026-08-04 18:38:49 | INFO     | selector             |   Selected : 1 (stability >= 0.6)
2026-08-04 18:38:49 | INFO     | selector             |   Removed  : 0
2026-08-04 18:38:49 | INFO     | selector             |   Top 15 stability scores:
2026-08-04 18:38:49 | INFO     | selector             |     [✓] a                                           stability=1.0000
2026-08-04 18:39:02 | INFO     | selector             |   Boruta iter  50/50 — confirmed so far: 0
2026-08-04 18:39:02 | INFO     | selector             |   Input    : 42
2026-08-04 18:39:02 | INFO     | selector             |   Selected : 1 (confirmed)
2026-08-04 18:39:02 | INFO     | selector             |   Removed  : 41 (tentative/rejected)
2026-08-04 18:39:02 | INFO     | selector             |   Top 10 hit rates:
2026-08-04 18:39:02 | INFO     | selector             |     FE_high_prior_utilization                     hit_rate=0.74
2026-08-04 18:39:02 | INFO     | selector             |     FE_has_prior_inpatient                        hit_rate=0.24
2026-08-04 18:39:02 | INFO     | selector             |     FE_on_diabetes_med                            hit_rate=0.00
2026-08-04 18:39:02 | INFO     | selector             |     FE_insulin_prescribed                         hit_rate=0.00
2026-08-04 18:39:02 | INFO     | selector             |     race                                          hit_rate=0.00
2026-08-04 18:39:02 | INFO     | selector             |     weight_missing                                hit_rate=0.00
2026-08-04 18:39:02 | INFO     | selector             |     A1Cresult_missing                             hit_rate=0.00
2026-08-04 18:39:02 | INFO     | selector             |     FE_med_regimen_changed                        hit_rate=0.00
2026-08-04 18:39:02 | INFO     | selector             |     gender                                        hit_rate=0.00
2026-08-04 18:39:02 | INFO     | selector             |     FE_multi_channel_utilizer                     hit_rate=0.00
2026-08-04 18:39:02 | INFO     | selector             | --------------------------------------------------
2026-08-04 18:39:02 | INFO     | selector             | Stage 5: SHAP Importance (GBM, n_estimators=300)
2026-08-04 18:39:07 | INFO     | selector             |   Input    : 1
2026-08-04 18:39:07 | INFO     | selector             |   SHAP threshold (P20) : 0.303850
2026-08-04 18:39:07 | INFO     | selector             |   Selected : 1
2026-08-04 18:39:07 | INFO     | selector             |   Removed  : 0
2026-08-04 18:39:07 | INFO     | selector             |   Top 15 SHAP scores:
2026-08-04 18:39:07 | INFO     | selector             |     FE_high_prior_utilization                     SHAP=0.303850
2026-08-04 18:39:07 | INFO     | selector             | --------------------------------------------------
2026-08-04 18:39:07 | INFO     | selector             | Stage 6: Stability Selection (n_bootstrap=50, frac=0.75, threshold=0.6)
2026-08-04 18:39:24 | INFO     | selector             |   Input    : 1
2026-08-04 18:39:24 | INFO     | selector             |   Selected : 1 (stability >= 0.6)
2026-08-04 18:39:24 | INFO     | selector             |   Removed  : 0
2026-08-04 18:39:24 | INFO     | selector             |   Top 15 stability scores:
2026-08-04 18:39:24 | INFO     | selector             |     [✓] FE_high_prior_utilization                   stability=1.0000
2026-08-04 18:39:24 | INFO     | selector             | --------------------------------------------------
2026-08-04 18:39:24 | INFO     | selector             | Stage 7: Consensus Vote (min_stages=2)
2026-08-04 18:39:24 | INFO     | selector             |   Total features evaluated : 78
2026-08-04 18:39:24 | INFO     | selector             |   Selected (votes >= 2)   : 53
2026-08-04 18:39:24 | INFO     | selector             |   Removed                  : 25
2026-08-04 18:39:24 | INFO     | selector             |   Vote summary (top 20):
2026-08-04 18:39:24 | INFO     | selector             |     [✓] FE_high_prior_utilization                     votes=6/6
2026-08-04 18:39:24 | INFO     | selector             |     [✓] race                                          votes=3/6
2026-08-04 18:39:24 | INFO     | selector             |     [✓] gender                                        votes=3/6
2026-08-04 18:39:24 | INFO     | selector             |     [✓] age                                           votes=3/6
2026-08-04 18:39:24 | INFO     | selector             |     [✓] admission_type_id                             votes=3/6
2026-08-04 18:39:24 | INFO     | selector             |     [✓] discharge_disposition_id                      votes=3/6
2026-08-04 18:39:24 | INFO     | selector             |     [✓] admission_source_id                           votes=3/6
2026-08-04 18:39:24 | INFO     | selector             |     [✓] time_in_hospital                              votes=3/6
2026-08-04 18:39:24 | INFO     | selector             |     [✓] payer_code                                    votes=3/6
2026-08-04 18:39:24 | INFO     | selector             |     [✓] medical_specialty                             votes=3/6
2026-08-04 18:39:24 | INFO     | selector             |     [✓] num_medications                               votes=3/6
2026-08-04 18:39:24 | INFO     | selector             |     [✓] number_outpatient                             votes=3/6
2026-08-04 18:39:24 | INFO     | selector             |     [✓] diag_1                                        votes=3/6
2026-08-04 18:39:24 | INFO     | selector             |     [✓] diag_2                                        votes=3/6
2026-08-04 18:39:24 | INFO     | selector             |     [✓] number_diagnoses                              votes=3/6
2026-08-04 18:39:24 | INFO     | selector             |     [✓] weight_missing                                votes=3/6
2026-08-04 18:39:24 | INFO     | selector             |     [✓] max_glu_serum_missing                         votes=3/6
2026-08-04 18:39:24 | INFO     | selector             |     [✓] A1Cresult_missing                             votes=3/6
2026-08-04 18:39:24 | INFO     | selector             |     [✓] FE_total_clinical_contacts                    votes=3/6
2026-08-04 18:39:24 | INFO     | selector             |     [✓] FE_labs_per_day                               votes=3/6
2026-08-04 18:39:24 | INFO     | selector             |   feature_scores.csv saved -> C:\Users\sharg\Desktop\github\DriftSentinel\outputs\artifacts\feature_scores.csv
2026-08-04 18:39:24 | INFO     | selector             |   Selected feature breakdown:
2026-08-04 18:39:24 | INFO     | selector             |     FE_ features selected : 29
2026-08-04 18:39:24 | INFO     | selector             |     Raw features selected : 24
2026-08-04 18:39:24 | INFO     | selector             |   selected_features.json saved -> C:\Users\sharg\Desktop\github\DriftSentinel\outputs\artifacts\selected_features.json
2026-08-04 18:39:24 | INFO     | selector             |   selector_stage_results.json saved -> C:\Users\sharg\Desktop\github\DriftSentinel\outputs\artifacts\selector_stage_results.json
2026-08-04 18:39:24 | INFO     | selector             |   feature_selector.pkl saved -> C:\Users\sharg\Desktop\github\DriftSentinel\outputs\artifacts\feature_selector.pkl
2026-08-04 18:39:24 | INFO     | selector             | ======================================================================
2026-08-04 18:39:24 | INFO     | selector             | Selection complete — 53 features retained from 78 input features
2026-08-04 18:39:24 | INFO     | selector             | ======================================================================
2026-08-04 18:39:24 | INFO     | selector             | ======================================================================
2026-08-04 18:39:24 | INFO     | selector             | DriftSentinel — Feature Selector  [transform on TRAIN]
2026-08-04 18:39:24 | INFO     | selector             | ======================================================================
2026-08-04 18:39:24 | INFO     | selector             | Input  shape : (63492, 80)
2026-08-04 18:39:24 | INFO     | selector             | Output shape : (63492, 55)
2026-08-04 18:39:24 | INFO     | selector             | Features retained : 53
2026-08-04 18:39:24 | INFO     | selector             | Targets retained  : ['readmitted_binary', 'readmitted_multi']
2026-08-04 18:39:24 | INFO     | selector             | ======================================================================
2026-08-04 18:39:24 | INFO     | selector             | ======================================================================
2026-08-04 18:39:24 | INFO     | selector             | DriftSentinel — Feature Selector  [transform on VAL]
2026-08-04 18:39:24 | INFO     | selector             | ======================================================================
2026-08-04 18:39:24 | INFO     | selector             | Input  shape : (20949, 80)
2026-08-04 18:39:24 | INFO     | selector             | Output shape : (20949, 55)
2026-08-04 18:39:24 | INFO     | selector             | Features retained : 53
2026-08-04 18:39:24 | INFO     | selector             | Targets retained  : ['readmitted_binary', 'readmitted_multi']
2026-08-04 18:39:24 | INFO     | selector             | ======================================================================
2026-08-04 18:39:24 | INFO     | selector             | ======================================================================
2026-08-04 18:39:24 | INFO     | selector             | DriftSentinel — Feature Selector  [transform on TEST]
2026-08-04 18:39:24 | INFO     | selector             | ======================================================================
2026-08-04 18:39:24 | INFO     | selector             | Input  shape : (17325, 80)
2026-08-04 18:39:24 | INFO     | selector             | Output shape : (17325, 55)
2026-08-04 18:39:24 | INFO     | selector             | Features retained : 53
2026-08-04 18:39:24 | INFO     | selector             | Targets retained  : ['readmitted_binary', 'readmitted_multi']
2026-08-04 18:39:24 | INFO     | selector             | ======================================================================
2026-08-04 18:40:36 | INFO     | selector             | ===== RUN 20260804-184031-3b38c4 | pid=31168 | started 2026-08-04 18:40:36 =====
2026-08-04 18:40:36 | INFO     | selector             | ======================================================================
2026-08-04 18:40:36 | INFO     | selector             | DriftSentinel — Feature Selector  [fit on TRAIN]
2026-08-04 18:40:36 | INFO     | selector             | ======================================================================
2026-08-04 18:40:36 | INFO     | selector             | Input shape : (63492, 80)
2026-08-04 18:40:37 | INFO     | selector             | Feature matrix : 63,492 rows x 78 features
2026-08-04 18:40:37 | INFO     | selector             | Target (binary): {0: 55875, 1: 7617}
2026-08-04 18:40:37 | INFO     | selector             | --------------------------------------------------
2026-08-04 18:40:37 | INFO     | selector             | Stage 1: Variance Threshold (threshold=0.01)
2026-08-04 18:40:37 | INFO     | selector             |   Input    : 78 features
2026-08-04 18:40:37 | INFO     | selector             |   Selected : 67
2026-08-04 18:40:37 | INFO     | selector             |   Removed  : 11
2026-08-04 18:40:37 | INFO     | selector             |     DROP  nateglinide                                   var=0.006765
2026-08-04 18:40:37 | INFO     | selector             |     DROP  chlorpropamide                                var=0.001117
2026-08-04 18:40:37 | INFO     | selector             |     DROP  tolbutamide                                   var=0.000299
2026-08-04 18:40:37 | INFO     | selector             |     DROP  acarbose                                      var=0.003171
2026-08-04 18:40:37 | INFO     | selector             |     DROP  miglitol                                      var=0.000472
2026-08-04 18:40:37 | INFO     | selector             |     DROP  tolazamide                                    var=0.000598
2026-08-04 18:40:37 | INFO     | selector             |     DROP  glyburide-metformin                           var=0.004796
2026-08-04 18:40:37 | INFO     | selector             |     DROP  glipizide-metformin                           var=0.000157
2026-08-04 18:40:37 | INFO     | selector             |     DROP  FE_polypharmacy                               var=0.000504
2026-08-04 18:40:37 | INFO     | selector             |     DROP  FE_med_coverage_ratio                         var=0.005305
2026-08-04 18:40:37 | INFO     | selector             |     DROP  FE_inpatient_x_polypharmacy                   var=0.000094
2026-08-04 18:40:37 | INFO     | selector             | --------------------------------------------------
2026-08-04 18:40:37 | INFO     | selector             | Stage 2: Correlation Filter (threshold=0.9)
2026-08-04 18:40:38 | INFO     | selector             |   Input    : 67
2026-08-04 18:40:38 | INFO     | selector             |   Selected : 53
2026-08-04 18:40:38 | INFO     | selector             |   Removed  : 14
2026-08-04 18:40:38 | INFO     | selector             |     DROP  num_lab_procedures                       r=0.9821 (kept: FE_total_clinical_contacts)
2026-08-04 18:40:38 | INFO     | selector             |     DROP  num_procedures                           r=0.9502 (kept: FE_procedure_density)
2026-08-04 18:40:38 | INFO     | selector             |     DROP  FE_n_active_ordinal_meds                 r=0.9936 (kept: FE_total_active_meds)
2026-08-04 18:40:38 | INFO     | selector             |     DROP  FE_n_med_changes                         r=0.9982 (kept: FE_any_med_changed)
2026-08-04 18:40:38 | INFO     | selector             |     DROP  FE_procedure_density                     r=0.9049 (kept: FE_no_procedures)
2026-08-04 18:40:38 | INFO     | selector             |     DROP  number_emergency                         r=0.9986 (kept: FE_has_prior_emergency)
2026-08-04 18:40:38 | INFO     | selector             |     DROP  number_inpatient                         r=0.973 (kept: FE_has_prior_inpatient)
2026-08-04 18:40:38 | INFO     | selector             |     DROP  FE_total_prior_contacts                  r=0.9633 (kept: FE_multi_channel_utilizer)
2026-08-04 18:40:38 | INFO     | selector             |     DROP  insulin                                  r=0.9406 (kept: FE_insulin_prescribed)
2026-08-04 18:40:38 | INFO     | selector             |     DROP  metformin                                r=0.9984 (kept: FE_metformin_prescribed)
2026-08-04 18:40:38 | INFO     | selector             |     DROP  diabetesMed                              r=1.0 (kept: FE_on_diabetes_med)
2026-08-04 18:40:38 | INFO     | selector             |     DROP  change                                   r=1.0 (kept: FE_med_regimen_changed)
2026-08-04 18:40:38 | INFO     | selector             |     DROP  FE_has_prior_emergency                   r=0.9977 (kept: FE_glycemic_x_emergency)
2026-08-04 18:40:38 | INFO     | selector             |     DROP  FE_high_comorbidity                      r=0.9553 (kept: FE_labs_per_day_x_comorbidity)
2026-08-04 18:40:38 | INFO     | selector             | --------------------------------------------------
2026-08-04 18:40:38 | INFO     | selector             | Stage 3: Mutual Information (drop bottom 20th percentile)
2026-08-04 18:40:54 | INFO     | selector             |   Input    : 53
2026-08-04 18:40:54 | INFO     | selector             |   MI threshold (P20) : 0.000522
2026-08-04 18:40:54 | INFO     | selector             |   Selected : 42
2026-08-04 18:40:54 | INFO     | selector             |   Removed  : 11
2026-08-04 18:40:54 | INFO     | selector             |   Top 10 MI scores:
2026-08-04 18:40:54 | INFO     | selector             |     FE_on_diabetes_med                            MI=0.012227
2026-08-04 18:40:54 | INFO     | selector             |     FE_has_prior_inpatient                        MI=0.011854
2026-08-04 18:40:54 | INFO     | selector             |     FE_insulin_prescribed                         MI=0.010541
2026-08-04 18:40:54 | INFO     | selector             |     race                                          MI=0.010317
2026-08-04 18:40:54 | INFO     | selector             |     weight_missing                                MI=0.010241
2026-08-04 18:40:54 | INFO     | selector             |     A1Cresult_missing                             MI=0.010201
2026-08-04 18:40:54 | INFO     | selector             |     FE_med_regimen_changed                        MI=0.009947
2026-08-04 18:40:54 | INFO     | selector             |     FE_high_prior_utilization                     MI=0.009294
2026-08-04 18:40:54 | INFO     | selector             |     gender                                        MI=0.008221
2026-08-04 18:40:54 | INFO     | selector             |     FE_multi_channel_utilizer                     MI=0.008043
2026-08-04 18:40:54 | INFO     | selector             | --------------------------------------------------
2026-08-04 18:40:54 | INFO     | selector             | Stage 4: Boruta Shadow Feature Selection (n_estimators=200, max_iter=50)
2026-08-04 18:41:10 | INFO     | selector             |   Boruta iter  10/50 — confirmed so far: 0
2026-08-04 18:41:26 | INFO     | selector             |   Boruta iter  20/50 — confirmed so far: 0
2026-08-04 18:41:42 | INFO     | selector             |   Boruta iter  30/50 — confirmed so far: 0
2026-08-04 18:41:58 | INFO     | selector             |   Boruta iter  40/50 — confirmed so far: 0
2026-08-04 18:42:14 | INFO     | selector             |   Boruta iter  50/50 — confirmed so far: 0
2026-08-04 18:42:14 | INFO     | selector             |   Input    : 42
2026-08-04 18:42:14 | INFO     | selector             |   Selected : 1 (confirmed)
2026-08-04 18:42:14 | INFO     | selector             |   Removed  : 41 (tentative/rejected)
2026-08-04 18:42:14 | INFO     | selector             |   Top 10 hit rates:
2026-08-04 18:42:14 | INFO     | selector             |     FE_high_prior_utilization                     hit_rate=0.74
2026-08-04 18:42:14 | INFO     | selector             |     FE_has_prior_inpatient                        hit_rate=0.24
2026-08-04 18:42:14 | INFO     | selector             |     FE_on_diabetes_med                            hit_rate=0.00
2026-08-04 18:42:14 | INFO     | selector             |     FE_insulin_prescribed                         hit_rate=0.00
2026-08-04 18:42:14 | INFO     | selector             |     race                                          hit_rate=0.00
2026-08-04 18:42:14 | INFO     | selector             |     weight_missing                                hit_rate=0.00
2026-08-04 18:42:14 | INFO     | selector             |     A1Cresult_missing                             hit_rate=0.00
2026-08-04 18:42:14 | INFO     | selector             |     FE_med_regimen_changed                        hit_rate=0.00
2026-08-04 18:42:14 | INFO     | selector             |     gender                                        hit_rate=0.00
2026-08-04 18:42:14 | INFO     | selector             |     FE_multi_channel_utilizer                     hit_rate=0.00
2026-08-04 18:42:14 | INFO     | selector             | --------------------------------------------------
2026-08-04 18:42:14 | INFO     | selector             | Stage 5: SHAP Importance (GBM, n_estimators=300)
2026-08-04 18:42:19 | INFO     | selector             |   Input    : 1
2026-08-04 18:42:19 | INFO     | selector             |   SHAP threshold (P20) : 0.303850
2026-08-04 18:42:19 | INFO     | selector             |   Selected : 1
2026-08-04 18:42:19 | INFO     | selector             |   Removed  : 0
2026-08-04 18:42:19 | INFO     | selector             |   Top 15 SHAP scores:
2026-08-04 18:42:19 | INFO     | selector             |     FE_high_prior_utilization                     SHAP=0.303850
2026-08-04 18:42:19 | INFO     | selector             | --------------------------------------------------
2026-08-04 18:42:19 | INFO     | selector             | Stage 6: Stability Selection (n_bootstrap=50, frac=0.75, threshold=0.6)
2026-08-04 18:42:36 | INFO     | selector             |   Input    : 1
2026-08-04 18:42:36 | INFO     | selector             |   Selected : 1 (stability >= 0.6)
2026-08-04 18:42:36 | INFO     | selector             |   Removed  : 0
2026-08-04 18:42:36 | INFO     | selector             |   Top 15 stability scores:
2026-08-04 18:42:36 | INFO     | selector             |     [✓] FE_high_prior_utilization                   stability=1.0000
2026-08-04 18:42:36 | INFO     | selector             | --------------------------------------------------
2026-08-04 18:42:36 | INFO     | selector             | Stage 7: Consensus Vote (min_stages=2)
2026-08-04 18:42:36 | INFO     | selector             |   Total features evaluated : 78
2026-08-04 18:42:36 | INFO     | selector             |   Selected (votes >= 2)   : 53
2026-08-04 18:42:36 | INFO     | selector             |   Removed                  : 25
2026-08-04 18:42:36 | INFO     | selector             |   Vote summary (top 20):
2026-08-04 18:42:36 | INFO     | selector             |     [✓] FE_high_prior_utilization                     votes=6/6
2026-08-04 18:42:36 | INFO     | selector             |     [✓] race                                          votes=3/6
2026-08-04 18:42:36 | INFO     | selector             |     [✓] gender                                        votes=3/6
2026-08-04 18:42:36 | INFO     | selector             |     [✓] age                                           votes=3/6
2026-08-04 18:42:36 | INFO     | selector             |     [✓] admission_type_id                             votes=3/6
2026-08-04 18:42:36 | INFO     | selector             |     [✓] discharge_disposition_id                      votes=3/6
2026-08-04 18:42:36 | INFO     | selector             |     [✓] admission_source_id                           votes=3/6
2026-08-04 18:42:36 | INFO     | selector             |     [✓] time_in_hospital                              votes=3/6
2026-08-04 18:42:36 | INFO     | selector             |     [✓] payer_code                                    votes=3/6
2026-08-04 18:42:36 | INFO     | selector             |     [✓] medical_specialty                             votes=3/6
2026-08-04 18:42:36 | INFO     | selector             |     [✓] num_medications                               votes=3/6
2026-08-04 18:42:36 | INFO     | selector             |     [✓] number_outpatient                             votes=3/6
2026-08-04 18:42:36 | INFO     | selector             |     [✓] diag_1                                        votes=3/6
2026-08-04 18:42:36 | INFO     | selector             |     [✓] diag_2                                        votes=3/6
2026-08-04 18:42:36 | INFO     | selector             |     [✓] number_diagnoses                              votes=3/6
2026-08-04 18:42:36 | INFO     | selector             |     [✓] weight_missing                                votes=3/6
2026-08-04 18:42:36 | INFO     | selector             |     [✓] max_glu_serum_missing                         votes=3/6
2026-08-04 18:42:36 | INFO     | selector             |     [✓] A1Cresult_missing                             votes=3/6
2026-08-04 18:42:36 | INFO     | selector             |     [✓] FE_total_clinical_contacts                    votes=3/6
2026-08-04 18:42:36 | INFO     | selector             |     [✓] FE_labs_per_day                               votes=3/6
2026-08-04 18:42:36 | INFO     | selector             |   feature_scores.csv saved -> C:\Users\sharg\Desktop\github\DriftSentinel\outputs\artifacts\feature_scores.csv
2026-08-04 18:42:36 | INFO     | selector             |   Selected feature breakdown:
2026-08-04 18:42:36 | INFO     | selector             |     FE_ features selected : 29
2026-08-04 18:42:36 | INFO     | selector             |     Raw features selected : 24
2026-08-04 18:42:36 | INFO     | selector             |   selected_features.json saved -> C:\Users\sharg\Desktop\github\DriftSentinel\outputs\artifacts\selected_features.json
2026-08-04 18:42:36 | INFO     | selector             |   selector_stage_results.json saved -> C:\Users\sharg\Desktop\github\DriftSentinel\outputs\artifacts\selector_stage_results.json
2026-08-04 18:42:36 | INFO     | selector             |   feature_selector.pkl saved -> C:\Users\sharg\Desktop\github\DriftSentinel\outputs\artifacts\feature_selector.pkl
2026-08-04 18:42:36 | INFO     | selector             | ======================================================================
2026-08-04 18:42:36 | INFO     | selector             | Selection complete — 53 features retained from 78 input features
2026-08-04 18:42:36 | INFO     | selector             | ======================================================================
2026-08-04 18:42:36 | INFO     | selector             | ======================================================================
2026-08-04 18:42:36 | INFO     | selector             | DriftSentinel — Feature Selector  [transform on TRAIN]
2026-08-04 18:42:36 | INFO     | selector             | ======================================================================
2026-08-04 18:42:36 | INFO     | selector             | Input  shape : (63492, 80)
2026-08-04 18:42:36 | INFO     | selector             | Output shape : (63492, 55)
2026-08-04 18:42:36 | INFO     | selector             | Features retained : 53
2026-08-04 18:42:36 | INFO     | selector             | Targets retained  : ['readmitted_binary', 'readmitted_multi']
2026-08-04 18:42:36 | INFO     | selector             | ======================================================================
2026-08-04 18:42:36 | INFO     | selector             | ======================================================================
2026-08-04 18:42:36 | INFO     | selector             | DriftSentinel — Feature Selector  [transform on VAL]
2026-08-04 18:42:36 | INFO     | selector             | ======================================================================
2026-08-04 18:42:36 | INFO     | selector             | Input  shape : (20949, 80)
2026-08-04 18:42:36 | INFO     | selector             | Output shape : (20949, 55)
2026-08-04 18:42:36 | INFO     | selector             | Features retained : 53
2026-08-04 18:42:36 | INFO     | selector             | Targets retained  : ['readmitted_binary', 'readmitted_multi']
2026-08-04 18:42:36 | INFO     | selector             | ======================================================================
2026-08-04 18:42:36 | INFO     | selector             | ======================================================================
2026-08-04 18:42:36 | INFO     | selector             | DriftSentinel — Feature Selector  [transform on TEST]
2026-08-04 18:42:36 | INFO     | selector             | ======================================================================
2026-08-04 18:42:36 | INFO     | selector             | Input  shape : (17325, 80)
2026-08-04 18:42:36 | INFO     | selector             | Output shape : (17325, 55)
2026-08-04 18:42:36 | INFO     | selector             | Features retained : 53
2026-08-04 18:42:36 | INFO     | selector             | Targets retained  : ['readmitted_binary', 'readmitted_multi']
2026-08-04 18:42:36 | INFO     | selector             | ======================================================================
2026-08-04 19:44:00 | INFO     | selector             | ===== RUN 20260804-194356-ee2c50 | pid=28552 | started 2026-08-04 19:44:00 =====
2026-08-04 19:44:00 | INFO     | selector             | ======================================================================
2026-08-04 19:44:00 | INFO     | selector             | DriftSentinel — Feature Selector  [fit on TRAIN]
2026-08-04 19:44:00 | INFO     | selector             | ======================================================================
2026-08-04 19:44:00 | INFO     | selector             | Input shape : (63492, 80)
2026-08-04 19:44:00 | INFO     | selector             | Feature matrix : 63,492 rows x 78 features
2026-08-04 19:44:00 | INFO     | selector             | Target (binary): {0: 55875, 1: 7617}
2026-08-04 19:44:00 | INFO     | selector             | --------------------------------------------------
2026-08-04 19:44:00 | INFO     | selector             | Stage 1: Variance Threshold (threshold=0.01)
2026-08-04 19:44:00 | INFO     | selector             |   Input    : 78 features
2026-08-04 19:44:00 | INFO     | selector             |   Selected : 67
2026-08-04 19:44:00 | INFO     | selector             |   Removed  : 11
2026-08-04 19:44:00 | INFO     | selector             |     DROP  nateglinide                                   var=0.006765
2026-08-04 19:44:00 | INFO     | selector             |     DROP  chlorpropamide                                var=0.001117
2026-08-04 19:44:00 | INFO     | selector             |     DROP  tolbutamide                                   var=0.000299
2026-08-04 19:44:00 | INFO     | selector             |     DROP  acarbose                                      var=0.003171
2026-08-04 19:44:00 | INFO     | selector             |     DROP  miglitol                                      var=0.000472
2026-08-04 19:44:00 | INFO     | selector             |     DROP  tolazamide                                    var=0.000598
2026-08-04 19:44:00 | INFO     | selector             |     DROP  glyburide-metformin                           var=0.004796
2026-08-04 19:44:00 | INFO     | selector             |     DROP  glipizide-metformin                           var=0.000157
2026-08-04 19:44:00 | INFO     | selector             |     DROP  FE_polypharmacy                               var=0.000504
2026-08-04 19:44:00 | INFO     | selector             |     DROP  FE_med_coverage_ratio                         var=0.005305
2026-08-04 19:44:00 | INFO     | selector             |     DROP  FE_inpatient_x_polypharmacy                   var=0.000094
2026-08-04 19:44:00 | INFO     | selector             | --------------------------------------------------
2026-08-04 19:44:00 | INFO     | selector             | Stage 2: Correlation Filter (threshold=0.9)
2026-08-04 19:44:00 | INFO     | selector             |   Input    : 67
2026-08-04 19:44:00 | INFO     | selector             |   Selected : 53
2026-08-04 19:44:00 | INFO     | selector             |   Removed  : 14
2026-08-04 19:44:00 | INFO     | selector             |     DROP  num_lab_procedures                       r=0.9821 (kept: FE_total_clinical_contacts)
2026-08-04 19:44:00 | INFO     | selector             |     DROP  num_procedures                           r=0.9502 (kept: FE_procedure_density)
2026-08-04 19:44:00 | INFO     | selector             |     DROP  FE_n_active_ordinal_meds                 r=0.9936 (kept: FE_total_active_meds)
2026-08-04 19:44:00 | INFO     | selector             |     DROP  FE_n_med_changes                         r=0.9982 (kept: FE_any_med_changed)
2026-08-04 19:44:00 | INFO     | selector             |     DROP  FE_procedure_density                     r=0.9049 (kept: FE_no_procedures)
2026-08-04 19:44:00 | INFO     | selector             |     DROP  number_emergency                         r=0.9986 (kept: FE_has_prior_emergency)
2026-08-04 19:44:00 | INFO     | selector             |     DROP  number_inpatient                         r=0.973 (kept: FE_has_prior_inpatient)
2026-08-04 19:44:00 | INFO     | selector             |     DROP  FE_total_prior_contacts                  r=0.9633 (kept: FE_multi_channel_utilizer)
2026-08-04 19:44:00 | INFO     | selector             |     DROP  insulin                                  r=0.9406 (kept: FE_insulin_prescribed)
2026-08-04 19:44:00 | INFO     | selector             |     DROP  metformin                                r=0.9984 (kept: FE_metformin_prescribed)
2026-08-04 19:44:00 | INFO     | selector             |     DROP  diabetesMed                              r=1.0 (kept: FE_on_diabetes_med)
2026-08-04 19:44:00 | INFO     | selector             |     DROP  change                                   r=1.0 (kept: FE_med_regimen_changed)
2026-08-04 19:44:00 | INFO     | selector             |     DROP  FE_has_prior_emergency                   r=0.9977 (kept: FE_glycemic_x_emergency)
2026-08-04 19:44:00 | INFO     | selector             |     DROP  FE_high_comorbidity                      r=0.9553 (kept: FE_labs_per_day_x_comorbidity)
2026-08-04 19:44:00 | INFO     | selector             | --------------------------------------------------
2026-08-04 19:44:00 | INFO     | selector             | Stage 3: Mutual Information (drop bottom 20th percentile)
2026-08-04 19:44:08 | INFO     | selector             |   Input    : 53
2026-08-04 19:44:08 | INFO     | selector             |   MI threshold (P20) : 0.000522
2026-08-04 19:44:08 | INFO     | selector             |   Selected : 42
2026-08-04 19:44:08 | INFO     | selector             |   Removed  : 11
2026-08-04 19:44:08 | INFO     | selector             |   Top 10 MI scores:
2026-08-04 19:44:08 | INFO     | selector             |     FE_on_diabetes_med                            MI=0.012227
2026-08-04 19:44:08 | INFO     | selector             |     FE_has_prior_inpatient                        MI=0.011854
2026-08-04 19:44:08 | INFO     | selector             |     FE_insulin_prescribed                         MI=0.010541
2026-08-04 19:44:08 | INFO     | selector             |     race                                          MI=0.010317
2026-08-04 19:44:08 | INFO     | selector             |     weight_missing                                MI=0.010241
2026-08-04 19:44:08 | INFO     | selector             |     A1Cresult_missing                             MI=0.010201
2026-08-04 19:44:08 | INFO     | selector             |     FE_med_regimen_changed                        MI=0.009947
2026-08-04 19:44:08 | INFO     | selector             |     FE_high_prior_utilization                     MI=0.009294
2026-08-04 19:44:08 | INFO     | selector             |     gender                                        MI=0.008221
2026-08-04 19:44:08 | INFO     | selector             |     FE_multi_channel_utilizer                     MI=0.008043
2026-08-04 19:44:08 | INFO     | selector             | --------------------------------------------------
2026-08-04 19:44:08 | INFO     | selector             | Stage 4: Boruta Shadow Feature Selection (n_estimators=200, max_iter=50)
2026-08-04 19:44:15 | INFO     | selector             |   Boruta iter  10/50 — confirmed so far: 0
2026-08-04 19:44:21 | INFO     | selector             |   Boruta iter  20/50 — confirmed so far: 0
2026-08-04 19:44:28 | INFO     | selector             |   Boruta iter  30/50 — confirmed so far: 0
2026-08-04 19:44:34 | INFO     | selector             |   Boruta iter  40/50 — confirmed so far: 0
2026-08-04 19:44:41 | INFO     | selector             |   Boruta iter  50/50 — confirmed so far: 0
2026-08-04 19:44:41 | INFO     | selector             |   Input    : 42
2026-08-04 19:44:41 | INFO     | selector             |   Selected : 1 (confirmed)
2026-08-04 19:44:41 | INFO     | selector             |   Removed  : 41 (tentative/rejected)
2026-08-04 19:44:41 | INFO     | selector             |   Top 10 hit rates:
2026-08-04 19:44:41 | INFO     | selector             |     FE_high_prior_utilization                     hit_rate=0.74
2026-08-04 19:44:41 | INFO     | selector             |     FE_has_prior_inpatient                        hit_rate=0.24
2026-08-04 19:44:41 | INFO     | selector             |     FE_on_diabetes_med                            hit_rate=0.00
2026-08-04 19:44:41 | INFO     | selector             |     FE_insulin_prescribed                         hit_rate=0.00
2026-08-04 19:44:41 | INFO     | selector             |     race                                          hit_rate=0.00
2026-08-04 19:44:41 | INFO     | selector             |     weight_missing                                hit_rate=0.00
2026-08-04 19:44:41 | INFO     | selector             |     A1Cresult_missing                             hit_rate=0.00
2026-08-04 19:44:41 | INFO     | selector             |     FE_med_regimen_changed                        hit_rate=0.00
2026-08-04 19:44:41 | INFO     | selector             |     gender                                        hit_rate=0.00
2026-08-04 19:44:41 | INFO     | selector             |     FE_multi_channel_utilizer                     hit_rate=0.00
2026-08-04 19:44:41 | INFO     | selector             | --------------------------------------------------
2026-08-04 19:44:41 | INFO     | selector             | Stage 5: SHAP Importance (GBM, n_estimators=300)
2026-08-04 19:44:44 | INFO     | selector             |   Input    : 1
2026-08-04 19:44:44 | INFO     | selector             |   SHAP threshold (P20) : 0.303850
2026-08-04 19:44:44 | INFO     | selector             |   Selected : 1
2026-08-04 19:44:44 | INFO     | selector             |   Removed  : 0
2026-08-04 19:44:44 | INFO     | selector             |   Top 15 SHAP scores:
2026-08-04 19:44:44 | INFO     | selector             |     FE_high_prior_utilization                     SHAP=0.303850
2026-08-04 19:44:44 | INFO     | selector             | --------------------------------------------------
2026-08-04 19:44:44 | INFO     | selector             | Stage 6: Stability Selection (n_bootstrap=50, frac=0.75, threshold=0.6)
2026-08-04 19:44:52 | INFO     | selector             |   Input    : 1
2026-08-04 19:44:52 | INFO     | selector             |   Selected : 1 (stability >= 0.6)
2026-08-04 19:44:52 | INFO     | selector             |   Removed  : 0
2026-08-04 19:44:52 | INFO     | selector             |   Top 15 stability scores:
2026-08-04 19:44:52 | INFO     | selector             |     [✓] FE_high_prior_utilization                   stability=1.0000
2026-08-04 19:44:52 | INFO     | selector             | --------------------------------------------------
2026-08-04 19:44:52 | INFO     | selector             | Stage 7: Consensus Vote (min_stages=2)
2026-08-04 19:44:52 | INFO     | selector             |   Total features evaluated : 78
2026-08-04 19:44:52 | INFO     | selector             |   Selected (votes >= 2)   : 53
2026-08-04 19:44:52 | INFO     | selector             |   Removed                  : 25
2026-08-04 19:44:52 | INFO     | selector             |   Vote summary (top 20):
2026-08-04 19:44:52 | INFO     | selector             |     [✓] FE_high_prior_utilization                     votes=6/6
2026-08-04 19:44:52 | INFO     | selector             |     [✓] race                                          votes=3/6
2026-08-04 19:44:52 | INFO     | selector             |     [✓] gender                                        votes=3/6
2026-08-04 19:44:52 | INFO     | selector             |     [✓] age                                           votes=3/6
2026-08-04 19:44:52 | INFO     | selector             |     [✓] admission_type_id                             votes=3/6
2026-08-04 19:44:52 | INFO     | selector             |     [✓] discharge_disposition_id                      votes=3/6
2026-08-04 19:44:52 | INFO     | selector             |     [✓] admission_source_id                           votes=3/6
2026-08-04 19:44:52 | INFO     | selector             |     [✓] time_in_hospital                              votes=3/6
2026-08-04 19:44:52 | INFO     | selector             |     [✓] payer_code                                    votes=3/6
2026-08-04 19:44:52 | INFO     | selector             |     [✓] medical_specialty                             votes=3/6
2026-08-04 19:44:52 | INFO     | selector             |     [✓] num_medications                               votes=3/6
2026-08-04 19:44:52 | INFO     | selector             |     [✓] number_outpatient                             votes=3/6
2026-08-04 19:44:52 | INFO     | selector             |     [✓] diag_1                                        votes=3/6
2026-08-04 19:44:52 | INFO     | selector             |     [✓] diag_2                                        votes=3/6
2026-08-04 19:44:52 | INFO     | selector             |     [✓] number_diagnoses                              votes=3/6
2026-08-04 19:44:52 | INFO     | selector             |     [✓] weight_missing                                votes=3/6
2026-08-04 19:44:52 | INFO     | selector             |     [✓] max_glu_serum_missing                         votes=3/6
2026-08-04 19:44:52 | INFO     | selector             |     [✓] A1Cresult_missing                             votes=3/6
2026-08-04 19:44:52 | INFO     | selector             |     [✓] FE_total_clinical_contacts                    votes=3/6
2026-08-04 19:44:52 | INFO     | selector             |     [✓] FE_labs_per_day                               votes=3/6
2026-08-04 19:44:52 | INFO     | selector             |   feature_scores.csv saved -> C:\Users\sharg\Desktop\github\DriftSentinel\outputs\artifacts\feature_scores.csv
2026-08-04 19:44:52 | INFO     | selector             |   Selected feature breakdown:
2026-08-04 19:44:52 | INFO     | selector             |     FE_ features selected : 29
2026-08-04 19:44:52 | INFO     | selector             |     Raw features selected : 24
2026-08-04 19:44:52 | INFO     | selector             |   selected_features.json saved -> C:\Users\sharg\Desktop\github\DriftSentinel\outputs\artifacts\selected_features.json
2026-08-04 19:44:52 | INFO     | selector             |   selector_stage_results.json saved -> C:\Users\sharg\Desktop\github\DriftSentinel\outputs\artifacts\selector_stage_results.json
2026-08-04 19:44:52 | INFO     | selector             |   feature_selector.pkl saved -> C:\Users\sharg\Desktop\github\DriftSentinel\outputs\artifacts\feature_selector.pkl
2026-08-04 19:44:52 | INFO     | selector             | ======================================================================
2026-08-04 19:44:52 | INFO     | selector             | Selection complete — 53 features retained from 78 input features
2026-08-04 19:44:52 | INFO     | selector             | ======================================================================
2026-08-04 19:44:52 | INFO     | selector             | ======================================================================
2026-08-04 19:44:52 | INFO     | selector             | DriftSentinel — Feature Selector  [transform on TRAIN]
2026-08-04 19:44:52 | INFO     | selector             | ======================================================================
2026-08-04 19:44:52 | INFO     | selector             | Input  shape : (63492, 80)
2026-08-04 19:44:52 | INFO     | selector             | Output shape : (63492, 55)
2026-08-04 19:44:52 | INFO     | selector             | Features retained : 53
2026-08-04 19:44:52 | INFO     | selector             | Targets retained  : ['readmitted_binary', 'readmitted_multi']
2026-08-04 19:44:52 | INFO     | selector             | ======================================================================
2026-08-04 19:44:52 | INFO     | selector             | ======================================================================
2026-08-04 19:44:52 | INFO     | selector             | DriftSentinel — Feature Selector  [transform on VAL]
2026-08-04 19:44:52 | INFO     | selector             | ======================================================================
2026-08-04 19:44:52 | INFO     | selector             | Input  shape : (20949, 80)
2026-08-04 19:44:52 | INFO     | selector             | Output shape : (20949, 55)
2026-08-04 19:44:52 | INFO     | selector             | Features retained : 53
2026-08-04 19:44:52 | INFO     | selector             | Targets retained  : ['readmitted_binary', 'readmitted_multi']
2026-08-04 19:44:52 | INFO     | selector             | ======================================================================
2026-08-04 19:44:52 | INFO     | selector             | ======================================================================
2026-08-04 19:44:52 | INFO     | selector             | DriftSentinel — Feature Selector  [transform on TEST]
2026-08-04 19:44:52 | INFO     | selector             | ======================================================================
2026-08-04 19:44:52 | INFO     | selector             | Input  shape : (17325, 80)
2026-08-04 19:44:52 | INFO     | selector             | Output shape : (17325, 55)
2026-08-04 19:44:52 | INFO     | selector             | Features retained : 53
2026-08-04 19:44:52 | INFO     | selector             | Targets retained  : ['readmitted_binary', 'readmitted_multi']
2026-08-04 19:44:52 | INFO     | selector             | ======================================================================
2026-08-04 20:04:06 | INFO     | selector             | ===== RUN 20260804-200403-f2a4eb | pid=30564 | started 2026-08-04 20:04:06 =====
2026-08-04 20:04:06 | INFO     | selector             | --------------------------------------------------
2026-08-04 20:04:06 | INFO     | selector             | Stage 5: SHAP Importance (GBM, n_estimators=300)
2026-08-04 20:04:06 | WARNING  | selector             |   Stage 5 SKIPPED — Boruta confirmed 0 features, so there is nothing to rank. Contributing no votes.
2026-08-04 20:04:06 | INFO     | selector             | --------------------------------------------------
2026-08-04 20:04:06 | INFO     | selector             | Stage 6: Stability Selection (n_bootstrap=50, frac=0.75, threshold=0.6)
2026-08-04 20:04:06 | WARNING  | selector             |   Stage 6 SKIPPED — no candidates from stage 5. Contributing no votes.
2026-08-04 20:04:06 | INFO     | selector             | --------------------------------------------------
2026-08-04 20:04:06 | INFO     | selector             | Stage 5: SHAP Importance (GBM, n_estimators=300)
2026-08-04 20:04:06 | INFO     | selector             |   Input    : 1
2026-08-04 20:04:06 | INFO     | selector             |   SHAP threshold (P20) : 1.314825
2026-08-04 20:04:06 | INFO     | selector             |   Selected : 1
2026-08-04 20:04:06 | INFO     | selector             |   Removed  : 0
2026-08-04 20:04:06 | INFO     | selector             |   Top 15 SHAP scores:
2026-08-04 20:04:06 | INFO     | selector             |     a                                             SHAP=1.314825
2026-08-04 20:04:06 | INFO     | selector             | --------------------------------------------------
2026-08-04 20:04:06 | INFO     | selector             | Stage 6: Stability Selection (n_bootstrap=50, frac=0.75, threshold=0.6)
2026-08-04 20:04:12 | INFO     | selector             |   Input    : 1
2026-08-04 20:04:12 | INFO     | selector             |   Selected : 1 (stability >= 0.6)
2026-08-04 20:04:12 | INFO     | selector             |   Removed  : 0
2026-08-04 20:04:12 | INFO     | selector             |   Top 15 stability scores:
2026-08-04 20:04:12 | INFO     | selector             |     [✓] a                                           stability=1.0000
2026-08-04 20:32:39 | INFO     | selector             | ===== RUN 20260804-203233-a6a5d7 | pid=24972 | started 2026-08-04 20:32:39 =====
2026-08-04 20:32:39 | INFO     | selector             | --------------------------------------------------
2026-08-04 20:32:39 | INFO     | selector             | Stage 5: SHAP Importance (GBM, n_estimators=300)
2026-08-04 20:32:39 | WARNING  | selector             |   Stage 5 SKIPPED — Boruta confirmed 0 features, so there is nothing to rank. Contributing no votes.
2026-08-04 20:32:39 | INFO     | selector             | --------------------------------------------------
2026-08-04 20:32:39 | INFO     | selector             | Stage 6: Stability Selection (n_bootstrap=50, frac=0.75, threshold=0.6)
2026-08-04 20:32:39 | WARNING  | selector             |   Stage 6 SKIPPED — no candidates from stage 5. Contributing no votes.
2026-08-04 20:32:39 | INFO     | selector             | --------------------------------------------------
2026-08-04 20:32:39 | INFO     | selector             | Stage 5: SHAP Importance (GBM, n_estimators=300)
2026-08-04 20:32:40 | INFO     | selector             |   Input    : 1
2026-08-04 20:32:40 | INFO     | selector             |   SHAP threshold (P20) : 1.314825
2026-08-04 20:32:40 | INFO     | selector             |   Selected : 1
2026-08-04 20:32:40 | INFO     | selector             |   Removed  : 0
2026-08-04 20:32:40 | INFO     | selector             |   Top 15 SHAP scores:
2026-08-04 20:32:40 | INFO     | selector             |     a                                             SHAP=1.314825
2026-08-04 20:32:40 | INFO     | selector             | --------------------------------------------------
2026-08-04 20:32:40 | INFO     | selector             | Stage 6: Stability Selection (n_bootstrap=50, frac=0.75, threshold=0.6)
2026-08-04 20:32:49 | INFO     | selector             |   Input    : 1
2026-08-04 20:32:49 | INFO     | selector             |   Selected : 1 (stability >= 0.6)
2026-08-04 20:32:49 | INFO     | selector             |   Removed  : 0
2026-08-04 20:32:49 | INFO     | selector             |   Top 15 stability scores:
2026-08-04 20:32:49 | INFO     | selector             |     [✓] a                                           stability=1.0000
2026-08-04 20:37:47 | INFO     | selector             | ===== RUN 20260804-203740-db6b31 | pid=20116 | started 2026-08-04 20:37:47 =====
2026-08-04 20:37:47 | INFO     | selector             | --------------------------------------------------
2026-08-04 20:37:47 | INFO     | selector             | Stage 5: SHAP Importance (GBM, n_estimators=300)
2026-08-04 20:37:47 | WARNING  | selector             |   Stage 5 SKIPPED — Boruta confirmed 0 features, so there is nothing to rank. Contributing no votes.
2026-08-04 20:37:47 | INFO     | selector             | --------------------------------------------------
2026-08-04 20:37:47 | INFO     | selector             | Stage 6: Stability Selection (n_bootstrap=50, frac=0.75, threshold=0.6)
2026-08-04 20:37:47 | WARNING  | selector             |   Stage 6 SKIPPED — no candidates from stage 5. Contributing no votes.
2026-08-04 20:37:47 | INFO     | selector             | --------------------------------------------------
2026-08-04 20:37:47 | INFO     | selector             | Stage 5: SHAP Importance (GBM, n_estimators=300)
2026-08-04 20:37:47 | INFO     | selector             |   Input    : 1
2026-08-04 20:37:47 | INFO     | selector             |   SHAP threshold (P20) : 1.314825
2026-08-04 20:37:47 | INFO     | selector             |   Selected : 1
2026-08-04 20:37:47 | INFO     | selector             |   Removed  : 0
2026-08-04 20:37:47 | INFO     | selector             |   Top 15 SHAP scores:
2026-08-04 20:37:47 | INFO     | selector             |     a                                             SHAP=1.314825
2026-08-04 20:37:47 | INFO     | selector             | --------------------------------------------------
2026-08-04 20:37:47 | INFO     | selector             | Stage 6: Stability Selection (n_bootstrap=50, frac=0.75, threshold=0.6)
2026-08-04 20:37:58 | INFO     | selector             |   Input    : 1
2026-08-04 20:37:58 | INFO     | selector             |   Selected : 1 (stability >= 0.6)
2026-08-04 20:37:58 | INFO     | selector             |   Removed  : 0
2026-08-04 20:37:58 | INFO     | selector             |   Top 15 stability scores:
2026-08-04 20:37:58 | INFO     | selector             |     [✓] a                                           stability=1.0000
2026-08-04 20:39:43 | INFO     | selector             | ===== RUN 20260804-203936-2e0d5e | pid=9392 | started 2026-08-04 20:39:43 =====
2026-08-04 20:39:43 | INFO     | selector             | --------------------------------------------------
2026-08-04 20:39:43 | INFO     | selector             | Stage 5: SHAP Importance (GBM, n_estimators=300)
2026-08-04 20:39:43 | WARNING  | selector             |   Stage 5 SKIPPED — Boruta confirmed 0 features, so there is nothing to rank. Contributing no votes.
2026-08-04 20:39:43 | INFO     | selector             | --------------------------------------------------
2026-08-04 20:39:43 | INFO     | selector             | Stage 6: Stability Selection (n_bootstrap=50, frac=0.75, threshold=0.6)
2026-08-04 20:39:43 | WARNING  | selector             |   Stage 6 SKIPPED — no candidates from stage 5. Contributing no votes.
2026-08-04 20:39:43 | INFO     | selector             | --------------------------------------------------
2026-08-04 20:39:43 | INFO     | selector             | Stage 5: SHAP Importance (GBM, n_estimators=300)
2026-08-04 20:39:43 | INFO     | selector             |   Input    : 1
2026-08-04 20:39:43 | INFO     | selector             |   SHAP threshold (P20) : 1.314825
2026-08-04 20:39:43 | INFO     | selector             |   Selected : 1
2026-08-04 20:39:43 | INFO     | selector             |   Removed  : 0
2026-08-04 20:39:43 | INFO     | selector             |   Top 15 SHAP scores:
2026-08-04 20:39:43 | INFO     | selector             |     a                                             SHAP=1.314825
2026-08-04 20:39:43 | INFO     | selector             | --------------------------------------------------
2026-08-04 20:39:43 | INFO     | selector             | Stage 6: Stability Selection (n_bootstrap=50, frac=0.75, threshold=0.6)
2026-08-04 20:39:52 | INFO     | selector             |   Input    : 1
2026-08-04 20:39:52 | INFO     | selector             |   Selected : 1 (stability >= 0.6)
2026-08-04 20:39:52 | INFO     | selector             |   Removed  : 0
2026-08-04 20:39:52 | INFO     | selector             |   Top 15 stability scores:
2026-08-04 20:39:52 | INFO     | selector             |     [✓] a                                           stability=1.0000
2026-08-04 20:43:42 | INFO     | selector             | ===== RUN 20260804-204337-c95509 | pid=23936 | started 2026-08-04 20:43:42 =====
2026-08-04 20:43:42 | INFO     | selector             | ======================================================================
2026-08-04 20:43:42 | INFO     | selector             | DriftSentinel — Feature Selector  [fit on TRAIN]
2026-08-04 20:43:42 | INFO     | selector             | ======================================================================
2026-08-04 20:43:42 | INFO     | selector             | Input shape : (63492, 80)
2026-08-04 20:43:42 | INFO     | selector             | Feature matrix : 63,492 rows x 78 features
2026-08-04 20:43:42 | INFO     | selector             | Target (binary): {0: 55875, 1: 7617}
2026-08-04 20:43:42 | INFO     | selector             | --------------------------------------------------
2026-08-04 20:43:42 | INFO     | selector             | Stage 1: Variance Threshold (threshold=0.01)
2026-08-04 20:43:42 | INFO     | selector             |   Input    : 78 features
2026-08-04 20:43:42 | INFO     | selector             |   Selected : 67
2026-08-04 20:43:42 | INFO     | selector             |   Removed  : 11
2026-08-04 20:43:42 | INFO     | selector             |     DROP  nateglinide                                   var=0.006765
2026-08-04 20:43:42 | INFO     | selector             |     DROP  chlorpropamide                                var=0.001117
2026-08-04 20:43:42 | INFO     | selector             |     DROP  tolbutamide                                   var=0.000299
2026-08-04 20:43:42 | INFO     | selector             |     DROP  acarbose                                      var=0.003171
2026-08-04 20:43:42 | INFO     | selector             |     DROP  miglitol                                      var=0.000472
2026-08-04 20:43:42 | INFO     | selector             |     DROP  tolazamide                                    var=0.000598
2026-08-04 20:43:42 | INFO     | selector             |     DROP  glyburide-metformin                           var=0.004796
2026-08-04 20:43:42 | INFO     | selector             |     DROP  glipizide-metformin                           var=0.000157
2026-08-04 20:43:42 | INFO     | selector             |     DROP  FE_polypharmacy                               var=0.000504
2026-08-04 20:43:42 | INFO     | selector             |     DROP  FE_med_coverage_ratio                         var=0.005305
2026-08-04 20:43:42 | INFO     | selector             |     DROP  FE_inpatient_x_polypharmacy                   var=0.000094
2026-08-04 20:43:42 | INFO     | selector             | --------------------------------------------------
2026-08-04 20:43:42 | INFO     | selector             | Stage 2: Correlation Filter (threshold=0.9)
2026-08-04 20:43:43 | INFO     | selector             |   Input    : 67
2026-08-04 20:43:43 | INFO     | selector             |   Selected : 53
2026-08-04 20:43:43 | INFO     | selector             |   Removed  : 14
2026-08-04 20:43:43 | INFO     | selector             |     DROP  num_lab_procedures                       r=0.9821 (kept: FE_total_clinical_contacts)
2026-08-04 20:43:43 | INFO     | selector             |     DROP  num_procedures                           r=0.9502 (kept: FE_procedure_density)
2026-08-04 20:43:43 | INFO     | selector             |     DROP  FE_n_active_ordinal_meds                 r=0.9936 (kept: FE_total_active_meds)
2026-08-04 20:43:43 | INFO     | selector             |     DROP  FE_n_med_changes                         r=0.9982 (kept: FE_any_med_changed)
2026-08-04 20:43:43 | INFO     | selector             |     DROP  FE_procedure_density                     r=0.9049 (kept: FE_no_procedures)
2026-08-04 20:43:43 | INFO     | selector             |     DROP  number_emergency                         r=0.9986 (kept: FE_has_prior_emergency)
2026-08-04 20:43:43 | INFO     | selector             |     DROP  number_inpatient                         r=0.973 (kept: FE_has_prior_inpatient)
2026-08-04 20:43:43 | INFO     | selector             |     DROP  FE_total_prior_contacts                  r=0.9633 (kept: FE_multi_channel_utilizer)
2026-08-04 20:43:43 | INFO     | selector             |     DROP  insulin                                  r=0.9406 (kept: FE_insulin_prescribed)
2026-08-04 20:43:43 | INFO     | selector             |     DROP  metformin                                r=0.9984 (kept: FE_metformin_prescribed)
2026-08-04 20:43:43 | INFO     | selector             |     DROP  diabetesMed                              r=1.0 (kept: FE_on_diabetes_med)
2026-08-04 20:43:43 | INFO     | selector             |     DROP  change                                   r=1.0 (kept: FE_med_regimen_changed)
2026-08-04 20:43:43 | INFO     | selector             |     DROP  FE_has_prior_emergency                   r=0.9977 (kept: FE_glycemic_x_emergency)
2026-08-04 20:43:43 | INFO     | selector             |     DROP  FE_high_comorbidity                      r=0.9553 (kept: FE_labs_per_day_x_comorbidity)
2026-08-04 20:43:43 | INFO     | selector             | --------------------------------------------------
2026-08-04 20:43:43 | INFO     | selector             | Stage 3: Mutual Information (drop bottom 20th percentile)
2026-08-04 20:44:00 | INFO     | selector             |   Input    : 53
2026-08-04 20:44:00 | INFO     | selector             |   MI threshold (P20) : 0.000522
2026-08-04 20:44:00 | INFO     | selector             |   Selected : 42
2026-08-04 20:44:00 | INFO     | selector             |   Removed  : 11
2026-08-04 20:44:00 | INFO     | selector             |   Top 10 MI scores:
2026-08-04 20:44:00 | INFO     | selector             |     FE_on_diabetes_med                            MI=0.012227
2026-08-04 20:44:00 | INFO     | selector             |     FE_has_prior_inpatient                        MI=0.011854
2026-08-04 20:44:00 | INFO     | selector             |     FE_insulin_prescribed                         MI=0.010541
2026-08-04 20:44:00 | INFO     | selector             |     race                                          MI=0.010317
2026-08-04 20:44:00 | INFO     | selector             |     weight_missing                                MI=0.010241
2026-08-04 20:44:00 | INFO     | selector             |     A1Cresult_missing                             MI=0.010201
2026-08-04 20:44:00 | INFO     | selector             |     FE_med_regimen_changed                        MI=0.009947
2026-08-04 20:44:00 | INFO     | selector             |     FE_high_prior_utilization                     MI=0.009294
2026-08-04 20:44:00 | INFO     | selector             |     gender                                        MI=0.008221
2026-08-04 20:44:00 | INFO     | selector             |     FE_multi_channel_utilizer                     MI=0.008043
2026-08-04 20:44:00 | INFO     | selector             | --------------------------------------------------
2026-08-04 20:44:00 | INFO     | selector             | Stage 4: Boruta Shadow Feature Selection (n_estimators=200, max_iter=50)
2026-08-04 20:44:16 | INFO     | selector             |   Boruta iter  10/50 — confirmed so far: 0
2026-08-04 20:44:33 | INFO     | selector             |   Boruta iter  20/50 — confirmed so far: 0
2026-08-04 20:44:50 | INFO     | selector             |   Boruta iter  30/50 — confirmed so far: 0
2026-08-04 20:45:06 | INFO     | selector             |   Boruta iter  40/50 — confirmed so far: 0
2026-08-04 20:45:23 | INFO     | selector             |   Boruta iter  50/50 — confirmed so far: 0
2026-08-04 20:45:23 | INFO     | selector             |   Input    : 42
2026-08-04 20:45:23 | INFO     | selector             |   Selected : 1 (confirmed)
2026-08-04 20:45:23 | INFO     | selector             |   Removed  : 41 (tentative/rejected)
2026-08-04 20:45:23 | INFO     | selector             |   Top 10 hit rates:
2026-08-04 20:45:23 | INFO     | selector             |     FE_high_prior_utilization                     hit_rate=0.74
2026-08-04 20:45:23 | INFO     | selector             |     FE_has_prior_inpatient                        hit_rate=0.24
2026-08-04 20:45:23 | INFO     | selector             |     FE_on_diabetes_med                            hit_rate=0.00
2026-08-04 20:45:23 | INFO     | selector             |     FE_insulin_prescribed                         hit_rate=0.00
2026-08-04 20:45:23 | INFO     | selector             |     race                                          hit_rate=0.00
2026-08-04 20:45:23 | INFO     | selector             |     weight_missing                                hit_rate=0.00
2026-08-04 20:45:23 | INFO     | selector             |     A1Cresult_missing                             hit_rate=0.00
2026-08-04 20:45:23 | INFO     | selector             |     FE_med_regimen_changed                        hit_rate=0.00
2026-08-04 20:45:23 | INFO     | selector             |     gender                                        hit_rate=0.00
2026-08-04 20:45:23 | INFO     | selector             |     FE_multi_channel_utilizer                     hit_rate=0.00
2026-08-04 20:45:23 | INFO     | selector             | --------------------------------------------------
2026-08-04 20:45:23 | INFO     | selector             | Stage 5: SHAP Importance (GBM, n_estimators=300)
2026-08-04 20:45:28 | INFO     | selector             |   Input    : 1
2026-08-04 20:45:28 | INFO     | selector             |   SHAP threshold (P20) : 0.303850
2026-08-04 20:45:28 | INFO     | selector             |   Selected : 1
2026-08-04 20:45:28 | INFO     | selector             |   Removed  : 0
2026-08-04 20:45:28 | INFO     | selector             |   Top 15 SHAP scores:
2026-08-04 20:45:28 | INFO     | selector             |     FE_high_prior_utilization                     SHAP=0.303850
2026-08-04 20:45:28 | INFO     | selector             | --------------------------------------------------
2026-08-04 20:45:28 | INFO     | selector             | Stage 6: Stability Selection (n_bootstrap=50, frac=0.75, threshold=0.6)
2026-08-04 20:45:45 | INFO     | selector             |   Input    : 1
2026-08-04 20:45:45 | INFO     | selector             |   Selected : 1 (stability >= 0.6)
2026-08-04 20:45:45 | INFO     | selector             |   Removed  : 0
2026-08-04 20:45:45 | INFO     | selector             |   Top 15 stability scores:
2026-08-04 20:45:45 | INFO     | selector             |     [✓] FE_high_prior_utilization                   stability=1.0000
2026-08-04 20:45:45 | INFO     | selector             | --------------------------------------------------
2026-08-04 20:45:45 | INFO     | selector             | Stage 7: Consensus Vote (min_stages=2)
2026-08-04 20:45:45 | INFO     | selector             |   Total features evaluated : 78
2026-08-04 20:45:45 | INFO     | selector             |   Selected (votes >= 2)   : 53
2026-08-04 20:45:45 | INFO     | selector             |   Removed                  : 25
2026-08-04 20:45:45 | INFO     | selector             |   Vote summary (top 20):
2026-08-04 20:45:45 | INFO     | selector             |     [✓] FE_high_prior_utilization                     votes=6/6
2026-08-04 20:45:45 | INFO     | selector             |     [✓] race                                          votes=3/6
2026-08-04 20:45:45 | INFO     | selector             |     [✓] gender                                        votes=3/6
2026-08-04 20:45:45 | INFO     | selector             |     [✓] age                                           votes=3/6
2026-08-04 20:45:45 | INFO     | selector             |     [✓] admission_type_id                             votes=3/6
2026-08-04 20:45:45 | INFO     | selector             |     [✓] discharge_disposition_id                      votes=3/6
2026-08-04 20:45:45 | INFO     | selector             |     [✓] admission_source_id                           votes=3/6
2026-08-04 20:45:45 | INFO     | selector             |     [✓] time_in_hospital                              votes=3/6
2026-08-04 20:45:45 | INFO     | selector             |     [✓] payer_code                                    votes=3/6
2026-08-04 20:45:45 | INFO     | selector             |     [✓] medical_specialty                             votes=3/6
2026-08-04 20:45:45 | INFO     | selector             |     [✓] num_medications                               votes=3/6
2026-08-04 20:45:45 | INFO     | selector             |     [✓] number_outpatient                             votes=3/6
2026-08-04 20:45:45 | INFO     | selector             |     [✓] diag_1                                        votes=3/6
2026-08-04 20:45:45 | INFO     | selector             |     [✓] diag_2                                        votes=3/6
2026-08-04 20:45:45 | INFO     | selector             |     [✓] number_diagnoses                              votes=3/6
2026-08-04 20:45:45 | INFO     | selector             |     [✓] weight_missing                                votes=3/6
2026-08-04 20:45:45 | INFO     | selector             |     [✓] max_glu_serum_missing                         votes=3/6
2026-08-04 20:45:45 | INFO     | selector             |     [✓] A1Cresult_missing                             votes=3/6
2026-08-04 20:45:45 | INFO     | selector             |     [✓] FE_total_clinical_contacts                    votes=3/6
2026-08-04 20:45:45 | INFO     | selector             |     [✓] FE_labs_per_day                               votes=3/6
2026-08-04 20:45:45 | INFO     | selector             |   feature_scores.csv saved -> C:\Users\sharg\Desktop\github\DriftSentinel\outputs\artifacts\feature_scores.csv
2026-08-04 20:45:45 | INFO     | selector             |   Selected feature breakdown:
2026-08-04 20:45:45 | INFO     | selector             |     FE_ features selected : 29
2026-08-04 20:45:45 | INFO     | selector             |     Raw features selected : 24
2026-08-04 20:45:45 | INFO     | selector             |   selected_features.json saved -> C:\Users\sharg\Desktop\github\DriftSentinel\outputs\artifacts\selected_features.json
2026-08-04 20:45:45 | INFO     | selector             |   selector_stage_results.json saved -> C:\Users\sharg\Desktop\github\DriftSentinel\outputs\artifacts\selector_stage_results.json
2026-08-04 20:45:45 | INFO     | selector             |   feature_selector.pkl saved -> C:\Users\sharg\Desktop\github\DriftSentinel\outputs\artifacts\feature_selector.pkl
2026-08-04 20:45:45 | INFO     | selector             | ======================================================================
2026-08-04 20:45:45 | INFO     | selector             | Selection complete — 53 features retained from 78 input features
2026-08-04 20:45:45 | INFO     | selector             | ======================================================================
2026-08-04 20:45:45 | INFO     | selector             | ======================================================================
2026-08-04 20:45:45 | INFO     | selector             | DriftSentinel — Feature Selector  [transform on TRAIN]
2026-08-04 20:45:45 | INFO     | selector             | ======================================================================
2026-08-04 20:45:45 | INFO     | selector             | Input  shape : (63492, 80)
2026-08-04 20:45:45 | INFO     | selector             | Output shape : (63492, 55)
2026-08-04 20:45:45 | INFO     | selector             | Features retained : 53
2026-08-04 20:45:45 | INFO     | selector             | Targets retained  : ['readmitted_binary', 'readmitted_multi']
2026-08-04 20:45:45 | INFO     | selector             | ======================================================================
2026-08-04 20:45:45 | INFO     | selector             | ======================================================================
2026-08-04 20:45:45 | INFO     | selector             | DriftSentinel — Feature Selector  [transform on VAL]
2026-08-04 20:45:45 | INFO     | selector             | ======================================================================
2026-08-04 20:45:45 | INFO     | selector             | Input  shape : (20949, 80)
2026-08-04 20:45:45 | INFO     | selector             | Output shape : (20949, 55)
2026-08-04 20:45:45 | INFO     | selector             | Features retained : 53
2026-08-04 20:45:45 | INFO     | selector             | Targets retained  : ['readmitted_binary', 'readmitted_multi']
2026-08-04 20:45:45 | INFO     | selector             | ======================================================================
2026-08-04 20:45:45 | INFO     | selector             | ======================================================================
2026-08-04 20:45:45 | INFO     | selector             | DriftSentinel — Feature Selector  [transform on TEST]
2026-08-04 20:45:45 | INFO     | selector             | ======================================================================
2026-08-04 20:45:45 | INFO     | selector             | Input  shape : (17325, 80)
2026-08-04 20:45:45 | INFO     | selector             | Output shape : (17325, 55)
2026-08-04 20:45:45 | INFO     | selector             | Features retained : 53
2026-08-04 20:45:45 | INFO     | selector             | Targets retained  : ['readmitted_binary', 'readmitted_multi']
2026-08-04 20:45:45 | INFO     | selector             | ======================================================================
2026-08-04 20:48:04 | INFO     | selector             | ===== RUN 20260804-204759-229d57 | pid=20292 | started 2026-08-04 20:48:04 =====
2026-08-04 20:48:04 | INFO     | selector             | ======================================================================
2026-08-04 20:48:04 | INFO     | selector             | DriftSentinel — Feature Selector  [fit on TRAIN]
2026-08-04 20:48:04 | INFO     | selector             | ======================================================================
2026-08-04 20:48:04 | INFO     | selector             | Input shape : (63492, 80)
2026-08-04 20:48:04 | INFO     | selector             | Feature matrix : 63,492 rows x 78 features
2026-08-04 20:48:04 | INFO     | selector             | Target (binary): {0: 55875, 1: 7617}
2026-08-04 20:48:04 | INFO     | selector             | --------------------------------------------------
2026-08-04 20:48:04 | INFO     | selector             | Stage 1: Variance Threshold (threshold=0.01)
2026-08-04 20:48:04 | INFO     | selector             |   Input    : 78 features
2026-08-04 20:48:04 | INFO     | selector             |   Selected : 67
2026-08-04 20:48:04 | INFO     | selector             |   Removed  : 11
2026-08-04 20:48:04 | INFO     | selector             |     DROP  nateglinide                                   var=0.006765
2026-08-04 20:48:04 | INFO     | selector             |     DROP  chlorpropamide                                var=0.001117
2026-08-04 20:48:04 | INFO     | selector             |     DROP  tolbutamide                                   var=0.000299
2026-08-04 20:48:04 | INFO     | selector             |     DROP  acarbose                                      var=0.003171
2026-08-04 20:48:04 | INFO     | selector             |     DROP  miglitol                                      var=0.000472
2026-08-04 20:48:04 | INFO     | selector             |     DROP  tolazamide                                    var=0.000598
2026-08-04 20:48:04 | INFO     | selector             |     DROP  glyburide-metformin                           var=0.004796
2026-08-04 20:48:04 | INFO     | selector             |     DROP  glipizide-metformin                           var=0.000157
2026-08-04 20:48:04 | INFO     | selector             |     DROP  FE_polypharmacy                               var=0.000504
2026-08-04 20:48:04 | INFO     | selector             |     DROP  FE_med_coverage_ratio                         var=0.005305
2026-08-04 20:48:04 | INFO     | selector             |     DROP  FE_inpatient_x_polypharmacy                   var=0.000094
2026-08-04 20:48:04 | INFO     | selector             | --------------------------------------------------
2026-08-04 20:48:04 | INFO     | selector             | Stage 2: Correlation Filter (threshold=0.9)
2026-08-04 20:48:05 | INFO     | selector             |   Input    : 67
2026-08-04 20:48:05 | INFO     | selector             |   Selected : 53
2026-08-04 20:48:05 | INFO     | selector             |   Removed  : 14
2026-08-04 20:48:05 | INFO     | selector             |     DROP  num_lab_procedures                       r=0.9821 (kept: FE_total_clinical_contacts)
2026-08-04 20:48:05 | INFO     | selector             |     DROP  num_procedures                           r=0.9502 (kept: FE_procedure_density)
2026-08-04 20:48:05 | INFO     | selector             |     DROP  FE_n_active_ordinal_meds                 r=0.9936 (kept: FE_total_active_meds)
2026-08-04 20:48:05 | INFO     | selector             |     DROP  FE_n_med_changes                         r=0.9982 (kept: FE_any_med_changed)
2026-08-04 20:48:05 | INFO     | selector             |     DROP  FE_procedure_density                     r=0.9049 (kept: FE_no_procedures)
2026-08-04 20:48:05 | INFO     | selector             |     DROP  number_emergency                         r=0.9986 (kept: FE_has_prior_emergency)
2026-08-04 20:48:05 | INFO     | selector             |     DROP  number_inpatient                         r=0.973 (kept: FE_has_prior_inpatient)
2026-08-04 20:48:05 | INFO     | selector             |     DROP  FE_total_prior_contacts                  r=0.9633 (kept: FE_multi_channel_utilizer)
2026-08-04 20:48:05 | INFO     | selector             |     DROP  insulin                                  r=0.9406 (kept: FE_insulin_prescribed)
2026-08-04 20:48:05 | INFO     | selector             |     DROP  metformin                                r=0.9984 (kept: FE_metformin_prescribed)
2026-08-04 20:48:05 | INFO     | selector             |     DROP  diabetesMed                              r=1.0 (kept: FE_on_diabetes_med)
2026-08-04 20:48:05 | INFO     | selector             |     DROP  change                                   r=1.0 (kept: FE_med_regimen_changed)
2026-08-04 20:48:05 | INFO     | selector             |     DROP  FE_has_prior_emergency                   r=0.9977 (kept: FE_glycemic_x_emergency)
2026-08-04 20:48:05 | INFO     | selector             |     DROP  FE_high_comorbidity                      r=0.9553 (kept: FE_labs_per_day_x_comorbidity)
2026-08-04 20:48:05 | INFO     | selector             | --------------------------------------------------
2026-08-04 20:48:05 | INFO     | selector             | Stage 3: Mutual Information (drop bottom 20th percentile)
2026-08-04 20:48:21 | INFO     | selector             |   Input    : 53
2026-08-04 20:48:21 | INFO     | selector             |   MI threshold (P20) : 0.000522
2026-08-04 20:48:21 | INFO     | selector             |   Selected : 42
2026-08-04 20:48:21 | INFO     | selector             |   Removed  : 11
2026-08-04 20:48:21 | INFO     | selector             |   Top 10 MI scores:
2026-08-04 20:48:21 | INFO     | selector             |     FE_on_diabetes_med                            MI=0.012227
2026-08-04 20:48:21 | INFO     | selector             |     FE_has_prior_inpatient                        MI=0.011854
2026-08-04 20:48:21 | INFO     | selector             |     FE_insulin_prescribed                         MI=0.010541
2026-08-04 20:48:21 | INFO     | selector             |     race                                          MI=0.010317
2026-08-04 20:48:21 | INFO     | selector             |     weight_missing                                MI=0.010241
2026-08-04 20:48:21 | INFO     | selector             |     A1Cresult_missing                             MI=0.010201
2026-08-04 20:48:21 | INFO     | selector             |     FE_med_regimen_changed                        MI=0.009947
2026-08-04 20:48:21 | INFO     | selector             |     FE_high_prior_utilization                     MI=0.009294
2026-08-04 20:48:21 | INFO     | selector             |     gender                                        MI=0.008221
2026-08-04 20:48:21 | INFO     | selector             |     FE_multi_channel_utilizer                     MI=0.008043
2026-08-04 20:48:21 | INFO     | selector             | --------------------------------------------------
2026-08-04 20:48:21 | INFO     | selector             | Stage 4: Boruta Shadow Feature Selection (n_estimators=200, max_iter=50)
2026-08-04 20:48:38 | INFO     | selector             |   Boruta iter  10/50 — confirmed so far: 0
2026-08-04 20:48:54 | INFO     | selector             |   Boruta iter  20/50 — confirmed so far: 0
2026-08-04 20:49:11 | INFO     | selector             |   Boruta iter  30/50 — confirmed so far: 0
2026-08-04 20:49:28 | INFO     | selector             |   Boruta iter  40/50 — confirmed so far: 0
2026-08-04 20:49:44 | INFO     | selector             |   Boruta iter  50/50 — confirmed so far: 0
2026-08-04 20:49:44 | INFO     | selector             |   Input    : 42
2026-08-04 20:49:44 | INFO     | selector             |   Selected : 1 (confirmed)
2026-08-04 20:49:44 | INFO     | selector             |   Removed  : 41 (tentative/rejected)
2026-08-04 20:49:44 | INFO     | selector             |   Top 10 hit rates:
2026-08-04 20:49:44 | INFO     | selector             |     FE_high_prior_utilization                     hit_rate=0.74
2026-08-04 20:49:44 | INFO     | selector             |     FE_has_prior_inpatient                        hit_rate=0.24
2026-08-04 20:49:44 | INFO     | selector             |     FE_on_diabetes_med                            hit_rate=0.00
2026-08-04 20:49:44 | INFO     | selector             |     FE_insulin_prescribed                         hit_rate=0.00
2026-08-04 20:49:44 | INFO     | selector             |     race                                          hit_rate=0.00
2026-08-04 20:49:44 | INFO     | selector             |     weight_missing                                hit_rate=0.00
2026-08-04 20:49:44 | INFO     | selector             |     A1Cresult_missing                             hit_rate=0.00
2026-08-04 20:49:44 | INFO     | selector             |     FE_med_regimen_changed                        hit_rate=0.00
2026-08-04 20:49:44 | INFO     | selector             |     gender                                        hit_rate=0.00
2026-08-04 20:49:44 | INFO     | selector             |     FE_multi_channel_utilizer                     hit_rate=0.00
2026-08-04 20:49:44 | INFO     | selector             | --------------------------------------------------
2026-08-04 20:49:44 | INFO     | selector             | Stage 5: SHAP Importance (GBM, n_estimators=300)
2026-08-04 20:49:49 | INFO     | selector             |   Input    : 1
2026-08-04 20:49:49 | INFO     | selector             |   SHAP threshold (P20) : 0.303850
2026-08-04 20:49:49 | INFO     | selector             |   Selected : 1
2026-08-04 20:49:49 | INFO     | selector             |   Removed  : 0
2026-08-04 20:49:49 | INFO     | selector             |   Top 15 SHAP scores:
2026-08-04 20:49:49 | INFO     | selector             |     FE_high_prior_utilization                     SHAP=0.303850
2026-08-04 20:49:49 | INFO     | selector             | --------------------------------------------------
2026-08-04 20:49:49 | INFO     | selector             | Stage 6: Stability Selection (n_bootstrap=50, frac=0.75, threshold=0.6)
2026-08-04 20:50:08 | INFO     | selector             |   Input    : 1
2026-08-04 20:50:08 | INFO     | selector             |   Selected : 1 (stability >= 0.6)
2026-08-04 20:50:08 | INFO     | selector             |   Removed  : 0
2026-08-04 20:50:08 | INFO     | selector             |   Top 15 stability scores:
2026-08-04 20:50:08 | INFO     | selector             |     [✓] FE_high_prior_utilization                   stability=1.0000
2026-08-04 20:50:08 | INFO     | selector             | --------------------------------------------------
2026-08-04 20:50:08 | INFO     | selector             | Stage 7: Consensus Vote (min_stages=2)
2026-08-04 20:50:08 | INFO     | selector             |   Total features evaluated : 78
2026-08-04 20:50:08 | INFO     | selector             |   Selected (votes >= 2)   : 53
2026-08-04 20:50:08 | INFO     | selector             |   Removed                  : 25
2026-08-04 20:50:08 | INFO     | selector             |   Vote summary (top 20):
2026-08-04 20:50:08 | INFO     | selector             |     [✓] FE_high_prior_utilization                     votes=6/6
2026-08-04 20:50:08 | INFO     | selector             |     [✓] race                                          votes=3/6
2026-08-04 20:50:08 | INFO     | selector             |     [✓] gender                                        votes=3/6
2026-08-04 20:50:08 | INFO     | selector             |     [✓] age                                           votes=3/6
2026-08-04 20:50:08 | INFO     | selector             |     [✓] admission_type_id                             votes=3/6
2026-08-04 20:50:08 | INFO     | selector             |     [✓] discharge_disposition_id                      votes=3/6
2026-08-04 20:50:08 | INFO     | selector             |     [✓] admission_source_id                           votes=3/6
2026-08-04 20:50:08 | INFO     | selector             |     [✓] time_in_hospital                              votes=3/6
2026-08-04 20:50:08 | INFO     | selector             |     [✓] payer_code                                    votes=3/6
2026-08-04 20:50:08 | INFO     | selector             |     [✓] medical_specialty                             votes=3/6
2026-08-04 20:50:08 | INFO     | selector             |     [✓] num_medications                               votes=3/6
2026-08-04 20:50:08 | INFO     | selector             |     [✓] number_outpatient                             votes=3/6
2026-08-04 20:50:08 | INFO     | selector             |     [✓] diag_1                                        votes=3/6
2026-08-04 20:50:08 | INFO     | selector             |     [✓] diag_2                                        votes=3/6
2026-08-04 20:50:08 | INFO     | selector             |     [✓] number_diagnoses                              votes=3/6
2026-08-04 20:50:08 | INFO     | selector             |     [✓] weight_missing                                votes=3/6
2026-08-04 20:50:08 | INFO     | selector             |     [✓] max_glu_serum_missing                         votes=3/6
2026-08-04 20:50:08 | INFO     | selector             |     [✓] A1Cresult_missing                             votes=3/6
2026-08-04 20:50:08 | INFO     | selector             |     [✓] FE_total_clinical_contacts                    votes=3/6
2026-08-04 20:50:08 | INFO     | selector             |     [✓] FE_labs_per_day                               votes=3/6
2026-08-04 20:50:08 | INFO     | selector             |   feature_scores.csv saved -> C:\Users\sharg\Desktop\github\DriftSentinel\outputs\artifacts\feature_scores.csv
2026-08-04 20:50:08 | INFO     | selector             |   Selected feature breakdown:
2026-08-04 20:50:08 | INFO     | selector             |     FE_ features selected : 29
2026-08-04 20:50:08 | INFO     | selector             |     Raw features selected : 24
2026-08-04 20:50:08 | INFO     | selector             |   selected_features.json saved -> C:\Users\sharg\Desktop\github\DriftSentinel\outputs\artifacts\selected_features.json
2026-08-04 20:50:08 | INFO     | selector             |   selector_stage_results.json saved -> C:\Users\sharg\Desktop\github\DriftSentinel\outputs\artifacts\selector_stage_results.json
2026-08-04 20:50:08 | INFO     | selector             |   feature_selector.pkl saved -> C:\Users\sharg\Desktop\github\DriftSentinel\outputs\artifacts\feature_selector.pkl
2026-08-04 20:50:08 | INFO     | selector             | ======================================================================
2026-08-04 20:50:08 | INFO     | selector             | Selection complete — 53 features retained from 78 input features
2026-08-04 20:50:08 | INFO     | selector             | ======================================================================
2026-08-04 20:50:08 | INFO     | selector             | ======================================================================
2026-08-04 20:50:08 | INFO     | selector             | DriftSentinel — Feature Selector  [transform on TRAIN]
2026-08-04 20:50:08 | INFO     | selector             | ======================================================================
2026-08-04 20:50:08 | INFO     | selector             | Input  shape : (63492, 80)
2026-08-04 20:50:08 | INFO     | selector             | Output shape : (63492, 55)
2026-08-04 20:50:08 | INFO     | selector             | Features retained : 53
2026-08-04 20:50:08 | INFO     | selector             | Targets retained  : ['readmitted_binary', 'readmitted_multi']
2026-08-04 20:50:08 | INFO     | selector             | ======================================================================
2026-08-04 20:50:08 | INFO     | selector             | ======================================================================
2026-08-04 20:50:08 | INFO     | selector             | DriftSentinel — Feature Selector  [transform on VAL]
2026-08-04 20:50:08 | INFO     | selector             | ======================================================================
2026-08-04 20:50:08 | INFO     | selector             | Input  shape : (20949, 80)
2026-08-04 20:50:08 | INFO     | selector             | Output shape : (20949, 55)
2026-08-04 20:50:08 | INFO     | selector             | Features retained : 53
2026-08-04 20:50:08 | INFO     | selector             | Targets retained  : ['readmitted_binary', 'readmitted_multi']
2026-08-04 20:50:08 | INFO     | selector             | ======================================================================
2026-08-04 20:50:08 | INFO     | selector             | ======================================================================
2026-08-04 20:50:08 | INFO     | selector             | DriftSentinel — Feature Selector  [transform on TEST]
2026-08-04 20:50:08 | INFO     | selector             | ======================================================================
2026-08-04 20:50:08 | INFO     | selector             | Input  shape : (17325, 80)
2026-08-04 20:50:08 | INFO     | selector             | Output shape : (17325, 55)
2026-08-04 20:50:08 | INFO     | selector             | Features retained : 53
2026-08-04 20:50:08 | INFO     | selector             | Targets retained  : ['readmitted_binary', 'readmitted_multi']
2026-08-04 20:50:08 | INFO     | selector             | ======================================================================
2026-08-04 20:52:31 | INFO     | selector             | ===== RUN 20260804-205224-ef21e7 | pid=28748 | started 2026-08-04 20:52:31 =====
2026-08-04 20:52:31 | INFO     | selector             | --------------------------------------------------
2026-08-04 20:52:31 | INFO     | selector             | Stage 5: SHAP Importance (GBM, n_estimators=300)
2026-08-04 20:52:31 | WARNING  | selector             |   Stage 5 SKIPPED — Boruta confirmed 0 features, so there is nothing to rank. Contributing no votes.
2026-08-04 20:52:31 | INFO     | selector             | --------------------------------------------------
2026-08-04 20:52:31 | INFO     | selector             | Stage 6: Stability Selection (n_bootstrap=50, frac=0.75, threshold=0.6)
2026-08-04 20:52:31 | WARNING  | selector             |   Stage 6 SKIPPED — no candidates from stage 5. Contributing no votes.
2026-08-04 20:52:31 | INFO     | selector             | --------------------------------------------------
2026-08-04 20:52:31 | INFO     | selector             | Stage 5: SHAP Importance (GBM, n_estimators=300)
2026-08-04 20:52:32 | INFO     | selector             |   Input    : 1
2026-08-04 20:52:32 | INFO     | selector             |   SHAP threshold (P20) : 1.314825
2026-08-04 20:52:32 | INFO     | selector             |   Selected : 1
2026-08-04 20:52:32 | INFO     | selector             |   Removed  : 0
2026-08-04 20:52:32 | INFO     | selector             |   Top 15 SHAP scores:
2026-08-04 20:52:32 | INFO     | selector             |     a                                             SHAP=1.314825
2026-08-04 20:52:32 | INFO     | selector             | --------------------------------------------------
2026-08-04 20:52:32 | INFO     | selector             | Stage 6: Stability Selection (n_bootstrap=50, frac=0.75, threshold=0.6)
2026-08-04 20:52:41 | INFO     | selector             |   Input    : 1
2026-08-04 20:52:41 | INFO     | selector             |   Selected : 1 (stability >= 0.6)
2026-08-04 20:52:41 | INFO     | selector             |   Removed  : 0
2026-08-04 20:52:41 | INFO     | selector             |   Top 15 stability scores:
2026-08-04 20:52:41 | INFO     | selector             |     [✓] a                                           stability=1.0000
2026-08-04 21:08:46 | INFO     | selector             | ===== RUN 20260804-210841-a57669 | pid=27220 | started 2026-08-04 21:08:46 =====
2026-08-04 21:08:46 | INFO     | selector             | ======================================================================
2026-08-04 21:08:46 | INFO     | selector             | DriftSentinel — Feature Selector  [fit on TRAIN]
2026-08-04 21:08:46 | INFO     | selector             | ======================================================================
2026-08-04 21:08:46 | INFO     | selector             | Input shape : (63492, 80)
2026-08-04 21:08:46 | INFO     | selector             | Feature matrix : 63,492 rows x 78 features
2026-08-04 21:08:46 | INFO     | selector             | Target (binary): {0: 55875, 1: 7617}
2026-08-04 21:08:46 | INFO     | selector             | --------------------------------------------------
2026-08-04 21:08:46 | INFO     | selector             | Stage 1: Variance Threshold (threshold=0.01)
2026-08-04 21:08:46 | INFO     | selector             |   Input    : 78 features
2026-08-04 21:08:46 | INFO     | selector             |   Selected : 67
2026-08-04 21:08:46 | INFO     | selector             |   Removed  : 11
2026-08-04 21:08:46 | INFO     | selector             |     DROP  nateglinide                                   var=0.006765
2026-08-04 21:08:46 | INFO     | selector             |     DROP  chlorpropamide                                var=0.001117
2026-08-04 21:08:46 | INFO     | selector             |     DROP  tolbutamide                                   var=0.000299
2026-08-04 21:08:46 | INFO     | selector             |     DROP  acarbose                                      var=0.003171
2026-08-04 21:08:46 | INFO     | selector             |     DROP  miglitol                                      var=0.000472
2026-08-04 21:08:46 | INFO     | selector             |     DROP  tolazamide                                    var=0.000598
2026-08-04 21:08:46 | INFO     | selector             |     DROP  glyburide-metformin                           var=0.004796
2026-08-04 21:08:46 | INFO     | selector             |     DROP  glipizide-metformin                           var=0.000157
2026-08-04 21:08:46 | INFO     | selector             |     DROP  FE_polypharmacy                               var=0.000504
2026-08-04 21:08:46 | INFO     | selector             |     DROP  FE_med_coverage_ratio                         var=0.005305
2026-08-04 21:08:46 | INFO     | selector             |     DROP  FE_inpatient_x_polypharmacy                   var=0.000094
2026-08-04 21:08:46 | INFO     | selector             | --------------------------------------------------
2026-08-04 21:08:46 | INFO     | selector             | Stage 2: Correlation Filter (threshold=0.9)
2026-08-04 21:08:47 | INFO     | selector             |   Input    : 67
2026-08-04 21:08:47 | INFO     | selector             |   Selected : 53
2026-08-04 21:08:47 | INFO     | selector             |   Removed  : 14
2026-08-04 21:08:47 | INFO     | selector             |     DROP  num_lab_procedures                       r=0.9821 (kept: FE_total_clinical_contacts)
2026-08-04 21:08:47 | INFO     | selector             |     DROP  num_procedures                           r=0.9502 (kept: FE_procedure_density)
2026-08-04 21:08:47 | INFO     | selector             |     DROP  FE_n_active_ordinal_meds                 r=0.9936 (kept: FE_total_active_meds)
2026-08-04 21:08:47 | INFO     | selector             |     DROP  FE_n_med_changes                         r=0.9982 (kept: FE_any_med_changed)
2026-08-04 21:08:47 | INFO     | selector             |     DROP  FE_procedure_density                     r=0.9049 (kept: FE_no_procedures)
2026-08-04 21:08:47 | INFO     | selector             |     DROP  number_emergency                         r=0.9986 (kept: FE_has_prior_emergency)
2026-08-04 21:08:47 | INFO     | selector             |     DROP  number_inpatient                         r=0.973 (kept: FE_has_prior_inpatient)
2026-08-04 21:08:47 | INFO     | selector             |     DROP  FE_total_prior_contacts                  r=0.9633 (kept: FE_multi_channel_utilizer)
2026-08-04 21:08:47 | INFO     | selector             |     DROP  insulin                                  r=0.9406 (kept: FE_insulin_prescribed)
2026-08-04 21:08:47 | INFO     | selector             |     DROP  metformin                                r=0.9984 (kept: FE_metformin_prescribed)
2026-08-04 21:08:47 | INFO     | selector             |     DROP  diabetesMed                              r=1.0 (kept: FE_on_diabetes_med)
2026-08-04 21:08:47 | INFO     | selector             |     DROP  change                                   r=1.0 (kept: FE_med_regimen_changed)
2026-08-04 21:08:47 | INFO     | selector             |     DROP  FE_has_prior_emergency                   r=0.9977 (kept: FE_glycemic_x_emergency)
2026-08-04 21:08:47 | INFO     | selector             |     DROP  FE_high_comorbidity                      r=0.9553 (kept: FE_labs_per_day_x_comorbidity)
2026-08-04 21:08:47 | INFO     | selector             | --------------------------------------------------
2026-08-04 21:08:47 | INFO     | selector             | Stage 3: Mutual Information (drop bottom 20th percentile)
2026-08-04 21:09:04 | INFO     | selector             |   Input    : 53
2026-08-04 21:09:04 | INFO     | selector             |   MI threshold (P20) : 0.000522
2026-08-04 21:09:04 | INFO     | selector             |   Selected : 42
2026-08-04 21:09:04 | INFO     | selector             |   Removed  : 11
2026-08-04 21:09:04 | INFO     | selector             |   Top 10 MI scores:
2026-08-04 21:09:04 | INFO     | selector             |     FE_on_diabetes_med                            MI=0.012227
2026-08-04 21:09:04 | INFO     | selector             |     FE_has_prior_inpatient                        MI=0.011854
2026-08-04 21:09:04 | INFO     | selector             |     FE_insulin_prescribed                         MI=0.010541
2026-08-04 21:09:04 | INFO     | selector             |     race                                          MI=0.010317
2026-08-04 21:09:04 | INFO     | selector             |     weight_missing                                MI=0.010241
2026-08-04 21:09:04 | INFO     | selector             |     A1Cresult_missing                             MI=0.010201
2026-08-04 21:09:04 | INFO     | selector             |     FE_med_regimen_changed                        MI=0.009947
2026-08-04 21:09:04 | INFO     | selector             |     FE_high_prior_utilization                     MI=0.009294
2026-08-04 21:09:04 | INFO     | selector             |     gender                                        MI=0.008221
2026-08-04 21:09:04 | INFO     | selector             |     FE_multi_channel_utilizer                     MI=0.008043
2026-08-04 21:09:04 | INFO     | selector             | --------------------------------------------------
2026-08-04 21:09:04 | INFO     | selector             | Stage 4: Boruta Shadow Feature Selection (n_estimators=200, max_iter=50)
2026-08-04 21:09:21 | INFO     | selector             |   Boruta iter  10/50 — confirmed so far: 0
2026-08-04 21:09:38 | INFO     | selector             |   Boruta iter  20/50 — confirmed so far: 0
2026-08-04 21:09:54 | INFO     | selector             |   Boruta iter  30/50 — confirmed so far: 0
2026-08-04 21:10:11 | INFO     | selector             |   Boruta iter  40/50 — confirmed so far: 0
2026-08-04 21:10:28 | INFO     | selector             |   Boruta iter  50/50 — confirmed so far: 0
2026-08-04 21:10:28 | INFO     | selector             |   Input    : 42
2026-08-04 21:10:28 | INFO     | selector             |   Selected : 1 (confirmed)
2026-08-04 21:10:28 | INFO     | selector             |   Removed  : 41 (tentative/rejected)
2026-08-04 21:10:28 | INFO     | selector             |   Top 10 hit rates:
2026-08-04 21:10:28 | INFO     | selector             |     FE_high_prior_utilization                     hit_rate=0.74
2026-08-04 21:10:28 | INFO     | selector             |     FE_has_prior_inpatient                        hit_rate=0.24
2026-08-04 21:10:28 | INFO     | selector             |     FE_on_diabetes_med                            hit_rate=0.00
2026-08-04 21:10:28 | INFO     | selector             |     FE_insulin_prescribed                         hit_rate=0.00
2026-08-04 21:10:28 | INFO     | selector             |     race                                          hit_rate=0.00
2026-08-04 21:10:28 | INFO     | selector             |     weight_missing                                hit_rate=0.00
2026-08-04 21:10:28 | INFO     | selector             |     A1Cresult_missing                             hit_rate=0.00
2026-08-04 21:10:28 | INFO     | selector             |     FE_med_regimen_changed                        hit_rate=0.00
2026-08-04 21:10:28 | INFO     | selector             |     gender                                        hit_rate=0.00
2026-08-04 21:10:28 | INFO     | selector             |     FE_multi_channel_utilizer                     hit_rate=0.00
2026-08-04 21:10:28 | INFO     | selector             | --------------------------------------------------
2026-08-04 21:10:28 | INFO     | selector             | Stage 5: SHAP Importance (GBM, n_estimators=300)
2026-08-04 21:10:34 | INFO     | selector             |   Input    : 1
2026-08-04 21:10:34 | INFO     | selector             |   SHAP threshold (P20) : 0.303850
2026-08-04 21:10:34 | INFO     | selector             |   Selected : 1
2026-08-04 21:10:34 | INFO     | selector             |   Removed  : 0
2026-08-04 21:10:34 | INFO     | selector             |   Top 15 SHAP scores:
2026-08-04 21:10:34 | INFO     | selector             |     FE_high_prior_utilization                     SHAP=0.303850
2026-08-04 21:10:34 | INFO     | selector             | --------------------------------------------------
2026-08-04 21:10:34 | INFO     | selector             | Stage 6: Stability Selection (n_bootstrap=50, frac=0.75, threshold=0.6)
2026-08-04 21:10:50 | INFO     | selector             |   Input    : 1
2026-08-04 21:10:50 | INFO     | selector             |   Selected : 1 (stability >= 0.6)
2026-08-04 21:10:50 | INFO     | selector             |   Removed  : 0
2026-08-04 21:10:50 | INFO     | selector             |   Top 15 stability scores:
2026-08-04 21:10:50 | INFO     | selector             |     [✓] FE_high_prior_utilization                   stability=1.0000
2026-08-04 21:10:50 | INFO     | selector             | --------------------------------------------------
2026-08-04 21:10:50 | INFO     | selector             | Stage 7: Consensus Vote (min_stages=2)
2026-08-04 21:10:50 | INFO     | selector             |   Total features evaluated : 78
2026-08-04 21:10:50 | INFO     | selector             |   Selected (votes >= 2)   : 53
2026-08-04 21:10:50 | INFO     | selector             |   Removed                  : 25
2026-08-04 21:10:50 | INFO     | selector             |   Vote summary (top 20):
2026-08-04 21:10:50 | INFO     | selector             |     [✓] FE_high_prior_utilization                     votes=6/6
2026-08-04 21:10:50 | INFO     | selector             |     [✓] race                                          votes=3/6
2026-08-04 21:10:50 | INFO     | selector             |     [✓] gender                                        votes=3/6
2026-08-04 21:10:50 | INFO     | selector             |     [✓] age                                           votes=3/6
2026-08-04 21:10:50 | INFO     | selector             |     [✓] admission_type_id                             votes=3/6
2026-08-04 21:10:50 | INFO     | selector             |     [✓] discharge_disposition_id                      votes=3/6
2026-08-04 21:10:50 | INFO     | selector             |     [✓] admission_source_id                           votes=3/6
2026-08-04 21:10:50 | INFO     | selector             |     [✓] time_in_hospital                              votes=3/6
2026-08-04 21:10:50 | INFO     | selector             |     [✓] payer_code                                    votes=3/6
2026-08-04 21:10:50 | INFO     | selector             |     [✓] medical_specialty                             votes=3/6
2026-08-04 21:10:50 | INFO     | selector             |     [✓] num_medications                               votes=3/6
2026-08-04 21:10:50 | INFO     | selector             |     [✓] number_outpatient                             votes=3/6
2026-08-04 21:10:50 | INFO     | selector             |     [✓] diag_1                                        votes=3/6
2026-08-04 21:10:50 | INFO     | selector             |     [✓] diag_2                                        votes=3/6
2026-08-04 21:10:50 | INFO     | selector             |     [✓] number_diagnoses                              votes=3/6
2026-08-04 21:10:50 | INFO     | selector             |     [✓] weight_missing                                votes=3/6
2026-08-04 21:10:50 | INFO     | selector             |     [✓] max_glu_serum_missing                         votes=3/6
2026-08-04 21:10:50 | INFO     | selector             |     [✓] A1Cresult_missing                             votes=3/6
2026-08-04 21:10:50 | INFO     | selector             |     [✓] FE_total_clinical_contacts                    votes=3/6
2026-08-04 21:10:50 | INFO     | selector             |     [✓] FE_labs_per_day                               votes=3/6
2026-08-04 21:10:50 | INFO     | selector             |   feature_scores.csv saved -> C:\Users\sharg\Desktop\github\DriftSentinel\outputs\artifacts\feature_scores.csv
2026-08-04 21:10:50 | INFO     | selector             |   Selected feature breakdown:
2026-08-04 21:10:50 | INFO     | selector             |     FE_ features selected : 29
2026-08-04 21:10:50 | INFO     | selector             |     Raw features selected : 24
2026-08-04 21:10:50 | INFO     | selector             |   selected_features.json saved -> C:\Users\sharg\Desktop\github\DriftSentinel\outputs\artifacts\selected_features.json
2026-08-04 21:10:50 | INFO     | selector             |   selector_stage_results.json saved -> C:\Users\sharg\Desktop\github\DriftSentinel\outputs\artifacts\selector_stage_results.json
2026-08-04 21:10:50 | INFO     | selector             |   feature_selector.pkl saved -> C:\Users\sharg\Desktop\github\DriftSentinel\outputs\artifacts\feature_selector.pkl
2026-08-04 21:10:50 | INFO     | selector             | ======================================================================
2026-08-04 21:10:50 | INFO     | selector             | Selection complete — 53 features retained from 78 input features
2026-08-04 21:10:50 | INFO     | selector             | ======================================================================
2026-08-04 21:10:50 | INFO     | selector             | ======================================================================
2026-08-04 21:10:50 | INFO     | selector             | DriftSentinel — Feature Selector  [transform on TRAIN]
2026-08-04 21:10:50 | INFO     | selector             | ======================================================================
2026-08-04 21:10:50 | INFO     | selector             | Input  shape : (63492, 80)
2026-08-04 21:10:50 | INFO     | selector             | Output shape : (63492, 55)
2026-08-04 21:10:50 | INFO     | selector             | Features retained : 53
2026-08-04 21:10:50 | INFO     | selector             | Targets retained  : ['readmitted_binary', 'readmitted_multi']
2026-08-04 21:10:50 | INFO     | selector             | ======================================================================
2026-08-04 21:10:50 | INFO     | selector             | ======================================================================
2026-08-04 21:10:50 | INFO     | selector             | DriftSentinel — Feature Selector  [transform on VAL]
2026-08-04 21:10:50 | INFO     | selector             | ======================================================================
2026-08-04 21:10:50 | INFO     | selector             | Input  shape : (20949, 80)
2026-08-04 21:10:50 | INFO     | selector             | Output shape : (20949, 55)
2026-08-04 21:10:50 | INFO     | selector             | Features retained : 53
2026-08-04 21:10:50 | INFO     | selector             | Targets retained  : ['readmitted_binary', 'readmitted_multi']
2026-08-04 21:10:50 | INFO     | selector             | ======================================================================
2026-08-04 21:10:50 | INFO     | selector             | ======================================================================
2026-08-04 21:10:50 | INFO     | selector             | DriftSentinel — Feature Selector  [transform on TEST]
2026-08-04 21:10:50 | INFO     | selector             | ======================================================================
2026-08-04 21:10:50 | INFO     | selector             | Input  shape : (17325, 80)
2026-08-04 21:10:50 | INFO     | selector             | Output shape : (17325, 55)
2026-08-04 21:10:50 | INFO     | selector             | Features retained : 53
2026-08-04 21:10:50 | INFO     | selector             | Targets retained  : ['readmitted_binary', 'readmitted_multi']
2026-08-04 21:10:50 | INFO     | selector             | ======================================================================
2026-08-04 21:14:43 | INFO     | selector             | ===== RUN 20260804-211438-8199a9 | pid=2424 | started 2026-08-04 21:14:43 =====
2026-08-04 21:14:43 | INFO     | selector             | --------------------------------------------------
2026-08-04 21:14:43 | INFO     | selector             | Stage 5: SHAP Importance (GBM, n_estimators=300)
2026-08-04 21:14:43 | WARNING  | selector             |   Stage 5 SKIPPED — Boruta confirmed 0 features, so there is nothing to rank. Contributing no votes.
2026-08-04 21:14:43 | INFO     | selector             | --------------------------------------------------
2026-08-04 21:14:43 | INFO     | selector             | Stage 6: Stability Selection (n_bootstrap=50, frac=0.75, threshold=0.6)
2026-08-04 21:14:43 | WARNING  | selector             |   Stage 6 SKIPPED — no candidates from stage 5. Contributing no votes.
2026-08-04 21:14:43 | INFO     | selector             | --------------------------------------------------
2026-08-04 21:14:43 | INFO     | selector             | Stage 5: SHAP Importance (GBM, n_estimators=300)
2026-08-04 21:14:43 | INFO     | selector             |   Input    : 1
2026-08-04 21:14:43 | INFO     | selector             |   SHAP threshold (P20) : 1.314825
2026-08-04 21:14:43 | INFO     | selector             |   Selected : 1
2026-08-04 21:14:43 | INFO     | selector             |   Removed  : 0
2026-08-04 21:14:43 | INFO     | selector             |   Top 15 SHAP scores:
2026-08-04 21:14:43 | INFO     | selector             |     a                                             SHAP=1.314825
2026-08-04 21:14:43 | INFO     | selector             | --------------------------------------------------
2026-08-04 21:14:43 | INFO     | selector             | Stage 6: Stability Selection (n_bootstrap=50, frac=0.75, threshold=0.6)
2026-08-04 21:14:53 | INFO     | selector             |   Input    : 1
2026-08-04 21:14:53 | INFO     | selector             |   Selected : 1 (stability >= 0.6)
2026-08-04 21:14:53 | INFO     | selector             |   Removed  : 0
2026-08-04 21:14:53 | INFO     | selector             |   Top 15 stability scores:
2026-08-04 21:14:53 | INFO     | selector             |     [✓] a                                           stability=1.0000
2026-08-04 21:15:37 | INFO     | selector             | ===== RUN 20260804-211530-0b485d | pid=28236 | started 2026-08-04 21:15:37 =====
2026-08-04 21:15:37 | INFO     | selector             | --------------------------------------------------
2026-08-04 21:15:37 | INFO     | selector             | Stage 5: SHAP Importance (GBM, n_estimators=300)
2026-08-04 21:15:37 | WARNING  | selector             |   Stage 5 SKIPPED — Boruta confirmed 0 features, so there is nothing to rank. Contributing no votes.
2026-08-04 21:15:37 | INFO     | selector             | --------------------------------------------------
2026-08-04 21:15:37 | INFO     | selector             | Stage 6: Stability Selection (n_bootstrap=50, frac=0.75, threshold=0.6)
2026-08-04 21:15:37 | WARNING  | selector             |   Stage 6 SKIPPED — no candidates from stage 5. Contributing no votes.
2026-08-04 21:15:37 | INFO     | selector             | --------------------------------------------------
2026-08-04 21:15:37 | INFO     | selector             | Stage 5: SHAP Importance (GBM, n_estimators=300)
2026-08-04 21:15:38 | INFO     | selector             |   Input    : 1
2026-08-04 21:15:38 | INFO     | selector             |   SHAP threshold (P20) : 1.314825
2026-08-04 21:15:38 | INFO     | selector             |   Selected : 1
2026-08-04 21:15:38 | INFO     | selector             |   Removed  : 0
2026-08-04 21:15:38 | INFO     | selector             |   Top 15 SHAP scores:
2026-08-04 21:15:38 | INFO     | selector             |     a                                             SHAP=1.314825
2026-08-04 21:15:38 | INFO     | selector             | --------------------------------------------------
2026-08-04 21:15:38 | INFO     | selector             | Stage 6: Stability Selection (n_bootstrap=50, frac=0.75, threshold=0.6)
2026-08-04 21:15:47 | INFO     | selector             |   Input    : 1
2026-08-04 21:15:47 | INFO     | selector             |   Selected : 1 (stability >= 0.6)
2026-08-04 21:15:47 | INFO     | selector             |   Removed  : 0
2026-08-04 21:15:47 | INFO     | selector             |   Top 15 stability scores:
2026-08-04 21:15:47 | INFO     | selector             |     [✓] a                                           stability=1.0000
2026-08-04 21:17:01 | INFO     | selector             | ===== RUN 20260804-211654-b09dad | pid=7300 | started 2026-08-04 21:17:01 =====
2026-08-04 21:17:01 | INFO     | selector             | --------------------------------------------------
2026-08-04 21:17:01 | INFO     | selector             | Stage 5: SHAP Importance (GBM, n_estimators=300)
2026-08-04 21:17:01 | WARNING  | selector             |   Stage 5 SKIPPED — Boruta confirmed 0 features, so there is nothing to rank. Contributing no votes.
2026-08-04 21:17:01 | INFO     | selector             | --------------------------------------------------
2026-08-04 21:17:01 | INFO     | selector             | Stage 6: Stability Selection (n_bootstrap=50, frac=0.75, threshold=0.6)
2026-08-04 21:17:01 | WARNING  | selector             |   Stage 6 SKIPPED — no candidates from stage 5. Contributing no votes.
2026-08-04 21:17:01 | INFO     | selector             | --------------------------------------------------
2026-08-04 21:17:01 | INFO     | selector             | Stage 5: SHAP Importance (GBM, n_estimators=300)
2026-08-04 21:17:01 | INFO     | selector             |   Input    : 1
2026-08-04 21:17:01 | INFO     | selector             |   SHAP threshold (P20) : 1.314825
2026-08-04 21:17:01 | INFO     | selector             |   Selected : 1
2026-08-04 21:17:01 | INFO     | selector             |   Removed  : 0
2026-08-04 21:17:01 | INFO     | selector             |   Top 15 SHAP scores:
2026-08-04 21:17:01 | INFO     | selector             |     a                                             SHAP=1.314825
2026-08-04 21:17:01 | INFO     | selector             | --------------------------------------------------
2026-08-04 21:17:01 | INFO     | selector             | Stage 6: Stability Selection (n_bootstrap=50, frac=0.75, threshold=0.6)
2026-08-04 21:17:18 | INFO     | selector             |   Input    : 1
2026-08-04 21:17:18 | INFO     | selector             |   Selected : 1 (stability >= 0.6)
2026-08-04 21:17:18 | INFO     | selector             |   Removed  : 0
2026-08-04 21:17:18 | INFO     | selector             |   Top 15 stability scores:
2026-08-04 21:17:18 | INFO     | selector             |     [✓] a                                           stability=1.0000
